warning: unused import: `TagKey`
 --> crates/ironsmith-compiler-ast/src/parse_types.rs:4:35
  |
4 | use ironsmith_core::{ChoiceCount, TagKey, Value};
  |                                   ^^^^^^
  |
  = note: `#[warn(unused_imports)]` on by default

warning: `ironsmith-compiler-ast` (lib) generated 1 warning (run `cargo fix --lib -p ironsmith-compiler-ast` to apply 1 suggestion)
warning: unused import: `crate::tag::TagRef`
  --> crates/ironsmith-compiler-semantic/src/model_impl/ast.rs:13:5
   |
13 | use crate::tag::TagRef;
   |     ^^^^^^^^^^^^^^^^^^
   |
   = note: `#[warn(unused_imports)]` on by default

warning: unused import: `crate::zone::Zone`
  --> crates/ironsmith-compiler-semantic/src/model_impl/ast/queries.rs:15:5
   |
15 | use crate::zone::Zone;
   |     ^^^^^^^^^^^^^^^^^

warning: unused import: `SerializeMap`
   --> crates/ironsmith-artifact-effect-decoder/src/lib.rs:529:39
    |
529 |     use serde::ser::{self, Serialize, SerializeMap as _, Serializer as _};
    |                                       ^^^^^^^^^^^^
    |
    = note: `#[warn(unused_imports)]` on by default

warning: unused import: `Serializer`
   --> crates/ironsmith-artifact-effect-decoder/src/lib.rs:529:58
    |
529 |     use serde::ser::{self, Serialize, SerializeMap as _, Serializer as _};
    |                                                          ^^^^^^^^^^

warning: `ironsmith-compiler-semantic` (lib) generated 2 warnings (run `cargo fix --lib -p ironsmith-compiler-semantic` to apply 2 suggestions)
warning: `ironsmith-artifact-effect-decoder` (lib) generated 2 warnings
    Checking ironsmith-compiler-grammar v0.1.0 (/Users/chiplis/ironsmith-cf8-int/crates/ironsmith-compiler-grammar)
warning: unused import: `pay_mana_cost_with_choices_in_context`
  --> crates/ironsmith-engine/src/costs/mod.rs:66:5
   |
66 |     pay_mana_cost_with_choices_in_context,
   |     ^^^^^^^^^^^^^^^^^^^^^^^^^^^^^^^^^^^^^
   |
   = note: `#[warn(unused_imports)]` on by default

warning: unused imports: `CardType` and `Subtype`
  --> crates/ironsmith-engine/src/effect.rs:35:20
   |
35 | use crate::types::{CardType, Subtype};
   |                    ^^^^^^^^  ^^^^^^^

warning: unused import: `context::ViewCardsContext`
 --> crates/ironsmith-engine/src/effects/cards/clash.rs:8:42
  |
8 |     ChoiceSpec, DisplayOption, ScrySpec, context::ViewCardsContext, make_decision,
  |                                          ^^^^^^^^^^^^^^^^^^^^^^^^^

warning: unused import: `CardRevealedEvent`
  --> crates/ironsmith-engine/src/effects/cards/clash.rs:13:21
   |
13 | use crate::events::{CardRevealedEvent, KeywordActionEvent, KeywordActionKind};
   |                     ^^^^^^^^^^^^^^^^^

warning: unused import: `crate::zone::Zone`
  --> crates/ironsmith-engine/src/effects/cards/clash.rs:18:5
   |
18 | use crate::zone::Zone;
   |     ^^^^^^^^^^^^^^^^^

warning: unused import: `ObjectSnapshot`
 --> crates/ironsmith-engine/src/effects/cards/discard_hand.rs:3:36
  |
3 | use crate::effect::{EffectOutcome, ObjectSnapshot};
  |                                    ^^^^^^^^^^^^^^

warning: unused import: `crate::effects::zones::apply_zone_change_with_context_and_additional_effects`
 --> crates/ironsmith-engine/src/effects/cards/exile_top.rs:8:5
  |
8 | use crate::effects::zones::apply_zone_change_with_context_and_additional_effects;
  |     ^^^^^^^^^^^^^^^^^^^^^^^^^^^^^^^^^^^^^^^^^^^^^^^^^^^^^^^^^^^^^^^^^^^^^^^^^^^^

warning: unused import: `crate::effects::zones::apply_zone_change_with_context_and_additional_effects`
  --> crates/ironsmith-engine/src/effects/cards/imprint.rs:12:5
   |
12 | use crate::effects::zones::apply_zone_change_with_context_and_additional_effects;
   |     ^^^^^^^^^^^^^^^^^^^^^^^^^^^^^^^^^^^^^^^^^^^^^^^^^^^^^^^^^^^^^^^^^^^^^^^^^^^^

warning: unused imports: `TraitEventResult` and `process_trait_event_with_execution_context`
 --> crates/ironsmith-engine/src/effects/cards/learn.rs:8:33
  |
8 | use crate::events::processing::{TraitEventResult, process_trait_event_with_execution_context};
  |                                 ^^^^^^^^^^^^^^^^  ^^^^^^^^^^^^^^^^^^^^^^^^^^^^^^^^^^^^^^^^^^

warning: unused import: `view_hidden_candidate_objects`
 --> crates/ironsmith-engine/src/effects/cards/look_at_hand.rs:7:58
  |
7 | use crate::effects::helpers::{resolve_players_from_spec, view_hidden_candidate_objects};
  |                                                          ^^^^^^^^^^^^^^^^^^^^^^^^^^^^^

warning: unused import: `crate::decisions::context::ViewCardsContext`
 --> crates/ironsmith-engine/src/effects/cards/look_at_top.rs:3:5
  |
3 | use crate::decisions::context::ViewCardsContext;
  |     ^^^^^^^^^^^^^^^^^^^^^^^^^^^^^^^^^^^^^^^^^^^

warning: unused import: `crate::effects::zones::apply_zone_change_with_additional_effects`
 --> crates/ironsmith-engine/src/effects/cards/mill.rs:5:5
  |
5 | use crate::effects::zones::apply_zone_change_with_additional_effects;
  |     ^^^^^^^^^^^^^^^^^^^^^^^^^^^^^^^^^^^^^^^^^^^^^^^^^^^^^^^^^^^^^^^^

warning: unused import: `crate::effects::zones::apply_zone_change_with_context_and_additional_effects`
 --> crates/ironsmith-engine/src/effects/cards/mill.rs:6:5
  |
6 | use crate::effects::zones::apply_zone_change_with_context_and_additional_effects;
  |     ^^^^^^^^^^^^^^^^^^^^^^^^^^^^^^^^^^^^^^^^^^^^^^^^^^^^^^^^^^^^^^^^^^^^^^^^^^^^

warning: unused import: `SimultaneousEffectCompletion`
 --> crates/ironsmith-engine/src/effects/cards/mill.rs:8:93
  |
8 |     CompletedEffectOutputs, CostExecutableEffect, EffectExecutor, SimultaneousEffectCommit, SimultaneousEffectCompletion,
  |                                                                                             ^^^^^^^^^^^^^^^^^^^^^^^^^^^^

warning: unused import: `ViewCardsContext`
 --> crates/ironsmith-engine/src/effects/cards/reveal_from_hand.rs:4:56
  |
4 | use crate::decisions::context::{SelectionRevealPolicy, ViewCardsContext};
  |                                                        ^^^^^^^^^^^^^^^^

warning: unused import: `crate::tag::TagKey`
  --> crates/ironsmith-engine/src/effects/cards/reveal_from_hand.rs:13:5
   |
13 | use crate::tag::TagKey;
   |     ^^^^^^^^^^^^^^^^^^

warning: unused import: `crate::events::ShuffleLibraryEvent`
 --> crates/ironsmith-engine/src/effects/cards/shuffle_hand_and_graveyard_into_library.rs:7:5
  |
7 | use crate::events::ShuffleLibraryEvent;
  |     ^^^^^^^^^^^^^^^^^^^^^^^^^^^^^^^^^^

warning: unused import: `crate::triggers::TriggerEvent`
  --> crates/ironsmith-engine/src/effects/cards/shuffle_hand_and_graveyard_into_library.rs:10:5
   |
10 | use crate::triggers::TriggerEvent;
   |     ^^^^^^^^^^^^^^^^^^^^^^^^^^^^^

warning: unused import: `crate::zone::Zone`
  --> crates/ironsmith-engine/src/effects/cards/shuffle_hand_and_graveyard_into_library.rs:11:5
   |
11 | use crate::zone::Zone;
   |     ^^^^^^^^^^^^^^^^^

warning: unused import: `reveal_objects`
  --> crates/ironsmith-engine/src/effects/cards/mod.rs:84:52
   |
84 |     public_reveal_observation, public_reveal_view, reveal_objects, reveal_objects_with_outputs,
   |                                                    ^^^^^^^^^^^^^^

warning: unused import: `execute_library_instruction_atomically`
  --> crates/ironsmith-engine/src/effects/cards/mod.rs:94:5
   |
94 |     execute_library_instruction_atomically, order_library_cards_top_to_bottom,
   |     ^^^^^^^^^^^^^^^^^^^^^^^^^^^^^^^^^^^^^^

warning: unused import: `look_at_cards`
  --> crates/ironsmith-engine/src/effects/cards/mod.rs:96:23
   |
96 | pub(crate) use look::{look_at_cards, look_at_cards_with_outputs};
   |                       ^^^^^^^^^^^^^

warning: unused import: `shuffle_library`
  --> crates/ironsmith-engine/src/effects/cards/mod.rs:99:29
   |
99 |     commit_library_shuffle, shuffle_library, shuffle_library_action, shuffle_library_with_outputs,
   |                             ^^^^^^^^^^^^^^^

warning: unused import: `Effect`
 --> crates/ironsmith-engine/src/effects/combat/fight.rs:3:21
  |
3 | use crate::effect::{Effect, EffectOutcome};
  |                     ^^^^^^

warning: unused import: `OutcomeValue`
 --> crates/ironsmith-engine/src/effects/composition/mechanic_actions.rs:8:72
  |
8 | use crate::effect::{ChoiceCount, Effect, EffectOutcome, ExecutionFact, OutcomeValue, Until};
  |                                                                        ^^^^^^^^^^^^

warning: unused import: `crate::effects::zones::apply_zone_change`
  --> crates/ironsmith-engine/src/effects/composition/mechanic_actions.rs:16:5
   |
16 | use crate::effects::zones::apply_zone_change;
   |     ^^^^^^^^^^^^^^^^^^^^^^^^^^^^^^^^^^^^^^^^

warning: unused import: `move_to_battlefield_batch_with_options`
  --> crates/ironsmith-engine/src/effects/composition/mechanic_actions.rs:19:55
   |
19 |     BattlefieldEntryOptions, BattlefieldEntryOutcome, move_to_battlefield_batch_with_options,
   |                                                       ^^^^^^^^^^^^^^^^^^^^^^^^^^^^^^^^^^^^^^

warning: unused import: `crate::events::permanents::SacrificeEvent`
  --> crates/ironsmith-engine/src/effects/composition/mechanic_actions.rs:24:5
   |
24 | use crate::events::permanents::SacrificeEvent;
   |     ^^^^^^^^^^^^^^^^^^^^^^^^^^^^^^^^^^^^^^^^^

warning: unused imports: `TraitEventResult` and `process_trait_event_with_execution_context`
  --> crates/ironsmith-engine/src/effects/composition/mechanic_actions.rs:26:19
   |
26 |     EventOutcome, TraitEventResult, process_trait_event_with_execution_context,
   |                   ^^^^^^^^^^^^^^^^  ^^^^^^^^^^^^^^^^^^^^^^^^^^^^^^^^^^^^^^^^^^

warning: unused import: `crate::events::zones::ZoneChangeEvent`
  --> crates/ironsmith-engine/src/effects/composition/mechanic_actions.rs:28:5
   |
28 | use crate::events::zones::ZoneChangeEvent;
   |     ^^^^^^^^^^^^^^^^^^^^^^^^^^^^^^^^^^^^^

warning: unused import: `CardRevealedEvent`
  --> crates/ironsmith-engine/src/effects/composition/mechanic_actions.rs:29:21
   |
29 | use crate::events::{CardRevealedEvent, KeywordActionEvent, KeywordActionKind};
   |                     ^^^^^^^^^^^^^^^^^

warning: unused import: `StableId`
  --> crates/ironsmith-engine/src/effects/composition/mechanic_actions.rs:33:38
   |
33 | use crate::ids::{ObjectId, PlayerId, StableId};
   |                                      ^^^^^^^^

warning: unused import: `ViewCardsContext`
 --> crates/ironsmith-engine/src/effects/consult_helpers.rs:1:47
  |
1 | use crate::decisions::context::{OrderContext, ViewCardsContext};
  |                                               ^^^^^^^^^^^^^^^^

warning: unused imports: `TraitEventResult` and `process_trait_event_with_execution_context`
 --> crates/ironsmith-engine/src/effects/counters/proliferate.rs:9:33
  |
9 | use crate::events::processing::{TraitEventResult, process_trait_event_with_execution_context};
  |                                 ^^^^^^^^^^^^^^^^  ^^^^^^^^^^^^^^^^^^^^^^^^^^^^^^^^^^^^^^^^^^

warning: unused import: `execute_scoped_counter_placements`
   --> crates/ironsmith-engine/src/effects/counters/mod.rs:130:61
    |
130 |     commit_scoped_counter_placement_originals_with_outputs, execute_scoped_counter_placements,
    |                                                             ^^^^^^^^^^^^^^^^^^^^^^^^^^^^^^^^^

warning: unused imports: `execute_counter_removal_cost` and `prepare_counter_removal_cost`
   --> crates/ironsmith-engine/src/effects/counters/mod.rs:138:5
    |
138 |     execute_counter_removal_cost, execute_counter_removal_cost_with_outputs,
    |     ^^^^^^^^^^^^^^^^^^^^^^^^^^^^
139 |     execute_counter_removal_with_outputs, execute_player_counter_removal_with_outputs,
140 |     prepare_counter_removal_cost,
    |     ^^^^^^^^^^^^^^^^^^^^^^^^^^^^

warning: unused import: `crate::triggers::TriggerEvent`
  --> crates/ironsmith-engine/src/effects/damage/deal_damage.rs:26:5
   |
26 | use crate::triggers::TriggerEvent;
   |     ^^^^^^^^^^^^^^^^^^^^^^^^^^^^^

warning: unused import: `EventContext`
 --> crates/ironsmith-engine/src/effects/damage/replace_next_damage_to_target.rs:7:35
  |
7 | use crate::events::{DamageTarget, EventContext, EventKind, GameEventType, ReplacementMatcher};
  |                                   ^^^^^^^^^^^^

warning: unnecessary parentheses around function argument
   --> crates/ironsmith-engine/src/effects/helpers/value_eval.rs:712:16
    |
712 |             Ok(((i64::from(player.life) + 1).div_euclid(2)))
    |                ^                                          ^
    |
    = note: `#[warn(unused_parens)]` on by default
help: remove these parentheses
    |
712 -             Ok(((i64::from(player.life) + 1).div_euclid(2)))
712 +             Ok((i64::from(player.life) + 1).div_euclid(2))
    |

warning: unnecessary parentheses around function argument
   --> crates/ironsmith-engine/src/effects/helpers/value_eval.rs:720:16
    |
720 |             Ok(((i64::from(player.starting_life) + 1).div_euclid(2)))
    |                ^                                                   ^
    |
help: remove these parentheses
    |
720 -             Ok(((i64::from(player.starting_life) + 1).div_euclid(2)))
720 +             Ok((i64::from(player.starting_life) + 1).div_euclid(2))
    |

warning: unused import: `crate::mana::ManaSymbol`
 --> crates/ironsmith-engine/src/effects/mana/double_mana_pool.rs:8:5
  |
8 | use crate::mana::ManaSymbol;
  |     ^^^^^^^^^^^^^^^^^^^^^^^

warning: unused import: `PlayerFilter`
  --> crates/ironsmith-engine/src/effects/mana/pay_mana.rs:11:33
   |
11 | use crate::target::{ChooseSpec, PlayerFilter};
   |                                 ^^^^^^^^^^^^

warning: unused import: `crate::events::PermanentTappedEvent`
  --> crates/ironsmith-engine/src/effects/permanents/conspire.rs:19:5
   |
19 | use crate::events::PermanentTappedEvent;
   |     ^^^^^^^^^^^^^^^^^^^^^^^^^^^^^^^^^^^

warning: unused import: `crate::triggers::TriggerEvent`
  --> crates/ironsmith-engine/src/effects/permanents/conspire.rs:22:5
   |
22 | use crate::triggers::TriggerEvent;
   |     ^^^^^^^^^^^^^^^^^^^^^^^^^^^^^

warning: unused import: `PermanentTappedEvent`
  --> crates/ironsmith-engine/src/effects/permanents/crew.rs:17:60
   |
17 | use crate::events::{KeywordActionEvent, KeywordActionKind, PermanentTappedEvent};
   |                                                            ^^^^^^^^^^^^^^^^^^^^

warning: unused import: `PermanentTappedEvent`
  --> crates/ironsmith-engine/src/effects/permanents/saddle.rs:24:60
   |
24 | use crate::events::{KeywordActionEvent, KeywordActionKind, PermanentTappedEvent};
   |                                                            ^^^^^^^^^^^^^^^^^^^^

warning: unused import: `execute_effect`
 --> crates/ironsmith-engine/src/effects/permanents/unearth.rs:9:56
  |
9 | use crate::effects::{ExecutionContext, ExecutionError, execute_effect};
  |                                                        ^^^^^^^^^^^^^^

warning: unused import: `effect_driven_cast_options_for_card_with_payment`
  --> crates/ironsmith-engine/src/effects/player/may_cast_matching_spell.rs:14:5
   |
14 |     effect_driven_cast_options_for_card_with_payment, with_spell_cast_event,
   |     ^^^^^^^^^^^^^^^^^^^^^^^^^^^^^^^^^^^^^^^^^^^^^^^^

warning: unused import: `execute_event_expansion_with_targets`
  --> crates/ironsmith-engine/src/effects/replacement/mod.rs:43:5
   |
43 |     execute_event_expansion_with_targets, execute_replacement_payload,
   |     ^^^^^^^^^^^^^^^^^^^^^^^^^^^^^^^^^^^^

warning: unused imports: `complete_deferred_replacement_programs_with_targets` and `execute_deferred_replacement_programs_with_bindings`
  --> crates/ironsmith-engine/src/effects/replacement/mod.rs:51:5
   |
51 |     complete_deferred_replacement_programs_with_targets,
   |     ^^^^^^^^^^^^^^^^^^^^^^^^^^^^^^^^^^^^^^^^^^^^^^^^^^^
52 |     complete_replacement_programs_with_original_outputs,
53 |     execute_deferred_replacement_programs_with_bindings, execute_event_expansion_with_outputs,
   |     ^^^^^^^^^^^^^^^^^^^^^^^^^^^^^^^^^^^^^^^^^^^^^^^^^^^

warning: unused imports: `prepare_scoped_draw_continuation_with_outputs` and `prepare_scoped_draw_continuation`
  --> crates/ironsmith-engine/src/effects/replacement/mod.rs:82:5
   |
82 |     prepare_scoped_draw_continuation, prepare_scoped_draw_continuation_with_outputs,
   |     ^^^^^^^^^^^^^^^^^^^^^^^^^^^^^^^^  ^^^^^^^^^^^^^^^^^^^^^^^^^^^^^^^^^^^^^^^^^^^^^

warning: unused import: `prepare_zone_draw_tail`
  --> crates/ironsmith-engine/src/effects/replacement/mod.rs:86:33
   |
86 | pub(crate) use zone_draw_tail::{prepare_zone_draw_tail, prepare_zone_draw_tail_with_outputs};
   |                                 ^^^^^^^^^^^^^^^^^^^^^^

warning: unused import: `counter_stack_entry_at`
  --> crates/ironsmith-engine/src/effects/stack/mod.rs:20:26
   |
20 | pub(crate) use counter::{counter_stack_entry_at, counter_stack_entry_at_with_outputs};
   |                          ^^^^^^^^^^^^^^^^^^^^^^

warning: unused import: `resolve_objects_for_effect`
 --> crates/ironsmith-engine/src/effects/tokens/create_token_copy.rs:9:31
  |
9 | use crate::effects::helpers::{resolve_objects_for_effect, resolve_player_filter, resolve_value};
  |                               ^^^^^^^^^^^^^^^^^^^^^^^^^^

warning: unused import: `execute_token_instruction_atomically`
  --> crates/ironsmith-engine/src/effects/tokens/mod.rs:29:46
   |
29 |     execute_resource_transaction_atomically, execute_token_instruction_atomically,
   |                                              ^^^^^^^^^^^^^^^^^^^^^^^^^^^^^^^^^^^^

warning: unused imports: `commit_zone_moves`, `complete_movement_batch`, `execute_battlefield_entries`, and `execute_zone_moves`
  --> crates/ironsmith-engine/src/effects/zones/mod.rs:29:23
   |
29 |     PreparedZoneMove, commit_zone_moves, commit_zone_moves_with_completion,
   |                       ^^^^^^^^^^^^^^^^^
30 |     complete_movement_batch, execute_battlefield_entries, execute_battlefield_entries_with_outputs,
   |     ^^^^^^^^^^^^^^^^^^^^^^^  ^^^^^^^^^^^^^^^^^^^^^^^^^^^
31 |     execute_zone_moves, execute_zone_moves_with_outputs, group_zone_move_observations,
   |     ^^^^^^^^^^^^^^^^^^

warning: unused import: `process_destroy`
 --> crates/ironsmith-engine/src/effects/zones/destroy.rs:7:47
  |
7 | use crate::events::processing::{EventOutcome, process_destroy};
  |                                               ^^^^^^^^^^^^^^^

warning: unused import: `crate::effects::zones::apply_zone_change_with_context_and_additional_effects`
 --> crates/ironsmith-engine/src/effects/zones/exile_until_source_leaves.rs:7:5
  |
7 | use crate::effects::zones::apply_zone_change_with_context_and_additional_effects;
  |     ^^^^^^^^^^^^^^^^^^^^^^^^^^^^^^^^^^^^^^^^^^^^^^^^^^^^^^^^^^^^^^^^^^^^^^^^^^^^

warning: unused import: `crate::effects::zones::apply_zone_change_with_context_and_additional_effects`
 --> crates/ironsmith-engine/src/effects/zones/haunt_exile.rs:8:5
  |
8 | use crate::effects::zones::apply_zone_change_with_context_and_additional_effects;
  |     ^^^^^^^^^^^^^^^^^^^^^^^^^^^^^^^^^^^^^^^^^^^^^^^^^^^^^^^^^^^^^^^^^^^^^^^^^^^^

warning: unused import: `apply_zone_change_with_context_and_additional_effects`
  --> crates/ironsmith-engine/src/effects/zones/move_to_library_nth_from_top.rs:15:5
   |
15 |     apply_zone_change_with_context_and_additional_effects, maybe_prompt_for_split_result_order,
   |     ^^^^^^^^^^^^^^^^^^^^^^^^^^^^^^^^^^^^^^^^^^^^^^^^^^^^^

warning: unused import: `apply_zone_change_with_context_and_additional_effects`
  --> crates/ironsmith-engine/src/effects/zones/move_to_library_top_or_bottom_choice.rs:17:5
   |
17 |     apply_zone_change_with_context_and_additional_effects, maybe_prompt_for_split_result_order,
   |     ^^^^^^^^^^^^^^^^^^^^^^^^^^^^^^^^^^^^^^^^^^^^^^^^^^^^^

warning: unused import: `resolve_objects_for_effect`
 --> crates/ironsmith-engine/src/effects/zones/put_onto_battlefield.rs:8:31
  |
8 | use crate::effects::helpers::{resolve_objects_for_effect, resolve_player_filter};
  |                               ^^^^^^^^^^^^^^^^^^^^^^^^^^

warning: unused import: `finish_battlefield_entry_receipts`
    --> crates/ironsmith-engine/src/effects/zones/mod.rs:1129:36
     |
1129 |     PreparedBattlefieldEntryBatch, finish_battlefield_entry_receipts,
     |                                    ^^^^^^^^^^^^^^^^^^^^^^^^^^^^^^^^^

warning: unused imports: `ForPlayersDrawContinuation` and `ForPlayersDrawProgress`
   --> crates/ironsmith-engine/src/effects/mod.rs:286:30
    |
286 | pub(crate) use composition::{ForPlayersDrawContinuation, ForPlayersDrawProgress};
    |                              ^^^^^^^^^^^^^^^^^^^^^^^^^^  ^^^^^^^^^^^^^^^^^^^^^^

warning: unused import: `crate::types::CardType`
  --> crates/ironsmith-engine/src/events/processing/mod.rs:35:5
   |
35 | use crate::types::CardType;
   |     ^^^^^^^^^^^^^^^^^^^^^^

warning: unused import: `OutcomeStatus`
    --> crates/ironsmith-engine/src/events/processing/mod.rs:9683:40
     |
9683 |     use crate::effect::{EffectOutcome, OutcomeStatus, OutcomeValue};
     |                                        ^^^^^^^^^^^^^

warning: unused import: `crate::events::context::EventContext`
 --> crates/ironsmith-engine/src/events/cards/matchers.rs:4:5
  |
4 | use crate::events::context::EventContext;
  |     ^^^^^^^^^^^^^^^^^^^^^^^^^^^^^^^^^^^^

warning: unused import: `crate::events::context::EventContext`
 --> crates/ironsmith-engine/src/events/counters/matchers.rs:4:5
  |
4 | use crate::events::context::EventContext;
  |     ^^^^^^^^^^^^^^^^^^^^^^^^^^^^^^^^^^^^

warning: unused import: `crate::events::context::EventContext`
 --> crates/ironsmith-engine/src/events/life/matchers.rs:3:5
  |
3 | use crate::events::context::EventContext;
  |     ^^^^^^^^^^^^^^^^^^^^^^^^^^^^^^^^^^^^

warning: unused import: `crate::events::context::EventContext`
   --> crates/ironsmith-engine/src/events/mana.rs:312:9
    |
312 |     use crate::events::context::EventContext;
    |         ^^^^^^^^^^^^^^^^^^^^^^^^^^^^^^^^^^^^

warning: unused import: `crate::events::context::EventContext`
 --> crates/ironsmith-engine/src/events/permanents/matchers.rs:3:5
  |
3 | use crate::events::context::EventContext;
  |     ^^^^^^^^^^^^^^^^^^^^^^^^^^^^^^^^^^^^

warning: unused import: `crate::events::context::EventContext`
 --> crates/ironsmith-engine/src/events/tokens/matchers.rs:4:5
  |
4 | use crate::events::context::EventContext;
  |     ^^^^^^^^^^^^^^^^^^^^^^^^^^^^^^^^^^^^

warning: unused import: `crate::events::context::EventContext`
 --> crates/ironsmith-engine/src/events/other/keyword_action.rs:7:5
  |
7 | use crate::events::context::EventContext;
  |     ^^^^^^^^^^^^^^^^^^^^^^^^^^^^^^^^^^^^

warning: unused import: `crate::events::context::EventContext`
 --> crates/ironsmith-engine/src/events/other/player_loses_game.rs:5:5
  |
5 | use crate::events::context::EventContext;
  |     ^^^^^^^^^^^^^^^^^^^^^^^^^^^^^^^^^^^^

warning: unnecessary parentheses around block return value
    --> crates/ironsmith-engine/src/game_loop/priority_cast.rs:3184:17
     |
3184 |                 (component.mana_cost_ref().is_some_and(|mana| mana.has_x())
     |                 ^
3185 |                     || cost_references_x(component))
     |                                                    ^
     |
help: remove these parentheses
     |
3184 ~                 component.mana_cost_ref().is_some_and(|mana| mana.has_x())
3185 ~                     || cost_references_x(component)
     |

warning: unnecessary parentheses around `if` condition
    --> crates/ironsmith-engine/src/game_loop/targeting.rs:5078:15
     |
5078 |     } else if (entry.defending_player.is_some() || entry.defending_player_reference.is_some()) {
     |               ^                                                                              ^
     |
help: remove these parentheses
     |
5078 -     } else if (entry.defending_player.is_some() || entry.defending_player_reference.is_some()) {
5078 +     } else if entry.defending_player.is_some() || entry.defending_player_reference.is_some() {
     |

warning: unnecessary parentheses around `if` condition
    --> crates/ironsmith-engine/src/game_loop/targeting.rs:5428:16
     |
5428 |             if (entry.defending_player.is_some() || entry.defending_player_reference.is_some()) {
     |                ^                                                                              ^
     |
help: remove these parentheses
     |
5428 -             if (entry.defending_player.is_some() || entry.defending_player_reference.is_some()) {
5428 +             if entry.defending_player.is_some() || entry.defending_player_reference.is_some() {
     |

warning: unused import: `EffectSourceType`
  --> crates/ironsmith-engine/src/game_state.rs:18:5
   |
18 |     EffectSourceType, EffectTarget, Modification,
   |     ^^^^^^^^^^^^^^^^

warning: unused import: `PlayerId`
  --> crates/ironsmith-engine/src/mana_payment/event_program.rs:13:28
   |
13 | use crate::ids::{ObjectId, PlayerId};
   |                            ^^^^^^^^

warning: unused import: `crate::mana::ManaSymbol`
  --> crates/ironsmith-engine/src/mana_payment/event_program.rs:14:5
   |
14 | use crate::mana::ManaSymbol;
   |     ^^^^^^^^^^^^^^^^^^^^^^^

warning: unused import: `execute_mana_payment_plan_in_context`
  --> crates/ironsmith-engine/src/mana_payment/mod.rs:36:5
   |
36 |     execute_mana_payment_plan_in_context, execute_mana_payment_plan_in_context_with_outputs,
   |     ^^^^^^^^^^^^^^^^^^^^^^^^^^^^^^^^^^^^

warning: unused imports: `activate_mana_during_payment`, `pay_mana_interactively_in_context`, and `pay_mana_interactively`
  --> crates/ironsmith-engine/src/mana_payment/mod.rs:48:5
   |
48 |     activate_mana_during_payment, pay_mana_interactively, pay_mana_interactively_in_context,
   |     ^^^^^^^^^^^^^^^^^^^^^^^^^^^^  ^^^^^^^^^^^^^^^^^^^^^^  ^^^^^^^^^^^^^^^^^^^^^^^^^^^^^^^^^

warning: unused import: `crate::filter::ObjectFilterExt as _`
  --> crates/ironsmith-engine/src/rules/combat.rs:11:5
   |
11 | use crate::filter::ObjectFilterExt as _;
   |     ^^^^^^^^^^^^^^^^^^^^^^^^^^^^^^^^^^^

warning: unused import: `crate::types::CardType`
  --> crates/ironsmith-engine/src/rules/damage.rs:14:5
   |
14 | use crate::types::CardType;
   |     ^^^^^^^^^^^^^^^^^^^^^^

warning: unused import: `resolve_anthem_count_expression`
  --> crates/ironsmith-engine/src/static_abilities/mod.rs:77:29
   |
77 | pub(crate) use continuous::{resolve_anthem_count_expression, resolve_anthem_count_expression_checked};
   |                             ^^^^^^^^^^^^^^^^^^^^^^^^^^^^^^^

warning: unused import: `TextBoxOverlay`
  --> crates/ironsmith-engine/src/static_ability_processor.rs:38:5
   |
38 |     TextBoxOverlay,
   |     ^^^^^^^^^^^^^^

warning: unused import: `PlayerFilterExt as _`
 --> crates/ironsmith-engine/src/triggers/cards/you_discard_card.rs:5:43
  |
5 | use crate::filter::{ObjectFilterExt as _, PlayerFilterExt as _};
  |                                           ^^^^^^^^^^^^^^^^^^^^

warning: unused import: `crate::filter::PlayerFilterExt`
 --> crates/ironsmith-engine/src/triggers/life_damage/is_dealt_damage.rs:6:5
  |
6 | use crate::filter::PlayerFilterExt;
  |     ^^^^^^^^^^^^^^^^^^^^^^^^^^^^^^

warning: unused import: `check::verify_intervening_if_at_resolution`
    --> crates/ironsmith-engine/src/triggers/mod.rs:2397:16
     |
2397 | pub(crate) use check::verify_intervening_if_at_resolution;
     |                ^^^^^^^^^^^^^^^^^^^^^^^^^^^^^^^^^^^^^^^^^^

warning: unused import: `std::hash::Hash`
  --> crates/ironsmith-engine/src/mana_payment/replacement_program.rs:29:13
   |
29 |         use std::hash::Hash;
   |             ^^^^^^^^^^^^^^^

warning: unused import: `crate::filter::ObjectFilterExt`
   --> crates/ironsmith-engine/src/triggers/other/transforms.rs:127:17
    |
127 |             use crate::filter::ObjectFilterExt as _;
    |                 ^^^^^^^^^^^^^^^^^^^^^^^^^^^^^^

warning: unused import: `crate::filter::ObjectFilterExt`
 --> crates/ironsmith-engine/src/triggers/other/player_plays_land.rs:5:5
  |
5 | use crate::filter::ObjectFilterExt as _;
  |     ^^^^^^^^^^^^^^^^^^^^^^^^^^^^^^

warning: unused import: `std::hash::Hash`
  --> crates/ironsmith-engine/src/mana_payment/witness.rs:24:13
   |
24 |         use std::hash::Hash;
   |             ^^^^^^^^^^^^^^^

warning: unused import: `CostExecutableEffect`
 --> crates/ironsmith-engine/src/effects/composition/keyword_programs.rs:3:22
  |
3 | use crate::effects::{CostExecutableEffect, EffectExecutor, ExecutionContext, ExecutionError};
  |                      ^^^^^^^^^^^^^^^^^^^^

warning: unused import: `crate::events::traits::ReplacementMatcher`
  --> crates/ironsmith-engine/src/effects/damage/prevent_next_time_damage.rs:16:5
   |
16 | use crate::events::traits::ReplacementMatcher as _;
   |     ^^^^^^^^^^^^^^^^^^^^^^^^^^^^^^^^^^^^^^^^^

warning: unreachable pattern
   --> crates/ironsmith-engine/src/source_numbers.rs:130:9
    |
130 |         _ => false,
    |         ^ no value can reach this
    |
note: multiple earlier patterns match some of the same values
   --> crates/ironsmith-engine/src/source_numbers.rs:130:9
    |
122 |         AbilityKind::Static(ability) => ability.canonical_model().as_ref().is_some_and(static_requires),
    |         ---------------------------- matches some of the same values
123 |         AbilityKind::Triggered(ability) => program_chooses_source_number(&ability.effects)
    |         ------------------------------- matches some of the same values
...
129 |         AbilityKind::Activated(ability) => program_chooses_source_number(&ability.effects),
    |         ------------------------------- matches some of the same values
130 |         _ => false,
    |         ^ collectively making this unreachable
    = note: `#[warn(unreachable_patterns)]` on by default
    = note: the full name for the type has been written to '/Users/chiplis/ironsmith-cf8-int/target/debug/deps/ironsmith-93ef81e50da8218b.long-type-12807197630307823107.txt'
    = note: consider using `--verbose` to print the full type name to the console

warning: unreachable pattern
   --> crates/ironsmith-engine/src/source_numbers.rs:138:9
    |
138 |         _=>None,
    |         ^ no value can reach this
    |
note: multiple earlier patterns match some of the same values
   --> crates/ironsmith-engine/src/source_numbers.rs:138:9
    |
135 |         AbilityKind::Triggered(ability)=>ability.effects.source_number_pair,
    |         ------------------------------- matches some of the same values
136 |         AbilityKind::Activated(ability)=>ability.effects.source_number_pair,
    |         ------------------------------- matches some of the same values
137 |         AbilityKind::Static(ability)=>static_pair(ability),
    |         ---------------------------- matches some of the same values
138 |         _=>None,
    |         ^ collectively making this unreachable
    = note: the full name for the type has been written to '/Users/chiplis/ironsmith-cf8-int/target/debug/deps/ironsmith-93ef81e50da8218b.long-type-12807197630307823107.txt'
    = note: consider using `--verbose` to print the full type name to the console

warning: unused variable: `method`
    --> crates/ironsmith-engine/src/decision/io.rs:2797:13
     |
2797 |             method,
     |             ^^^^^^ help: try ignoring the field: `method: _`
     |
     = note: `#[warn(unused_variables)]` on by default

warning: unused variable: `permanent_id`
    --> crates/ironsmith-engine/src/decision/io.rs:2815:17
     |
2815 |                 permanent_id,
     |                 ^^^^^^^^^^^^ help: try ignoring the field: `permanent_id: _`

warning: unused variable: `method`
    --> crates/ironsmith-engine/src/decision/io.rs:2816:17
     |
2816 |                 method,
     |                 ^^^^^^ help: try ignoring the field: `method: _`

warning: variable does not need to be mutable
   --> crates/ironsmith-engine/src/effects/composition/for_players.rs:823:13
    |
823 |         let mut players: Vec<PlayerId> = game
    |             ----^^^^^^^
    |             |
    |             help: remove this `mut`
    |
    = note: `#[warn(unused_mut)]` on by default

warning: variable does not need to be mutable
    --> crates/ironsmith-engine/src/effects/helpers.rs:3766:5
     |
3766 |     mut apply: impl FnMut(
     |     ----^^^^^
     |     |
     |     help: remove this `mut`

warning: variable does not need to be mutable
   --> crates/ironsmith-engine/src/effects/mana/choice_helpers.rs:340:17
    |
340 |             let mut outcome = crate::effects::replacement::execute_replacement_payload(
    |                 ----^^^^^^^
    |                 |
    |                 help: remove this `mut`

warning: unused variable: `provenance`
   --> crates/ironsmith-engine/src/effects/permanents/tap.rs:200:13
    |
200 |         let provenance = ctx.provenance;
    |             ^^^^^^^^^^ help: if this is intentional, prefix it with an underscore: `_provenance`

warning: unused variable: `ctx`
   --> crates/ironsmith-engine/src/effects/runtime.rs:189:5
    |
189 |     ctx: &ExecutionContext,
    |     ^^^ help: if this is intentional, prefix it with an underscore: `_ctx`

warning: unused variable: `next`
   --> crates/ironsmith-engine/src/effects/runtime.rs:190:5
    |
190 |     next: Option<&Effect>,
    |     ^^^^ help: if this is intentional, prefix it with an underscore: `_next`

warning: unused variable: `game`
  --> crates/ironsmith-engine/src/effects/zones/exile_until_source_leaves.rs:63:50
   |
63 |     fn prepare_simultaneous_player_action(&self, game: &GameState, ctx: &mut ExecutionContext)
   |                                                  ^^^^ help: if this is intentional, prefix it with an underscore: `_game`

warning: unused variable: `game`
   --> crates/ironsmith-engine/src/effects/zones/move_to_zone.rs:576:9
    |
576 |         game: &GameState,
    |         ^^^^ help: if this is intentional, prefix it with an underscore: `_game`

warning: variable does not need to be mutable
   --> crates/ironsmith-engine/src/events/processing/mod.rs:862:5
    |
862 |     mut event: Event,
    |     ----^^^^^
    |     |
    |     help: remove this `mut`

warning: variable does not need to be mutable
     --> crates/ironsmith-engine/src/events/processing/mod.rs:10219:13
      |
10219 |         let mut enters_with_counters: Vec<(CounterType, u32)> = initial_enters_with_counters;
      |             ----^^^^^^^^^^^^^^^^^^^^
      |             |
      |             help: remove this `mut`

warning: unused variable: `tagged_objects`
    --> crates/ironsmith-engine/src/game_loop/sba_triggers.rs:1694:9
     |
1694 |     let tagged_objects = (!entry.tagged_objects.is_empty()).then_some(&entry.tagged_objects);
     |         ^^^^^^^^^^^^^^ help: if this is intentional, prefix it with an underscore: `_tagged_objects`

warning: unused variable: `obj`
    --> crates/ironsmith-engine/src/targeting/computation.rs:1470:18
     |
1470 |         let Some(obj) = game.object(obj_id) else {
     |                  ^^^ help: if this is intentional, prefix it with an underscore: `_obj`

warning: unused variable: `obj`
    --> crates/ironsmith-engine/src/targeting/computation.rs:1535:21
     |
1535 |         if let Some(obj) = game.object(obj_id) {
     |                     ^^^ help: if this is intentional, prefix it with an underscore: `_obj`

warning: unreachable pattern
    --> crates/ironsmith-engine/src/triggers/zone_changes/zone_change_trigger.rs:1295:13
     |
1219 |             (_, ZonePattern::Specific(Zone::Library)) => {
     |             ----------------------------------------- matches all the relevant values
...
1295 |             (ZonePattern::Any, ZonePattern::Specific(Zone::Library)) => {
     |             ^^^^^^^^^^^^^^^^^^^^^^^^^^^^^^^^^^^^^^^^^^^^^^^^^^^^^^^^ no value can reach this

warning: unused `Result` that must be used
    --> crates/ironsmith-engine/src/decision/mana.rs:1690:13
     |
1690 |             hypothetical.refresh_continuous_state();
     |             ^^^^^^^^^^^^^^^^^^^^^^^^^^^^^^^^^^^^^^^
     |
     = note: this `Result` may be an `Err` variant, which should be handled
     = note: `#[warn(unused_must_use)]` on by default
help: use `let _ = ...` to ignore the resulting value
     |
1690 |             let _ = hypothetical.refresh_continuous_state();
     |             +++++++

warning: unused `Result` that must be used
    --> crates/ironsmith-engine/src/decision/mana.rs:1774:13
     |
1774 |             x_game.refresh_continuous_state();
     |             ^^^^^^^^^^^^^^^^^^^^^^^^^^^^^^^^^
     |
     = note: this `Result` may be an `Err` variant, which should be handled
help: use `let _ = ...` to ignore the resulting value
     |
1774 |             let _ = x_game.refresh_continuous_state();
     |             +++++++

warning: unused `Result` that must be used
   --> crates/ironsmith-engine/src/game_loop/combat_decisions.rs:982:9
    |
982 |         game.refresh_continuous_state();
    |         ^^^^^^^^^^^^^^^^^^^^^^^^^^^^^^^
    |
    = note: this `Result` may be an `Err` variant, which should be handled
help: use `let _ = ...` to ignore the resulting value
    |
982 |         let _ = game.refresh_continuous_state();
    |         +++++++

warning: unused `Result` that must be used
    --> crates/ironsmith-engine/src/game_loop/combat_decisions.rs:1114:5
     |
1114 |     game.refresh_continuous_state();
     |     ^^^^^^^^^^^^^^^^^^^^^^^^^^^^^^^
     |
     = note: this `Result` may be an `Err` variant, which should be handled
help: use `let _ = ...` to ignore the resulting value
     |
1114 |     let _ = game.refresh_continuous_state();
     |     +++++++

warning: unused `Result` that must be used
    --> crates/ironsmith-engine/src/game_loop/combat_decisions.rs:1210:5
     |
1210 |     game.refresh_continuous_state();
     |     ^^^^^^^^^^^^^^^^^^^^^^^^^^^^^^^
     |
     = note: this `Result` may be an `Err` variant, which should be handled
help: use `let _ = ...` to ignore the resulting value
     |
1210 |     let _ = game.refresh_continuous_state();
     |     +++++++

warning: unused `Result` that must be used
    --> crates/ironsmith-engine/src/game_loop/combat_decisions.rs:1926:9
     |
1926 |         game.refresh_continuous_state();
     |         ^^^^^^^^^^^^^^^^^^^^^^^^^^^^^^^
     |
     = note: this `Result` may be an `Err` variant, which should be handled
help: use `let _ = ...` to ignore the resulting value
     |
1926 |         let _ = game.refresh_continuous_state();
     |         +++++++

warning: unused `Result` that must be used
    --> crates/ironsmith-engine/src/game_loop/combat_decisions.rs:2197:5
     |
2197 |     declaration_view.refresh_continuous_state();
     |     ^^^^^^^^^^^^^^^^^^^^^^^^^^^^^^^^^^^^^^^^^^^
     |
     = note: this `Result` may be an `Err` variant, which should be handled
help: use `let _ = ...` to ignore the resulting value
     |
2197 |     let _ = declaration_view.refresh_continuous_state();
     |     +++++++

warning: unused `Result` that must be used
    --> crates/ironsmith-engine/src/game_loop/combat_decisions.rs:2250:5
     |
2250 |     game.refresh_continuous_state();
     |     ^^^^^^^^^^^^^^^^^^^^^^^^^^^^^^^
     |
     = note: this `Result` may be an `Err` variant, which should be handled
help: use `let _ = ...` to ignore the resulting value
     |
2250 |     let _ = game.refresh_continuous_state();
     |     +++++++

warning: unused `Result` that must be used
    --> crates/ironsmith-engine/src/game_loop/combat_decisions.rs:2259:5
     |
2259 |     game.refresh_continuous_state();
     |     ^^^^^^^^^^^^^^^^^^^^^^^^^^^^^^^
     |
     = note: this `Result` may be an `Err` variant, which should be handled
help: use `let _ = ...` to ignore the resulting value
     |
2259 |     let _ = game.refresh_continuous_state();
     |     +++++++

warning: unused `Result` that must be used
    --> crates/ironsmith-engine/src/game_loop/priority_mana.rs:1167:5
     |
1167 |     game.refresh_continuous_state();
     |     ^^^^^^^^^^^^^^^^^^^^^^^^^^^^^^^
     |
     = note: this `Result` may be an `Err` variant, which should be handled
help: use `let _ = ...` to ignore the resulting value
     |
1167 |     let _ = game.refresh_continuous_state();
     |     +++++++

warning: unused `Result` that must be used
    --> crates/ironsmith-engine/src/game_loop/priority_mana.rs:1748:9
     |
1748 |         hypothetical.refresh_continuous_state();
     |         ^^^^^^^^^^^^^^^^^^^^^^^^^^^^^^^^^^^^^^^
     |
     = note: this `Result` may be an `Err` variant, which should be handled
help: use `let _ = ...` to ignore the resulting value
     |
1748 |         let _ = hypothetical.refresh_continuous_state();
     |         +++++++

warning: unused `Result` that must be used
    --> crates/ironsmith-engine/src/game_loop/priority_mana.rs:1933:5
     |
1933 |     game.refresh_continuous_state();
     |     ^^^^^^^^^^^^^^^^^^^^^^^^^^^^^^^
     |
     = note: this `Result` may be an `Err` variant, which should be handled
help: use `let _ = ...` to ignore the resulting value
     |
1933 |     let _ = game.refresh_continuous_state();
     |     +++++++

warning: unused `Result` that must be used
    --> crates/ironsmith-engine/src/game_loop/priority_mana.rs:4634:5
     |
4634 |     game.refresh_continuous_state();
     |     ^^^^^^^^^^^^^^^^^^^^^^^^^^^^^^^
     |
     = note: this `Result` may be an `Err` variant, which should be handled
help: use `let _ = ...` to ignore the resulting value
     |
4634 |     let _ = game.refresh_continuous_state();
     |     +++++++

warning: unused `Result` that must be used
    --> crates/ironsmith-engine/src/game_loop/priority_mana.rs:4697:5
     |
4697 |     game.refresh_continuous_state();
     |     ^^^^^^^^^^^^^^^^^^^^^^^^^^^^^^^
     |
     = note: this `Result` may be an `Err` variant, which should be handled
help: use `let _ = ...` to ignore the resulting value
     |
4697 |     let _ = game.refresh_continuous_state();
     |     +++++++

warning: unused `Result` that must be used
  --> crates/ironsmith-engine/src/game_loop/sba_triggers.rs:80:5
   |
80 |     game.refresh_continuous_state();
   |     ^^^^^^^^^^^^^^^^^^^^^^^^^^^^^^^
   |
   = note: this `Result` may be an `Err` variant, which should be handled
help: use `let _ = ...` to ignore the resulting value
   |
80 |     let _ = game.refresh_continuous_state();
   |     +++++++

warning: unused `Result` that must be used
  --> crates/ironsmith-engine/src/game_loop/sba_triggers.rs:93:13
   |
93 |             game.refresh_continuous_state();
   |             ^^^^^^^^^^^^^^^^^^^^^^^^^^^^^^^
   |
   = note: this `Result` may be an `Err` variant, which should be handled
help: use `let _ = ...` to ignore the resulting value
   |
93 |             let _ = game.refresh_continuous_state();
   |             +++++++

warning: unused `Result` that must be used
   --> crates/ironsmith-engine/src/game_loop/sba_triggers.rs:101:9
    |
101 |         game.refresh_continuous_state();
    |         ^^^^^^^^^^^^^^^^^^^^^^^^^^^^^^^
    |
    = note: this `Result` may be an `Err` variant, which should be handled
help: use `let _ = ...` to ignore the resulting value
    |
101 |         let _ = game.refresh_continuous_state();
    |         +++++++

warning: unused `Result` that must be used
   --> crates/ironsmith-engine/src/game_loop/sba_triggers.rs:335:5
    |
335 |     game.refresh_continuous_state();
    |     ^^^^^^^^^^^^^^^^^^^^^^^^^^^^^^^
    |
    = note: this `Result` may be an `Err` variant, which should be handled
help: use `let _ = ...` to ignore the resulting value
    |
335 |     let _ = game.refresh_continuous_state();
    |     +++++++

warning: unused `Result` that must be used
   --> crates/ironsmith-engine/src/game_loop/sba_triggers.rs:512:9
    |
512 |         game.refresh_continuous_state();
    |         ^^^^^^^^^^^^^^^^^^^^^^^^^^^^^^^
    |
    = note: this `Result` may be an `Err` variant, which should be handled
help: use `let _ = ...` to ignore the resulting value
    |
512 |         let _ = game.refresh_continuous_state();
    |         +++++++

warning: unused `Result` that must be used
  --> crates/ironsmith-engine/src/game_loop/targeting.rs:72:5
   |
72 |     game.refresh_continuous_state();
   |     ^^^^^^^^^^^^^^^^^^^^^^^^^^^^^^^
   |
   = note: this `Result` may be an `Err` variant, which should be handled
help: use `let _ = ...` to ignore the resulting value
   |
72 |     let _ = game.refresh_continuous_state();
   |     +++++++

warning: unused `Result` that must be used
   --> crates/ironsmith-engine/src/game_loop/targeting.rs:336:5
    |
336 |     game.refresh_continuous_state();
    |     ^^^^^^^^^^^^^^^^^^^^^^^^^^^^^^^
    |
    = note: this `Result` may be an `Err` variant, which should be handled
help: use `let _ = ...` to ignore the resulting value
    |
336 |     let _ = game.refresh_continuous_state();
    |     +++++++

warning: unused `Result` that must be used
   --> crates/ironsmith-engine/src/game_loop/turn_execution.rs:128:5
    |
128 |     game.refresh_continuous_state();
    |     ^^^^^^^^^^^^^^^^^^^^^^^^^^^^^^^
    |
    = note: this `Result` may be an `Err` variant, which should be handled
help: use `let _ = ...` to ignore the resulting value
    |
128 |     let _ = game.refresh_continuous_state();
    |     +++++++

warning: unused `Result` that must be used
    --> crates/ironsmith-engine/src/game_state.rs:5303:9
     |
5303 |         self.refresh_continuous_state();
     |         ^^^^^^^^^^^^^^^^^^^^^^^^^^^^^^^
     |
     = note: this `Result` may be an `Err` variant, which should be handled
help: use `let _ = ...` to ignore the resulting value
     |
5303 |         let _ = self.refresh_continuous_state();
     |         +++++++

warning: unused `Result` that must be used
    --> crates/ironsmith-engine/src/game_state/object_state_and_events.rs:1309:9
     |
1309 |         self.refresh_continuous_state();
     |         ^^^^^^^^^^^^^^^^^^^^^^^^^^^^^^^
     |
     = note: this `Result` may be an `Err` variant, which should be handled
help: use `let _ = ...` to ignore the resulting value
     |
1309 |         let _ = self.refresh_continuous_state();
     |         +++++++

warning: unused `Result` that must be used
    --> crates/ironsmith-engine/src/game_state/turns_and_tracking.rs:1684:9
     |
1684 |         self.refresh_continuous_state();
     |         ^^^^^^^^^^^^^^^^^^^^^^^^^^^^^^^
     |
     = note: this `Result` may be an `Err` variant, which should be handled
help: use `let _ = ...` to ignore the resulting value
     |
1684 |         let _ = self.refresh_continuous_state();
     |         +++++++

warning: unused `Result` that must be used
    --> crates/ironsmith-engine/src/game_state/turns_and_tracking.rs:3225:9
     |
3225 |         self.refresh_continuous_state();
     |         ^^^^^^^^^^^^^^^^^^^^^^^^^^^^^^^
     |
     = note: this `Result` may be an `Err` variant, which should be handled
help: use `let _ = ...` to ignore the resulting value
     |
3225 |         let _ = self.refresh_continuous_state();
     |         +++++++

warning: unused `Result` that must be used
    --> crates/ironsmith-engine/src/turn.rs:1426:5
     |
1426 |     game.refresh_continuous_state();
     |     ^^^^^^^^^^^^^^^^^^^^^^^^^^^^^^^
     |
     = note: this `Result` may be an `Err` variant, which should be handled
help: use `let _ = ...` to ignore the resulting value
     |
1426 |     let _ = game.refresh_continuous_state();
     |     +++++++

warning: `ironsmith-engine` (lib) generated 141 warnings (run `cargo fix --lib -p ironsmith-engine` to apply 94 suggestions)
warning: unreachable pattern
   --> crates/ironsmith-compiler-lowering/src/lowering_impl/lower/damage_and_cost_rewrites.rs:220:17
    |
220 |                 _ => false,
    |                 ^ no value can reach this
    |
note: multiple earlier patterns match some of the same values
   --> crates/ironsmith-compiler-lowering/src/lowering_impl/lower/damage_and_cost_rewrites.rs:220:17
    |
211 |                 AbilityKind::Triggered(triggered) => {
    |                 --------------------------------- matches some of the same values
...
214 |                 AbilityKind::Static(static_ability) => {
    |                 ----------------------------------- matches some of the same values
...
217 |                 AbilityKind::Activated(activated) => {
    |                 --------------------------------- matches some of the same values
...
220 |                 _ => false,
    |                 ^ collectively making this unreachable
    = note: `#[warn(unreachable_patterns)]` on by default
    = note: the full name for the type has been written to '/Users/chiplis/ironsmith-cf8-int/target/debug/deps/ironsmith_compiler_lowering-b0ef79efcabfcbd9.long-type-5409227727161001724.txt'
    = note: consider using `--verbose` to print the full type name to the console

warning: unreachable pattern
   --> crates/ironsmith-compiler-lowering/src/lowering_impl/lower/damage_and_cost_rewrites.rs:273:17
    |
273 |                 _ => return Vec::new().into_iter(),
    |                 ^ no value can reach this
    |
note: multiple earlier patterns match some of the same values
   --> crates/ironsmith-compiler-lowering/src/lowering_impl/lower/damage_and_cost_rewrites.rs:273:17
    |
257 |                 AbilityKind::Triggered(triggered) => {
    |                 --------------------------------- matches some of the same values
...
260 |                 AbilityKind::Activated(activated) => {
    |                 --------------------------------- matches some of the same values
...
263 |                 AbilityKind::Static(static_ability) => {
    |                 ----------------------------------- matches some of the same values
...
273 |                 _ => return Vec::new().into_iter(),
    |                 ^ collectively making this unreachable
    = note: the full name for the type has been written to '/Users/chiplis/ironsmith-cf8-int/target/debug/deps/ironsmith_compiler_lowering-b0ef79efcabfcbd9.long-type-5409227727161001724.txt'
    = note: consider using `--verbose` to print the full type name to the console

warning: `ironsmith-compiler-lowering` (lib) generated 2 warnings
warning: unreachable pattern
    --> crates/ironsmith-text/src/compiled_text/normalize_common/value_rendering.rs:5616:9
     |
5445 | /         Value::TurnHistoryCount(TurnHistoryCount::MovedZones {
5446 | |             filter,
5447 | |             from: Some(from),
5448 | |             to: Some(to),
5449 | |         }) => {
     | |__________- matches all the relevant values
...
5616 | /         Value::TurnHistoryCount(TurnHistoryCount::MovedZones {
5617 | |             filter,
5618 | |             from: Some(Zone::Battlefield),
5619 | |             to: Some(Zone::Graveyard),
5620 | |         }) => {
     | |__________^ no value can reach this
     |
     = note: `#[warn(unreachable_patterns)]` on by default

warning: `ironsmith-text` (lib) generated 1 warning
warning: `ironsmith-compiler-ast` (lib) generated 1 warning (1 duplicate)
warning: `ironsmith-compiler-semantic` (lib) generated 2 warnings (2 duplicates)
warning: `ironsmith-artifact-effect-decoder` (lib) generated 2 warnings (2 duplicates)
warning: unreachable pattern
   --> crates/ironsmith-engine/src/source_numbers.rs:130:9
    |
130 |         _ => false,
    |         ^ no value can reach this
    |
note: multiple earlier patterns match some of the same values
   --> crates/ironsmith-engine/src/source_numbers.rs:130:9
    |
122 |         AbilityKind::Static(ability) => ability.canonical_model().as_ref().is_some_and(static_requires),
    |         ---------------------------- matches some of the same values
123 |         AbilityKind::Triggered(ability) => program_chooses_source_number(&ability.effects)
    |         ------------------------------- matches some of the same values
...
129 |         AbilityKind::Activated(ability) => program_chooses_source_number(&ability.effects),
    |         ------------------------------- matches some of the same values
130 |         _ => false,
    |         ^ collectively making this unreachable
    = note: `#[warn(unreachable_patterns)]` on by default
    = note: the full name for the type has been written to '/Users/chiplis/ironsmith-cf8-int/target/debug/deps/ironsmith-beacf2d48616097a.long-type-18018579045785448802.txt'
    = note: consider using `--verbose` to print the full type name to the console

warning: unreachable pattern
   --> crates/ironsmith-engine/src/source_numbers.rs:138:9
    |
138 |         _=>None,
    |         ^ no value can reach this
    |
note: multiple earlier patterns match some of the same values
   --> crates/ironsmith-engine/src/source_numbers.rs:138:9
    |
135 |         AbilityKind::Triggered(ability)=>ability.effects.source_number_pair,
    |         ------------------------------- matches some of the same values
136 |         AbilityKind::Activated(ability)=>ability.effects.source_number_pair,
    |         ------------------------------- matches some of the same values
137 |         AbilityKind::Static(ability)=>static_pair(ability),
    |         ---------------------------- matches some of the same values
138 |         _=>None,
    |         ^ collectively making this unreachable
    = note: the full name for the type has been written to '/Users/chiplis/ironsmith-cf8-int/target/debug/deps/ironsmith-beacf2d48616097a.long-type-18018579045785448802.txt'
    = note: consider using `--verbose` to print the full type name to the console

warning: `ironsmith-engine` (lib) generated 141 warnings (139 duplicates)
warning: unnecessary parentheses around `if` condition
   --> crates/ironsmith-compiler-grammar/src/effect_sentences/dispatch_entry/grouped_coins.rs:136:8
    |
136 |     if (words.starts_with(&["if", "they", "lose", "the", "flip"])
    |        ^
137 |         || words.starts_with(&["if", "they", "win", "the", "flip"]))
    |                                                                    ^
    |
    = note: `#[warn(unused_parens)]` on by default
help: remove these parentheses
    |
136 ~     if words.starts_with(&["if", "they", "lose", "the", "flip"])
137 ~         || words.starts_with(&["if", "they", "win", "the", "flip"])
    |

warning: variable does not need to be mutable
   --> crates/ironsmith-compiler-grammar/src/grammar/filters/predicate_phrases/advanced/predicate_readings/fallback.rs:870:17
    |
870 |             let mut filter = filter_from_words(descriptor)?;
    |                 ----^^^^^^
    |                 |
    |                 help: remove this `mut`
    |
    = note: `#[warn(unused_mut)]` on by default

warning: unreachable pattern
  --> crates/ironsmith-compiler-grammar/src/effect_sentences/dispatch_entry/temporary_damage_multiplier.rs:50:15
   |
43 |             | ["an", "opponent", "or", "a", "permanent", "an", "opponent", "controls"]
   |               ------------------------------------------------------------------------ matches all the relevant values
...
50 |             | ["an", "opponent", "or", "a", "permanent", "an", "opponent", "controls"]
   |               ^^^^^^^^^^^^^^^^^^^^^^^^^^^^^^^^^^^^^^^^^^^^^^^^^^^^^^^^^^^^^^^^^^^^^^^^ no value can reach this
   |
   = note: `#[warn(unreachable_patterns)]` on by default

warning: unused variable: `tag`
    --> crates/ironsmith-compiler-grammar/src/effect_sentences/dispatch_entry/subject_verb_followups.rs:1746:26
     |
1746 |             if let Some((tag, player, spending, surface, until_end_of_turn)) = parts {
     |                          ^^^ help: if this is intentional, prefix it with an underscore: `_tag`
     |
     = note: `#[warn(unused_variables)]` on by default

warning: unused variable: `player`
    --> crates/ironsmith-compiler-grammar/src/effect_sentences/dispatch_entry/subject_verb_followups.rs:1746:31
     |
1746 |             if let Some((tag, player, spending, surface, until_end_of_turn)) = parts {
     |                               ^^^^^^ help: if this is intentional, prefix it with an underscore: `_player`

warning: unused variable: `until_end_of_turn`
    --> crates/ironsmith-compiler-grammar/src/effect_sentences/dispatch_entry/subject_verb_followups.rs:1746:58
     |
1746 |             if let Some((tag, player, spending, surface, until_end_of_turn)) = parts {
     |                                                          ^^^^^^^^^^^^^^^^^ help: if this is intentional, prefix it with an underscore: `_until_end_of_turn`

warning: unreachable pattern
     --> crates/ironsmith-compiler-grammar/src/effect_sentences/dispatch_entry.rs:12822:15
      |
12550 |             | SubjectVerbActionAst::KeywordActions(KeywordActionAst::Endure { amount, .. })
      |               ----------------------------------------------------------------------------- matches all the relevant values
...
12822 |             | SubjectVerbActionAst::KeywordActions(KeywordActionAst::Endure { .. })
      |               ^^^^^^^^^^^^^^^^^^^^^^^^^^^^^^^^^^^^^^^^^^^^^^^^^^^^^^^^^^^^^^^^^^^^^ no value can reach this

warning: variable does not need to be mutable
    --> crates/ironsmith-compiler-grammar/src/effect_sentences/gain_ability.rs:1927:9
     |
1927 |     let mut flush = |item: &mut Vec<OwnedLexToken>,
     |         ----^^^^^
     |         |
     |         help: remove this `mut`

warning: value assigned to `discard_filter` is never read
   --> crates/ironsmith-compiler-grammar/src/effect_sentences/sacrifice_discard/library.rs:294:17
    |
294 |                 discard_filter = None;
    |                 ^^^^^^^^^^^^^^
    |
    = help: maybe it is overwritten before being read?
    = note: `#[warn(unused_assignments)]` on by default

warning: `ironsmith-compiler-grammar` (lib) generated 9 warnings (run `cargo fix --lib -p ironsmith-compiler-grammar` to apply 3 suggestions)
    Checking ironsmith-compiler v0.1.0 (/Users/chiplis/ironsmith-cf8-int/crates/ironsmith-compiler)
    Checking ironsmith-compiler-runtime v0.1.0 (/Users/chiplis/ironsmith-cf8-int/crates/ironsmith-compiler-runtime)
    Checking ironsmith-registry v0.1.0 (/Users/chiplis/ironsmith-cf8-int/crates/ironsmith-registry)
    Checking ironsmith-tools v0.1.0 (/Users/chiplis/ironsmith-cf8-int/crates/ironsmith-tools)
warning: unreachable pattern
   --> crates/ironsmith-compiler-lowering/src/lowering_impl/lower/damage_and_cost_rewrites.rs:220:17
    |
220 |                 _ => false,
    |                 ^ no value can reach this
    |
note: multiple earlier patterns match some of the same values
   --> crates/ironsmith-compiler-lowering/src/lowering_impl/lower/damage_and_cost_rewrites.rs:220:17
    |
211 |                 AbilityKind::Triggered(triggered) => {
    |                 --------------------------------- matches some of the same values
...
214 |                 AbilityKind::Static(static_ability) => {
    |                 ----------------------------------- matches some of the same values
...
217 |                 AbilityKind::Activated(activated) => {
    |                 --------------------------------- matches some of the same values
...
220 |                 _ => false,
    |                 ^ collectively making this unreachable
    = note: `#[warn(unreachable_patterns)]` on by default
    = note: the full name for the type has been written to '/Users/chiplis/ironsmith-cf8-int/target/debug/deps/ironsmith_compiler_lowering-f66a22d576a8c53e.long-type-4913715590874525966.txt'
    = note: consider using `--verbose` to print the full type name to the console

warning: unreachable pattern
   --> crates/ironsmith-compiler-lowering/src/lowering_impl/lower/damage_and_cost_rewrites.rs:273:17
    |
273 |                 _ => return Vec::new().into_iter(),
    |                 ^ no value can reach this
    |
note: multiple earlier patterns match some of the same values
   --> crates/ironsmith-compiler-lowering/src/lowering_impl/lower/damage_and_cost_rewrites.rs:273:17
    |
257 |                 AbilityKind::Triggered(triggered) => {
    |                 --------------------------------- matches some of the same values
...
260 |                 AbilityKind::Activated(activated) => {
    |                 --------------------------------- matches some of the same values
...
263 |                 AbilityKind::Static(static_ability) => {
    |                 ----------------------------------- matches some of the same values
...
273 |                 _ => return Vec::new().into_iter(),
    |                 ^ collectively making this unreachable
    = note: the full name for the type has been written to '/Users/chiplis/ironsmith-cf8-int/target/debug/deps/ironsmith_compiler_lowering-f66a22d576a8c53e.long-type-4913715590874525966.txt'
    = note: consider using `--verbose` to print the full type name to the console

warning: `ironsmith-compiler-lowering` (lib) generated 2 warnings
warning: `ironsmith-text` (lib) generated 1 warning (1 duplicate)
    Checking ironsmith-dynamic-compile v0.1.0 (/Users/chiplis/ironsmith-cf8-int/crates/ironsmith-dynamic-compile)
    Checking ironsmith-compiler-wasm v0.1.0 (/Users/chiplis/ironsmith-cf8-int/crates/ironsmith-compiler-wasm)
warning: function `count` is never used
   --> crates/ironsmith-tools/tests/runtime_weight_tap_reproductions.rs:271:4
    |
271 | fn count(g: &GameState, name: &str, zone: Zone) -> usize {
    |    ^^^^^
    |
    = note: `#[warn(dead_code)]` on by default

warning: `ironsmith-tools` (test "runtime_weight_tap_reproductions") generated 1 warning
warning: unused `std::result::Result` that must be used
   --> crates/ironsmith-tools/tests/runtime_nested_panic_reproductions.rs:157:9
    |
157 |         check_and_apply_sbas_with(game, &mut queue, dm);
    |         ^^^^^^^^^^^^^^^^^^^^^^^^^^^^^^^^^^^^^^^^^^^^^^^
    |
    = note: this `Result` may be an `Err` variant, which should be handled
    = note: `#[warn(unused_must_use)]` on by default
help: use `let _ = ...` to ignore the resulting value
    |
157 |         let _ = check_and_apply_sbas_with(game, &mut queue, dm);
    |         +++++++

warning: `ironsmith-tools` (test "runtime_nested_panic_reproductions") generated 1 warning
warning: unused import: `CounterType`
  --> crates/ironsmith-tools/tests/runtime_fixed_exile_remaining_reproductions.rs:17:41
   |
17 | use ironsmith::{CardDefinition, CardId, CounterType, GameState, ObjectId, Phase, PlayerId, Zone};
   |                                         ^^^^^^^^^^^
   |
   = note: `#[warn(unused_imports)]` on by default

warning: `ironsmith-tools` (test "runtime_fixed_exile_remaining_reproductions") generated 1 warning (run `cargo fix --test "runtime_fixed_exile_remaining_reproductions"` to apply 1 suggestion)
warning: function `announce_mana` is never used
   --> crates/ironsmith-tools/tests/runtime_ability_index_state_grant_reproductions.rs:249:4
    |
249 | fn announce_mana(
    |    ^^^^^^^^^^^^^
    |
    = note: `#[warn(dead_code)]` on by default

warning: `ironsmith-tools` (test "runtime_ability_index_state_grant_reproductions") generated 1 warning
warning: unused import: `TurnState`
  --> crates/ironsmith-tools/tests/runtime_alternative_tap_cost_reproductions.rs:19:54
   |
19 | use ironsmith::turn_runner::{TurnAction, TurnRunner, TurnState};
   |                                                      ^^^^^^^^^
   |
   = note: `#[warn(unused_imports)]` on by default

warning: function `find` is never used
   --> crates/ironsmith-tools/tests/runtime_alternative_tap_cost_reproductions.rs:333:4
    |
333 | fn find(g: &GameState, n: &str, z: Zone) -> Result<ObjectId, String> {
    |    ^^^^
    |
    = note: `#[warn(dead_code)]` on by default

warning: function `reach_main` is never used
   --> crates/ironsmith-tools/tests/runtime_alternative_tap_cost_reproductions.rs:369:4
    |
369 | fn reach_main(
    |    ^^^^^^^^^^

warning: function `priority` is never used
   --> crates/ironsmith-tools/tests/runtime_alternative_tap_cost_reproductions.rs:421:4
    |
421 | fn priority(g: &mut GameState, q: &mut TriggerQueue, p: u8, d: &mut Choices) -> Result<(), String> {
    |    ^^^^^^^^

warning: `ironsmith-tools` (test "runtime_alternative_tap_cost_reproductions") generated 4 warnings (run `cargo fix --test "runtime_alternative_tap_cost_reproductions"` to apply 1 suggestion)
warning: unused import: `ironsmith::cards::builders::CardDefinitionBuilder`
 --> crates/ironsmith-tools/tests/runtime_ability_index_station_reproductions.rs:2:5
  |
2 | use ironsmith::cards::builders::CardDefinitionBuilder;
  |     ^^^^^^^^^^^^^^^^^^^^^^^^^^^^^^^^^^^^^^^^^^^^^^^^^
  |
  = note: `#[warn(unused_imports)]` on by default

warning: unused import: `PowerToughness`
  --> crates/ironsmith-tools/tests/runtime_ability_index_station_reproductions.rs:15:70
   |
15 |     CardDefinition, CardId, CardType, GameState, ObjectId, PlayerId, PowerToughness, Zone,
   |                                                                      ^^^^^^^^^^^^^^

warning: function `advance_turn` is never used
   --> crates/ironsmith-tools/tests/runtime_ability_index_station_reproductions.rs:233:4
    |
233 | fn advance_turn(g: &mut GameState, q: &mut TriggerQueue, dm: &mut Choices) -> Result<(), String> {
    |    ^^^^^^^^^^^^
    |
    = note: `#[warn(dead_code)]` on by default

warning: `ironsmith-tools` (test "runtime_ability_index_station_reproductions") generated 3 warnings (run `cargo fix --test "runtime_ability_index_station_reproductions"` to apply 2 suggestions)
warning: function `advance_turn` is never used
   --> crates/ironsmith-tools/tests/runtime_station_threshold_static_reproductions.rs:232:4
    |
232 | fn advance_turn(g: &mut GameState, q: &mut TriggerQueue, dm: &mut Choices) -> Result<(), String> {
    |    ^^^^^^^^^^^^
    |
    = note: `#[warn(dead_code)]` on by default

warning: `ironsmith-tools` (test "runtime_station_threshold_static_reproductions") generated 1 warning
warning: function `find` is never used
   --> crates/ironsmith-tools/tests/runtime_single_tap_source_reproductions.rs:294:4
    |
294 | fn find(g: &GameState, n: &str, z: Zone) -> Result<ObjectId, String> {
    |    ^^^^
    |
    = note: `#[warn(dead_code)]` on by default

warning: function `get_stable` is never used
   --> crates/ironsmith-tools/tests/runtime_single_tap_source_reproductions.rs:406:4
    |
406 | fn get_stable(g: &GameState, id: ObjectId) -> u64 {
    |    ^^^^^^^^^^

warning: function `find_stable` is never used
   --> crates/ironsmith-tools/tests/runtime_single_tap_source_reproductions.rs:409:4
    |
409 | fn find_stable(g: &GameState, stable: u64) -> Option<ObjectId> {
    |    ^^^^^^^^^^^

warning: `ironsmith-tools` (test "runtime_single_tap_source_reproductions") generated 3 warnings
warning: unused import: `ObjectId`
  --> crates/ironsmith-tools/tests/runtime_ability_index_equipment_grant_reproductions.rs:15:50
   |
15 |     CardDefinition, CardId, CardType, GameState, ObjectId, PlayerId, PowerToughness, Zone,
   |                                                  ^^^^^^^^
   |
   = note: `#[warn(unused_imports)]` on by default

warning: `ironsmith-tools` (test "runtime_ability_index_equipment_grant_reproductions") generated 1 warning (run `cargo fix --test "runtime_ability_index_equipment_grant_reproductions"` to apply 1 suggestion)
warning: variable does not need to be mutable
  --> crates/ironsmith-tools/tests/runtime_dynamic_discard_cost_reproductions.rs:71:9
   |
71 |     let mut evidence=json!({"spell":def.name(),"mana_paid":mana-g.player(PlayerId(actor)).unwrap().mana_pool.total(),"announced_targets":...
   |         ----^^^^^^^^
   |         |
   |         help: remove this `mut`
   |
   = note: `#[warn(unused_mut)]` on by default

warning: `ironsmith-tools` (test "runtime_dynamic_discard_cost_reproductions") generated 1 warning (run `cargo fix --test "runtime_dynamic_discard_cost_reproductions"` to apply 1 suggestion)
warning: variable does not need to be mutable
  --> crates/ironsmith-tools/tests/runtime_counter_choice_sibling_reproductions.rs:56:9
   |
56 |     let mut evidence=json!({"spell":def.name(),"mana_paid":mana-g.player(PlayerId(actor)).unwrap().mana_pool.total(),"announced_targets":...
   |         ----^^^^^^^^
   |         |
   |         help: remove this `mut`
   |
   = note: `#[warn(unused_mut)]` on by default

warning: `ironsmith-tools` (test "runtime_counter_choice_sibling_reproductions") generated 1 warning (run `cargo fix --test "runtime_counter_choice_sibling_reproductions"` to apply 1 suggestion)
warning: unused `std::result::Result` that must be used
   --> crates/ironsmith-tools/tests/runtime_noncompletion_reproductions.rs:134:9
    |
134 |         check_and_apply_sbas_with(game, &mut queue, dm);
    |         ^^^^^^^^^^^^^^^^^^^^^^^^^^^^^^^^^^^^^^^^^^^^^^^
    |
    = note: this `Result` may be an `Err` variant, which should be handled
    = note: `#[warn(unused_must_use)]` on by default
help: use `let _ = ...` to ignore the resulting value
    |
134 |         let _ = check_and_apply_sbas_with(game, &mut queue, dm);
    |         +++++++

warning: `ironsmith-tools` (test "runtime_noncompletion_reproductions") generated 1 warning
warning: unused import: `ironsmith::object::CounterType`
  --> crates/ironsmith-tools/tests/runtime_mage_outcome_followups.rs:16:5
   |
16 | use ironsmith::object::CounterType;
   |     ^^^^^^^^^^^^^^^^^^^^^^^^^^^^^^
   |
   = note: `#[warn(unused_imports)]` on by default

warning: function `witness` is never used
   --> crates/ironsmith-tools/tests/runtime_mage_outcome_followups.rs:253:4
    |
253 | fn witness(name: &str, kind: CardType, cost: u8, with_x: bool) -> CardDefinition {
    |    ^^^^^^^
    |
    = note: `#[warn(dead_code)]` on by default

warning: `ironsmith-tools` (test "runtime_mage_outcome_followups") generated 2 warnings (run `cargo fix --test "runtime_mage_outcome_followups"` to apply 1 suggestion)
warning: unused `Result` that must be used
   --> crates/ironsmith-tools/tests/mechanics_audit_fixes_costs.rs:137:5
    |
137 |     g.refresh_continuous_state();
    |     ^^^^^^^^^^^^^^^^^^^^^^^^^^^^
    |
    = note: this `Result` may be an `Err` variant, which should be handled
    = note: `#[warn(unused_must_use)]` on by default
help: use `let _ = ...` to ignore the resulting value
    |
137 |     let _ = g.refresh_continuous_state();
    |     +++++++

warning: unused `Result` that must be used
   --> crates/ironsmith-tools/tests/mechanics_audit_fixes_costs.rs:210:9
    |
210 |         g.refresh_continuous_state();
    |         ^^^^^^^^^^^^^^^^^^^^^^^^^^^^
    |
    = note: this `Result` may be an `Err` variant, which should be handled
help: use `let _ = ...` to ignore the resulting value
    |
210 |         let _ = g.refresh_continuous_state();
    |         +++++++

warning: unused `Result` that must be used
   --> crates/ironsmith-tools/tests/mechanics_audit_fixes_costs.rs:259:5
    |
259 |     g.refresh_continuous_state();
    |     ^^^^^^^^^^^^^^^^^^^^^^^^^^^^
    |
    = note: this `Result` may be an `Err` variant, which should be handled
help: use `let _ = ...` to ignore the resulting value
    |
259 |     let _ = g.refresh_continuous_state();
    |     +++++++

warning: unused `Result` that must be used
   --> crates/ironsmith-tools/tests/mechanics_audit_fixes_costs.rs:384:9
    |
384 |         g.refresh_continuous_state();
    |         ^^^^^^^^^^^^^^^^^^^^^^^^^^^^
    |
    = note: this `Result` may be an `Err` variant, which should be handled
help: use `let _ = ...` to ignore the resulting value
    |
384 |         let _ = g.refresh_continuous_state();
    |         +++++++

warning: unused `Result` that must be used
   --> crates/ironsmith-tools/tests/mechanics_audit_fixes_costs.rs:424:5
    |
424 |     g.refresh_continuous_state();
    |     ^^^^^^^^^^^^^^^^^^^^^^^^^^^^
    |
    = note: this `Result` may be an `Err` variant, which should be handled
help: use `let _ = ...` to ignore the resulting value
    |
424 |     let _ = g.refresh_continuous_state();
    |     +++++++

warning: unused `Result` that must be used
   --> crates/ironsmith-tools/tests/mechanics_audit_fixes_costs.rs:551:5
    |
551 |     g.refresh_continuous_state();
    |     ^^^^^^^^^^^^^^^^^^^^^^^^^^^^
    |
    = note: this `Result` may be an `Err` variant, which should be handled
help: use `let _ = ...` to ignore the resulting value
    |
551 |     let _ = g.refresh_continuous_state();
    |     +++++++

warning: `ironsmith-tools` (test "mechanics_audit_fixes_costs") generated 6 warnings
warning: field `target_name` is never read
  --> crates/ironsmith-tools/tests/runtime_multitarget_optional_reproductions.rs:79:5
   |
74 | struct ProbeDm {
   |        ------- field in this struct
...
79 |     target_name: Option<String>,
   |     ^^^^^^^^^^^
   |
   = note: `#[warn(dead_code)]` on by default

warning: function `find` is never used
   --> crates/ironsmith-tools/tests/runtime_multitarget_optional_reproductions.rs:229:4
    |
229 | fn find(g: &GameState, name: &str, zone: Zone) -> Result<ObjectId, String> {
    |    ^^^^

warning: function `established` is never used
   --> crates/ironsmith-tools/tests/runtime_multitarget_optional_reproductions.rs:245:4
    |
245 | fn established(
    |    ^^^^^^^^^^^

warning: function `witness` is never used
   --> crates/ironsmith-tools/tests/runtime_multitarget_optional_reproductions.rs:262:4
    |
262 | fn witness(name: &str, kind: CardType, cost: u8, with_x: bool) -> CardDefinition {
    |    ^^^^^^^

warning: `ironsmith-tools` (test "runtime_multitarget_optional_reproductions") generated 4 warnings
warning: unused import: `ObjectId`
  --> crates/ironsmith-tools/tests/runtime_ability_index_reproductions.rs:15:50
   |
15 |     CardDefinition, CardId, CardType, GameState, ObjectId, PlayerId, PowerToughness, Zone,
   |                                                  ^^^^^^^^
   |
   = note: `#[warn(unused_imports)]` on by default

warning: `ironsmith-tools` (test "runtime_ability_index_reproductions") generated 1 warning (run `cargo fix --test "runtime_ability_index_reproductions"` to apply 1 suggestion)
warning: unused import: `resolve_stack_entry_with`
  --> crates/ironsmith-tools/tests/runtime_processor_reproductions.rs:13:5
   |
13 |     resolve_stack_entry_with,
   |     ^^^^^^^^^^^^^^^^^^^^^^^^
   |
   = note: `#[warn(unused_imports)]` on by default

warning: unused import: `ironsmith::object::CounterType`
  --> crates/ironsmith-tools/tests/runtime_processor_reproductions.rs:17:5
   |
17 | use ironsmith::object::CounterType;
   |     ^^^^^^^^^^^^^^^^^^^^^^^^^^^^^^

warning: `ironsmith-tools` (test "runtime_processor_reproductions") generated 2 warnings (run `cargo fix --test "runtime_processor_reproductions"` to apply 2 suggestions)
warning: unused import: `ObjectId`
  --> crates/ironsmith-tools/tests/runtime_ability_index_anthem_reproductions.rs:15:50
   |
15 |     CardDefinition, CardId, CardType, GameState, ObjectId, PlayerId, PowerToughness, Zone,
   |                                                  ^^^^^^^^
   |
   = note: `#[warn(unused_imports)]` on by default

warning: `ironsmith-tools` (test "runtime_ability_index_anthem_reproductions") generated 1 warning (run `cargo fix --test "runtime_ability_index_anthem_reproductions"` to apply 1 suggestion)
warning: unused `Result` that must be used
   --> crates/ironsmith-tools/src/bin/probe_badgermole_etb.rs:159:5
    |
159 |     game.refresh_continuous_state();
    |     ^^^^^^^^^^^^^^^^^^^^^^^^^^^^^^^
    |
    = note: this `Result` may be an `Err` variant, which should be handled
    = note: `#[warn(unused_must_use)]` on by default
help: use `let _ = ...` to ignore the resulting value
    |
159 |     let _ = game.refresh_continuous_state();
    |     +++++++

warning: unused `Result` that must be used
   --> crates/ironsmith-tools/src/bin/probe_badgermole_etb.rs:402:5
    |
402 |     game.refresh_continuous_state();
    |     ^^^^^^^^^^^^^^^^^^^^^^^^^^^^^^^
    |
    = note: this `Result` may be an `Err` variant, which should be handled
help: use `let _ = ...` to ignore the resulting value
    |
402 |     let _ = game.refresh_continuous_state();
    |     +++++++

warning: unused `Result` that must be used
   --> crates/ironsmith-tools/src/bin/probe_badgermole_etb.rs:504:9
    |
504 |         game.refresh_continuous_state();
    |         ^^^^^^^^^^^^^^^^^^^^^^^^^^^^^^^
    |
    = note: this `Result` may be an `Err` variant, which should be handled
help: use `let _ = ...` to ignore the resulting value
    |
504 |         let _ = game.refresh_continuous_state();
    |         +++++++

warning: unused `Result` that must be used
   --> crates/ironsmith-tools/src/bin/probe_badgermole_etb.rs:508:9
    |
508 |         game.refresh_continuous_state();
    |         ^^^^^^^^^^^^^^^^^^^^^^^^^^^^^^^
    |
    = note: this `Result` may be an `Err` variant, which should be handled
help: use `let _ = ...` to ignore the resulting value
    |
508 |         let _ = game.refresh_continuous_state();
    |         +++++++

warning: `ironsmith-tools` (bin "probe_badgermole_etb") generated 4 warnings
warning: unused import: `ironsmith::static_abilities::StaticAbilityId`
   --> crates/ironsmith-tools/tests/runtime_unattach_intrinsic_reproductions.rs:404:5
    |
404 | use ironsmith::static_abilities::StaticAbilityId;
    |     ^^^^^^^^^^^^^^^^^^^^^^^^^^^^^^^^^^^^^^^^^^^^
    |
    = note: `#[warn(unused_imports)]` on by default

warning: function `find` is never used
   --> crates/ironsmith-tools/tests/runtime_unattach_intrinsic_reproductions.rs:292:4
    |
292 | fn find(g: &GameState, n: &str, z: Zone) -> Result<ObjectId, String> {
    |    ^^^^
    |
    = note: `#[warn(dead_code)]` on by default

warning: `ironsmith-tools` (test "runtime_unattach_intrinsic_reproductions") generated 2 warnings (run `cargo fix --test "runtime_unattach_intrinsic_reproductions"` to apply 1 suggestion)
warning: `ironsmith-compiler-grammar` (lib) generated 9 warnings (9 duplicates)
warning: unused `std::result::Result` that must be used
   --> crates/ironsmith-tools/tests/reveal_in_hand_morph_costs.rs:271:9
    |
271 |         game.set_current_controller(source, ALICE); main(&mut game, ALICE);
    |         ^^^^^^^^^^^^^^^^^^^^^^^^^^^^^^^^^^^^^^^^^^
    |
    = note: this `Result` may be an `Err` variant, which should be handled
    = note: `#[warn(unused_must_use)]` on by default
help: use `let _ = ...` to ignore the resulting value
    |
271 |         let _ = game.set_current_controller(source, ALICE); main(&mut game, ALICE);
    |         +++++++

warning: unused `std::result::Result` that must be used
   --> crates/ironsmith-tools/tests/reveal_in_hand_morph_costs.rs:327:9
    |
327 |         game.set_current_controller(source, ALICE);
    |         ^^^^^^^^^^^^^^^^^^^^^^^^^^^^^^^^^^^^^^^^^^
    |
    = note: this `Result` may be an `Err` variant, which should be handled
help: use `let _ = ...` to ignore the resulting value
    |
327 |         let _ = game.set_current_controller(source, ALICE);
    |         +++++++

warning: `ironsmith-tools` (test "reveal_in_hand_morph_costs") generated 2 warnings
warning: variable does not need to be mutable
  --> crates/ironsmith-tools/src/bin/audit_unbound_reference_keys.rs:43:9
   |
43 |     let mut db = CardStatusDb::open(&db_path)?;
   |         ----^^
   |         |
   |         help: remove this `mut`
   |
   = note: `#[warn(unused_mut)]` on by default

warning: `ironsmith-tools` (bin "audit_unbound_reference_keys" test) generated 1 warning (run `cargo fix --bin "audit_unbound_reference_keys" --tests` to apply 1 suggestion)
   Compiling ironsmith-web-session v0.1.2 (/Users/chiplis/ironsmith-cf8-int/crates/ironsmith-web-session)
warning: field `activation_hint` is never read
  --> crates/ironsmith-tools/tests/runtime_ability_index_island_attack_reproductions.rs:29:5
   |
23 | struct Choices {
   |        ------- field in this struct
...
29 |     activation_hint: Option<&'static str>,
   |     ^^^^^^^^^^^^^^^
   |
   = note: `#[warn(dead_code)]` on by default

warning: function `announce` is never used
   --> crates/ironsmith-tools/tests/runtime_ability_index_island_attack_reproductions.rs:184:4
    |
184 | fn announce(
    |    ^^^^^^^^

warning: function `announce_mana` is never used
   --> crates/ironsmith-tools/tests/runtime_ability_index_island_attack_reproductions.rs:255:4
    |
255 | fn announce_mana(
    |    ^^^^^^^^^^^^^

warning: function `activation` is never used
   --> crates/ironsmith-tools/tests/runtime_ability_index_island_attack_reproductions.rs:287:4
    |
287 | fn activation(
    |    ^^^^^^^^^^

warning: `ironsmith-tools` (test "runtime_ability_index_island_attack_reproductions") generated 4 warnings
warning: function `find` is never used
  --> crates/ironsmith-tools/tests/runtime_gluntch_choice_reproductions.rs:89:4
   |
89 | fn find(g: &GameState, name: &str) -> Result<ObjectId,String> {
   |    ^^^^
   |
   = note: `#[warn(dead_code)]` on by default

warning: function `lands` is never used
  --> crates/ironsmith-tools/tests/runtime_gluntch_choice_reproductions.rs:92:4
   |
92 | fn lands(g: &GameState) -> usize {
   |    ^^^^^

warning: `ironsmith-tools` (test "runtime_gluntch_choice_reproductions") generated 2 warnings
warning: unused import: `ironsmith::object::CounterType`
  --> crates/ironsmith-tools/tests/runtime_konda_banner_reproductions.rs:16:5
   |
16 | use ironsmith::object::CounterType;
   |     ^^^^^^^^^^^^^^^^^^^^^^^^^^^^^^
   |
   = note: `#[warn(unused_imports)]` on by default

warning: function `count` is never used
   --> crates/ironsmith-tools/tests/runtime_konda_banner_reproductions.rs:211:4
    |
211 | fn count(g: &GameState, name: &str, zone: Zone) -> usize {
    |    ^^^^^
    |
    = note: `#[warn(dead_code)]` on by default

warning: function `cast` is never used
   --> crates/ironsmith-tools/tests/runtime_konda_banner_reproductions.rs:224:4
    |
224 | fn cast(
    |    ^^^^

warning: function `established` is never used
   --> crates/ironsmith-tools/tests/runtime_konda_banner_reproductions.rs:233:4
    |
233 | fn established(
    |    ^^^^^^^^^^^

warning: function `witness` is never used
   --> crates/ironsmith-tools/tests/runtime_konda_banner_reproductions.rs:250:4
    |
250 | fn witness(name: &str, kind: CardType, cost: u8, with_x: bool) -> CardDefinition {
    |    ^^^^^^^

warning: `ironsmith-tools` (test "runtime_konda_banner_reproductions") generated 5 warnings (run `cargo fix --test "runtime_konda_banner_reproductions"` to apply 1 suggestion)
warning: function `find` is never used
   --> crates/ironsmith-tools/tests/runtime_return_morph_kicker_reproductions.rs:251:4
    |
251 | fn find(g: &GameState, name: &str, zone: Zone) -> Result<ObjectId, String> {
    |    ^^^^
    |
    = note: `#[warn(dead_code)]` on by default

warning: function `action` is never used
   --> crates/ironsmith-tools/tests/runtime_return_morph_kicker_reproductions.rs:277:4
    |
277 | fn action(
    |    ^^^^^^

warning: `ironsmith-tools` (test "runtime_return_morph_kicker_reproductions") generated 2 warnings
warning: unused import: `std::collections::HashMap`
  --> crates/ironsmith-tools/tests/runtime_cultural_choice_reproductions.rs:13:5
   |
13 | use std::collections::HashMap;
   |     ^^^^^^^^^^^^^^^^^^^^^^^^^
   |
   = note: `#[warn(unused_imports)]` on by default

warning: function `find` is never used
  --> crates/ironsmith-tools/tests/runtime_cultural_choice_reproductions.rs:79:4
   |
79 | fn find(g: &GameState, name: &str) -> Result<ObjectId,String> {
   |    ^^^^
   |
   = note: `#[warn(dead_code)]` on by default

warning: function `lands` is never used
  --> crates/ironsmith-tools/tests/runtime_cultural_choice_reproductions.rs:82:4
   |
82 | fn lands(g: &GameState) -> usize {
   |    ^^^^^

warning: `ironsmith-tools` (test "runtime_cultural_choice_reproductions") generated 3 warnings (run `cargo fix --test "runtime_cultural_choice_reproductions"` to apply 1 suggestion)
warning: unused `Result` that must be used
  --> crates/ironsmith-tools/tests/world_war_hulk.rs:66:5
   |
66 |     game.refresh_continuous_state();
   |     ^^^^^^^^^^^^^^^^^^^^^^^^^^^^^^^
   |
   = note: this `Result` may be an `Err` variant, which should be handled
   = note: `#[warn(unused_must_use)]` on by default
help: use `let _ = ...` to ignore the resulting value
   |
66 |     let _ = game.refresh_continuous_state();
   |     +++++++

warning: `ironsmith-tools` (test "world_war_hulk") generated 1 warning
warning: unused import: `ObjectId`
  --> crates/ironsmith-tools/tests/runtime_ability_index_pair_reproductions.rs:15:50
   |
15 |     CardDefinition, CardId, CardType, GameState, ObjectId, PlayerId, PowerToughness, Zone,
   |                                                  ^^^^^^^^
   |
   = note: `#[warn(unused_imports)]` on by default

warning: unused imports: `AttackTarget` and `CombatState`
   --> crates/ironsmith-tools/tests/runtime_ability_index_pair_reproductions.rs:153:31
    |
153 | use ironsmith::combat_state::{AttackTarget, CombatState};
    |                               ^^^^^^^^^^^^  ^^^^^^^^^^^

warning: unused import: `ironsmith::decision::AttackerDeclaration`
   --> crates/ironsmith-tools/tests/runtime_ability_index_pair_reproductions.rs:154:5
    |
154 | use ironsmith::decision::AttackerDeclaration;
    |     ^^^^^^^^^^^^^^^^^^^^^^^^^^^^^^^^^^^^^^^^

warning: unused import: `ironsmith::Supertype`
   --> crates/ironsmith-tools/tests/runtime_ability_index_pair_reproductions.rs:215:5
    |
215 | use ironsmith::Supertype;
    |     ^^^^^^^^^^^^^^^^^^^^

warning: function `basic` is never used
  --> crates/ironsmith-tools/tests/runtime_ability_index_pair_reproductions.rs:61:4
   |
61 | fn basic(name: &str, kind: CardType) -> CardDefinition {
   |    ^^^^^
   |
   = note: `#[warn(dead_code)]` on by default

warning: function `start_next_turn` is never used
   --> crates/ironsmith-tools/tests/runtime_ability_index_pair_reproductions.rs:187:4
    |
187 | fn start_next_turn(
    |    ^^^^^^^^^^^^^^^

warning: function `next_own_turn` is never used
   --> crates/ironsmith-tools/tests/runtime_ability_index_pair_reproductions.rs:208:4
    |
208 | fn next_own_turn(g: &mut GameState, q: &mut TriggerQueue, dm: &mut Choices) -> Result<(), String> {
    |    ^^^^^^^^^^^^^

warning: `ironsmith-tools` (test "runtime_ability_index_pair_reproductions") generated 7 warnings (run `cargo fix --test "runtime_ability_index_pair_reproductions"` to apply 4 suggestions)
warning: unused `Result` that must be used
   --> crates/ironsmith-tools/tests/mechanics_audit_targeting.rs:598:9
    |
598 |         game.refresh_continuous_state();
    |         ^^^^^^^^^^^^^^^^^^^^^^^^^^^^^^^
    |
    = note: this `Result` may be an `Err` variant, which should be handled
    = note: `#[warn(unused_must_use)]` on by default
help: use `let _ = ...` to ignore the resulting value
    |
598 |         let _ = game.refresh_continuous_state();
    |         +++++++

warning: `ironsmith-tools` (test "mechanics_audit_targeting") generated 1 warning
warning: unused import: `ironsmith::object::CounterType`
  --> crates/ironsmith-tools/tests/runtime_token_capacity_reproductions.rs:16:5
   |
16 | use ironsmith::object::CounterType;
   |     ^^^^^^^^^^^^^^^^^^^^^^^^^^^^^^
   |
   = note: `#[warn(unused_imports)]` on by default

warning: function `count` is never used
   --> crates/ironsmith-tools/tests/runtime_token_capacity_reproductions.rs:214:4
    |
214 | fn count(g: &GameState, name: &str, zone: Zone) -> usize {
    |    ^^^^^
    |
    = note: `#[warn(dead_code)]` on by default

warning: function `witness` is never used
   --> crates/ironsmith-tools/tests/runtime_token_capacity_reproductions.rs:253:4
    |
253 | fn witness(name: &str, kind: CardType, cost: u8, with_x: bool) -> CardDefinition {
    |    ^^^^^^^

warning: `ironsmith-tools` (test "runtime_token_capacity_reproductions") generated 3 warnings (run `cargo fix --test "runtime_token_capacity_reproductions"` to apply 1 suggestion)
warning: unused import: `ironsmith::ability::AbilityKind`
 --> crates/ironsmith-tools/tests/runtime_astral_drift_reproductions.rs:2:5
  |
2 | use ironsmith::ability::AbilityKind;
  |     ^^^^^^^^^^^^^^^^^^^^^^^^^^^^^^^
  |
  = note: `#[warn(unused_imports)]` on by default

warning: unused import: `Subtype`
  --> crates/ironsmith-tools/tests/runtime_astral_drift_reproductions.rs:21:5
   |
21 |     Subtype, Zone,
   |     ^^^^^^^

warning: function `cast` is never used
   --> crates/ironsmith-tools/tests/runtime_astral_drift_reproductions.rs:157:4
    |
157 | fn cast(
    |    ^^^^
    |
    = note: `#[warn(dead_code)]` on by default

warning: function `attack` is never used
   --> crates/ironsmith-tools/tests/runtime_astral_drift_reproductions.rs:188:4
    |
188 | fn attack(
    |    ^^^^^^

warning: function `block` is never used
   --> crates/ironsmith-tools/tests/runtime_astral_drift_reproductions.rs:218:4
    |
218 | fn block(
    |    ^^^^^

warning: `ironsmith-tools` (test "runtime_astral_drift_reproductions") generated 5 warnings (run `cargo fix --test "runtime_astral_drift_reproductions"` to apply 2 suggestions)
warning: unused import: `ObjectId`
  --> crates/ironsmith-tools/tests/runtime_any_player_gate_reproductions.rs:14:63
   |
14 |     CardDefinition, CardId, CardType, CounterType, GameState, ObjectId, PlayerId, Zone,
   |                                                               ^^^^^^^^
   |
   = note: `#[warn(unused_imports)]` on by default

warning: `ironsmith-tools` (test "runtime_any_player_gate_reproductions") generated 1 warning (run `cargo fix --test "runtime_any_player_gate_reproductions"` to apply 1 suggestion)
warning: value assigned to `attackers` is never read
   --> crates/ironsmith-tools/tests/runtime_combat_tap_reproductions.rs:510:13
    |
510 |     let mut attackers = vec![];
    |             ^^^^^^^^^
    |
    = help: maybe it is overwritten before being read?
    = note: `#[warn(unused_assignments)]` on by default

warning: `ironsmith-tools` (test "runtime_combat_tap_reproductions") generated 1 warning
warning: variable does not need to be mutable
   --> crates/ironsmith-tools/tests/runtime_counter_cost_remaining_reproductions.rs:228:9
    |
228 |     let mut evidence = json!({"spell":def.name(),"mana_paid":mana-g.player(PlayerId(actor)).unwrap().mana_pool.total(),"announced_targets...
    |         ----^^^^^^^^
    |         |
    |         help: remove this `mut`
    |
    = note: `#[warn(unused_mut)]` on by default

warning: `ironsmith-tools` (test "runtime_counter_cost_remaining_reproductions") generated 1 warning (run `cargo fix --test "runtime_counter_cost_remaining_reproductions"` to apply 1 suggestion)
warning: unused import: `CounterType`
  --> crates/ironsmith-tools/tests/runtime_fixed_exile_graveyard_reproductions.rs:17:41
   |
17 | use ironsmith::{CardDefinition, CardId, CounterType, GameState, ObjectId, Phase, PlayerId, Zone};
   |                                         ^^^^^^^^^^^
   |
   = note: `#[warn(unused_imports)]` on by default

warning: `ironsmith-tools` (test "runtime_fixed_exile_graveyard_reproductions") generated 1 warning (run `cargo fix --test "runtime_fixed_exile_graveyard_reproductions"` to apply 1 suggestion)
warning: function `find` is never used
  --> crates/ironsmith-tools/tests/runtime_aura_reflexive_context_reproductions.rs:86:4
   |
86 | fn find(g: &GameState, name: &str) -> Result<ObjectId,String> {
   |    ^^^^
   |
   = note: `#[warn(dead_code)]` on by default

warning: function `lands` is never used
  --> crates/ironsmith-tools/tests/runtime_aura_reflexive_context_reproductions.rs:89:4
   |
89 | fn lands(g: &GameState) -> usize {
   |    ^^^^^

warning: `ironsmith-tools` (test "runtime_aura_reflexive_context_reproductions") generated 2 warnings
warning: unused import: `CounterType`
  --> crates/ironsmith-tools/tests/runtime_linked_face_cost_reproductions.rs:20:41
   |
20 | use ironsmith::{CardDefinition, CardId, CounterType, GameState, ObjectId, Phase, PlayerId, Zone};
   |                                         ^^^^^^^^^^^
   |
   = note: `#[warn(unused_imports)]` on by default

warning: function `next_main` is never used
   --> crates/ironsmith-tools/tests/runtime_linked_face_cost_reproductions.rs:312:4
    |
312 | fn next_main(g: &mut GameState) {
    |    ^^^^^^^^^
    |
    = note: `#[warn(dead_code)]` on by default

warning: function `paid_land` is never used
   --> crates/ironsmith-tools/tests/runtime_linked_face_cost_reproductions.rs:323:4
    |
323 | fn paid_land(
    |    ^^^^^^^^^

warning: function `named_counter` is never used
   --> crates/ironsmith-tools/tests/runtime_linked_face_cost_reproductions.rs:356:4
    |
356 | fn named_counter(g: &GameState, id: ObjectId, n: &str) -> u32 {
    |    ^^^^^^^^^^^^^

warning: `ironsmith-tools` (test "runtime_linked_face_cost_reproductions") generated 4 warnings (run `cargo fix --test "runtime_linked_face_cost_reproductions"` to apply 1 suggestion)
warning: unused import: `CounterType`
  --> crates/ironsmith-tools/tests/runtime_single_exile_remaining_reproductions.rs:17:41
   |
17 | use ironsmith::{CardDefinition, CardId, CounterType, GameState, ObjectId, Phase, PlayerId, Zone};
   |                                         ^^^^^^^^^^^
   |
   = note: `#[warn(unused_imports)]` on by default

warning: function `named_counter` is never used
   --> crates/ironsmith-tools/tests/runtime_single_exile_remaining_reproductions.rs:345:4
    |
345 | fn named_counter(g: &GameState, id: ObjectId, n: &str) -> u32 {
    |    ^^^^^^^^^^^^^
    |
    = note: `#[warn(dead_code)]` on by default

warning: `ironsmith-tools` (test "runtime_single_exile_remaining_reproductions") generated 2 warnings (run `cargo fix --test "runtime_single_exile_remaining_reproductions"` to apply 1 suggestion)
warning: unused import: `ObjectId`
  --> crates/ironsmith-tools/tests/runtime_ability_index_devotion_reproductions.rs:15:50
   |
15 |     CardDefinition, CardId, CardType, GameState, ObjectId, PlayerId, PowerToughness, Zone,
   |                                                  ^^^^^^^^
   |
   = note: `#[warn(unused_imports)]` on by default

warning: `ironsmith-tools` (test "runtime_ability_index_devotion_reproductions") generated 1 warning (run `cargo fix --test "runtime_ability_index_devotion_reproductions"` to apply 1 suggestion)
warning: function `lands` is never used
  --> crates/ironsmith-tools/tests/runtime_boreas_choice_reproductions.rs:92:4
   |
92 | fn lands(g: &GameState) -> usize {
   |    ^^^^^
   |
   = note: `#[warn(dead_code)]` on by default

warning: `ironsmith-tools` (test "runtime_boreas_choice_reproductions") generated 1 warning
warning: unused import: `PowerToughness`
  --> crates/ironsmith-tools/tests/runtime_ability_index_land_mill_reproductions.rs:15:70
   |
15 |     CardDefinition, CardId, CardType, GameState, ObjectId, PlayerId, PowerToughness, Zone,
   |                                                                      ^^^^^^^^^^^^^^
   |
   = note: `#[warn(unused_imports)]` on by default

warning: `ironsmith-tools` (test "runtime_ability_index_land_mill_reproductions") generated 1 warning (run `cargo fix --test "runtime_ability_index_land_mill_reproductions"` to apply 1 suggestion)
warning: unused imports: `drain_pending_trigger_events`, `put_triggers_on_stack_with_dm`, and `resolve_stack_entry_with`
  --> crates/ironsmith-tools/tests/runtime_sacrifice_cost_reproductions.rs:11:38
   |
11 |     apply_priority_response_with_dm, drain_pending_trigger_events, put_triggers_on_stack_with_dm,
   |                                      ^^^^^^^^^^^^^^^^^^^^^^^^^^^^  ^^^^^^^^^^^^^^^^^^^^^^^^^^^^^
12 |     resolve_stack_entry_with,
   |     ^^^^^^^^^^^^^^^^^^^^^^^^
   |
   = note: `#[warn(unused_imports)]` on by default

warning: unused import: `ManaCost`
  --> crates/ironsmith-tools/tests/runtime_sacrifice_cost_reproductions.rs:15:23
   |
15 | use ironsmith::mana::{ManaCost, ManaSymbol};
   |                       ^^^^^^^^

warning: unused import: `Effect`
  --> crates/ironsmith-tools/tests/runtime_sacrifice_cost_reproductions.rs:18:39
   |
18 |     CardDefinition, CardId, CardType, Effect, GameState, ObjectId, PlayerId, PowerToughness, Zone,
   |                                       ^^^^^^

warning: function `bob` is never used
  --> crates/ironsmith-tools/tests/runtime_sacrifice_cost_reproductions.rs:46:4
   |
46 | fn bob() -> PlayerId {
   |    ^^^
   |
   = note: `#[warn(dead_code)]` on by default

warning: `ironsmith-tools` (test "runtime_sacrifice_cost_reproductions") generated 4 warnings (run `cargo fix --test "runtime_sacrifice_cost_reproductions"` to apply 3 suggestions)
warning: function `find` is never used
  --> crates/ironsmith-tools/tests/runtime_backdraft_reproductions.rs:89:4
   |
89 | fn find(g: &GameState, name: &str) -> Result<ObjectId,String> {
   |    ^^^^
   |
   = note: `#[warn(dead_code)]` on by default

warning: function `lands` is never used
  --> crates/ironsmith-tools/tests/runtime_backdraft_reproductions.rs:92:4
   |
92 | fn lands(g: &GameState) -> usize {
   |    ^^^^^

warning: `ironsmith-tools` (test "runtime_backdraft_reproductions") generated 2 warnings
warning: method `no` is never used
   --> crates/ironsmith-tools/tests/mechanics_audit_casting.rs:110:8
    |
 91 | impl Dm {
    | ------- method in this implementation
...
110 |     fn no(mut self) -> Self {
    |        ^^
    |
    = note: `#[warn(dead_code)]` on by default

warning: unused `Result` that must be used
   --> crates/ironsmith-tools/tests/mechanics_audit_casting.rs:355:9
    |
355 |         game.refresh_continuous_state();
    |         ^^^^^^^^^^^^^^^^^^^^^^^^^^^^^^^
    |
    = note: this `Result` may be an `Err` variant, which should be handled
    = note: `#[warn(unused_must_use)]` on by default
help: use `let _ = ...` to ignore the resulting value
    |
355 |         let _ = game.refresh_continuous_state();
    |         +++++++

warning: unused `Result` that must be used
   --> crates/ironsmith-tools/tests/mechanics_audit_casting.rs:462:9
    |
462 |         game.refresh_continuous_state();
    |         ^^^^^^^^^^^^^^^^^^^^^^^^^^^^^^^
    |
    = note: this `Result` may be an `Err` variant, which should be handled
help: use `let _ = ...` to ignore the resulting value
    |
462 |         let _ = game.refresh_continuous_state();
    |         +++++++

warning: unused `Result` that must be used
   --> crates/ironsmith-tools/tests/mechanics_audit_casting.rs:596:9
    |
596 |         game.refresh_continuous_state();
    |         ^^^^^^^^^^^^^^^^^^^^^^^^^^^^^^^
    |
    = note: this `Result` may be an `Err` variant, which should be handled
help: use `let _ = ...` to ignore the resulting value
    |
596 |         let _ = game.refresh_continuous_state();
    |         +++++++

warning: unused `Result` that must be used
   --> crates/ironsmith-tools/tests/mechanics_audit_casting.rs:722:9
    |
722 |         game.refresh_continuous_state();
    |         ^^^^^^^^^^^^^^^^^^^^^^^^^^^^^^^
    |
    = note: this `Result` may be an `Err` variant, which should be handled
help: use `let _ = ...` to ignore the resulting value
    |
722 |         let _ = game.refresh_continuous_state();
    |         +++++++

warning: unused `Result` that must be used
   --> crates/ironsmith-tools/tests/mechanics_audit_casting.rs:748:9
    |
748 |         game.refresh_continuous_state();
    |         ^^^^^^^^^^^^^^^^^^^^^^^^^^^^^^^
    |
    = note: this `Result` may be an `Err` variant, which should be handled
help: use `let _ = ...` to ignore the resulting value
    |
748 |         let _ = game.refresh_continuous_state();
    |         +++++++

warning: unused `Result` that must be used
   --> crates/ironsmith-tools/tests/mechanics_audit_casting.rs:774:9
    |
774 |         game.refresh_continuous_state();
    |         ^^^^^^^^^^^^^^^^^^^^^^^^^^^^^^^
    |
    = note: this `Result` may be an `Err` variant, which should be handled
help: use `let _ = ...` to ignore the resulting value
    |
774 |         let _ = game.refresh_continuous_state();
    |         +++++++

warning: unused `Result` that must be used
   --> crates/ironsmith-tools/tests/mechanics_audit_casting.rs:779:9
    |
779 |         game.refresh_continuous_state();
    |         ^^^^^^^^^^^^^^^^^^^^^^^^^^^^^^^
    |
    = note: this `Result` may be an `Err` variant, which should be handled
help: use `let _ = ...` to ignore the resulting value
    |
779 |         let _ = game.refresh_continuous_state();
    |         +++++++

warning: unused `Result` that must be used
   --> crates/ironsmith-tools/tests/mechanics_audit_casting.rs:834:9
    |
834 |         game.refresh_continuous_state();
    |         ^^^^^^^^^^^^^^^^^^^^^^^^^^^^^^^
    |
    = note: this `Result` may be an `Err` variant, which should be handled
help: use `let _ = ...` to ignore the resulting value
    |
834 |         let _ = game.refresh_continuous_state();
    |         +++++++

warning: unused `Result` that must be used
   --> crates/ironsmith-tools/tests/mechanics_audit_casting.rs:838:9
    |
838 |         game.refresh_continuous_state();
    |         ^^^^^^^^^^^^^^^^^^^^^^^^^^^^^^^
    |
    = note: this `Result` may be an `Err` variant, which should be handled
help: use `let _ = ...` to ignore the resulting value
    |
838 |         let _ = game.refresh_continuous_state();
    |         +++++++

warning: unused `Result` that must be used
   --> crates/ironsmith-tools/tests/mechanics_audit_casting.rs:867:9
    |
867 |         game.refresh_continuous_state();
    |         ^^^^^^^^^^^^^^^^^^^^^^^^^^^^^^^
    |
    = note: this `Result` may be an `Err` variant, which should be handled
help: use `let _ = ...` to ignore the resulting value
    |
867 |         let _ = game.refresh_continuous_state();
    |         +++++++

warning: unused `Result` that must be used
   --> crates/ironsmith-tools/tests/mechanics_audit_casting.rs:913:9
    |
913 |         game.refresh_continuous_state();
    |         ^^^^^^^^^^^^^^^^^^^^^^^^^^^^^^^
    |
    = note: this `Result` may be an `Err` variant, which should be handled
help: use `let _ = ...` to ignore the resulting value
    |
913 |         let _ = game.refresh_continuous_state();
    |         +++++++

warning: unused `Result` that must be used
   --> crates/ironsmith-tools/tests/mechanics_audit_casting.rs:940:9
    |
940 |         game.refresh_continuous_state();
    |         ^^^^^^^^^^^^^^^^^^^^^^^^^^^^^^^
    |
    = note: this `Result` may be an `Err` variant, which should be handled
help: use `let _ = ...` to ignore the resulting value
    |
940 |         let _ = game.refresh_continuous_state();
    |         +++++++

warning: unused `Result` that must be used
   --> crates/ironsmith-tools/tests/mechanics_audit_casting.rs:988:9
    |
988 |         game.refresh_continuous_state();
    |         ^^^^^^^^^^^^^^^^^^^^^^^^^^^^^^^
    |
    = note: this `Result` may be an `Err` variant, which should be handled
help: use `let _ = ...` to ignore the resulting value
    |
988 |         let _ = game.refresh_continuous_state();
    |         +++++++

warning: unused `Result` that must be used
   --> crates/ironsmith-tools/tests/mechanics_audit_casting.rs:995:9
    |
995 |         game.refresh_continuous_state();
    |         ^^^^^^^^^^^^^^^^^^^^^^^^^^^^^^^
    |
    = note: this `Result` may be an `Err` variant, which should be handled
help: use `let _ = ...` to ignore the resulting value
    |
995 |         let _ = game.refresh_continuous_state();
    |         +++++++

warning: unused `Result` that must be used
    --> crates/ironsmith-tools/tests/mechanics_audit_casting.rs:1015:9
     |
1015 |         game.refresh_continuous_state();
     |         ^^^^^^^^^^^^^^^^^^^^^^^^^^^^^^^
     |
     = note: this `Result` may be an `Err` variant, which should be handled
help: use `let _ = ...` to ignore the resulting value
     |
1015 |         let _ = game.refresh_continuous_state();
     |         +++++++

warning: unused `Result` that must be used
    --> crates/ironsmith-tools/tests/mechanics_audit_casting.rs:1064:9
     |
1064 |         game.refresh_continuous_state();
     |         ^^^^^^^^^^^^^^^^^^^^^^^^^^^^^^^
     |
     = note: this `Result` may be an `Err` variant, which should be handled
help: use `let _ = ...` to ignore the resulting value
     |
1064 |         let _ = game.refresh_continuous_state();
     |         +++++++

warning: unused `Result` that must be used
    --> crates/ironsmith-tools/tests/mechanics_audit_casting.rs:1081:9
     |
1081 |         game.refresh_continuous_state();
     |         ^^^^^^^^^^^^^^^^^^^^^^^^^^^^^^^
     |
     = note: this `Result` may be an `Err` variant, which should be handled
help: use `let _ = ...` to ignore the resulting value
     |
1081 |         let _ = game.refresh_continuous_state();
     |         +++++++

warning: `ironsmith-tools` (test "mechanics_audit_casting") generated 18 warnings
warning: variable does not need to be mutable
  --> crates/ironsmith-tools/tests/runtime_damage_distribution_reproductions.rs:65:9
   |
65 |     let mut evidence=json!({"spell":def.name(),"mana_paid":mana-g.player(PlayerId(actor)).unwrap().mana_pool.total(),"announced_targets":...
   |         ----^^^^^^^^
   |         |
   |         help: remove this `mut`
   |
   = note: `#[warn(unused_mut)]` on by default

warning: function `find` is never used
  --> crates/ironsmith-tools/tests/runtime_damage_distribution_reproductions.rs:86:4
   |
86 | fn find(g: &GameState, name: &str) -> Result<ObjectId,String> {
   |    ^^^^
   |
   = note: `#[warn(dead_code)]` on by default

warning: function `lands` is never used
  --> crates/ironsmith-tools/tests/runtime_damage_distribution_reproductions.rs:89:4
   |
89 | fn lands(g: &GameState) -> usize {
   |    ^^^^^

warning: `ironsmith-tools` (test "runtime_damage_distribution_reproductions") generated 3 warnings (run `cargo fix --test "runtime_damage_distribution_reproductions"` to apply 1 suggestion)
warning: unused import: `ObjectId`
  --> crates/ironsmith-tools/tests/runtime_ability_index_rule_reproductions.rs:15:50
   |
15 |     CardDefinition, CardId, CardType, GameState, ObjectId, PlayerId, PowerToughness, Zone,
   |                                                  ^^^^^^^^
   |
   = note: `#[warn(unused_imports)]` on by default

warning: `ironsmith-tools` (test "runtime_ability_index_rule_reproductions") generated 1 warning (run `cargo fix --test "runtime_ability_index_rule_reproductions"` to apply 1 suggestion)
warning: unused import: `CounterType`
  --> crates/ironsmith-tools/tests/runtime_prepare_entry_reproductions.rs:20:41
   |
20 | use ironsmith::{CardDefinition, CardId, CounterType, GameState, ObjectId, Phase, PlayerId, Zone};
   |                                         ^^^^^^^^^^^
   |
   = note: `#[warn(unused_imports)]` on by default

warning: function `set_actor` is never used
   --> crates/ironsmith-tools/tests/runtime_prepare_entry_reproductions.rs:282:4
    |
282 | fn set_actor(g: &mut GameState, dm: &mut Dm, p: PlayerId) {
    |    ^^^^^^^^^
    |
    = note: `#[warn(dead_code)]` on by default

warning: function `next_main` is never used
   --> crates/ironsmith-tools/tests/runtime_prepare_entry_reproductions.rs:315:4
    |
315 | fn next_main(g: &mut GameState) {
    |    ^^^^^^^^^

warning: function `named_counter` is never used
   --> crates/ironsmith-tools/tests/runtime_prepare_entry_reproductions.rs:359:4
    |
359 | fn named_counter(g: &GameState, id: ObjectId, n: &str) -> u32 {
    |    ^^^^^^^^^^^^^

warning: `ironsmith-tools` (test "runtime_prepare_entry_reproductions") generated 4 warnings (run `cargo fix --test "runtime_prepare_entry_reproductions"` to apply 1 suggestion)
warning: unnecessary parentheses around pattern
  --> crates/ironsmith-web-session/../ironsmith-wasm/src/wasm_game_impl/helpers.rs:64:16
   |
64 |         && let (CastingMethodRef::FaceDown { face_down_kind, face_down_permission_source }
   |                ^
65 |             | CastingMethodRef::FaceDownPlayFrom { face_down_kind, face_down_permission_source, .. }) = casting_method.origin_method_mut()
   |                                                                                                     ^
   |
   = note: `#[warn(unused_parens)]` on by default
help: remove these parentheses
   |
64 ~         && let CastingMethodRef::FaceDown { face_down_kind, face_down_permission_source }
65 ~             | CastingMethodRef::FaceDownPlayFrom { face_down_kind, face_down_permission_source, .. } = casting_method.origin_method_mut()
   |

warning: unnecessary parentheses around pattern
  --> crates/ironsmith-web-session/../ironsmith-wasm/src/wasm_game_impl/helpers.rs:85:16
   |
85 |         && let (CastingMethodRef::FaceDown { face_down_kind, face_down_permission_source }
   |                ^
86 |             | CastingMethodRef::FaceDownPlayFrom { face_down_kind, face_down_permission_source, .. }) = casting_method.origin_method_mut()
   |                                                                                                     ^
   |
help: remove these parentheses
   |
85 ~         && let CastingMethodRef::FaceDown { face_down_kind, face_down_permission_source }
86 ~             | CastingMethodRef::FaceDownPlayFrom { face_down_kind, face_down_permission_source, .. } = casting_method.origin_method_mut()
   |

warning: unnecessary parentheses around pattern
    --> crates/ironsmith-web-session/../ironsmith-wasm/src/wasm_game_impl/helpers.rs:1439:16
     |
1439 |         if let (PriorityActionRef::OpenExiledCardForPlay { card_id, incarnation, .. }
     |                ^
1440 |             | PriorityActionRef::CastExiledCardFaceDown { card_id, incarnation, .. }) = action_ref {
     |                                                                                     ^
     |
help: remove these parentheses
     |
1439 ~         if let PriorityActionRef::OpenExiledCardForPlay { card_id, incarnation, .. }
1440 ~             | PriorityActionRef::CastExiledCardFaceDown { card_id, incarnation, .. } = action_ref {
     |

warning: unused variable: `method`
   --> crates/ironsmith-web-session/../ironsmith-wasm/src/wasm_game_impl/helpers.rs:888:13
    |
888 |             method,
    |             ^^^^^^ help: try ignoring the field: `method: _`
    |
    = note: `#[warn(unused_variables)]` on by default

warning: unused variable: `method`
   --> crates/ironsmith-web-session/../ironsmith-wasm/src/wasm_game_impl/helpers.rs:906:17
    |
906 |                 method,
    |                 ^^^^^^ help: try ignoring the field: `method: _`

warning: unused import: `drain_pending_trigger_events`
  --> crates/ironsmith-web-session/../ironsmith-wasm/src/lib.rs:42:70
   |
42 |     apply_decision_context_with_dm, apply_priority_response_with_dm, drain_pending_trigger_events,
   |                                                                      ^^^^^^^^^^^^^^^^^^^^^^^^^^^^
   |
   = note: `#[warn(unused_imports)]` on by default

warning: function `describe_action` is never used
   --> crates/ironsmith-web-session/../ironsmith-wasm/src/wasm_game_impl/helpers.rs:664:15
    |
664 | pub(super) fn describe_action(game: &GameState, action: &LegalAction)
    |               ^^^^^^^^^^^^^^^
    |
    = note: `#[warn(dead_code)]` on by default

warning: field `0` is never read
   --> crates/ironsmith-web-session/../ironsmith-wasm/src/wasm_game_impl/dispatch.rs:115:25
    |
115 |     ContinuousDiscovery(ironsmith::static_ability_processor::StaticEffectDiscoveryError),
    |     ------------------- ^^^^^^^^^^^^^^^^^^^^^^^^^^^^^^^^^^^^^^^^^^^^^^^^^^^^^^^^^^^^^^^
    |     |
    |     field in this variant
    |
    = note: `ForceFaceUpError` has a derived impl for the trait `Debug`, but this is intentionally ignored during dead code analysis
help: consider changing the field to be of unit type to suppress this warning while preserving the field numbering, or remove the field
    |
115 -     ContinuousDiscovery(ironsmith::static_ability_processor::StaticEffectDiscoveryError),
115 +     ContinuousDiscovery(()),
    |

warning: field `0` is never read
   --> crates/ironsmith-web-session/../ironsmith-wasm/src/wasm_game_impl/dispatch.rs:116:15
    |
116 |     Execution(ironsmith::effects::ExecutionError),
    |     --------- ^^^^^^^^^^^^^^^^^^^^^^^^^^^^^^^^^^
    |     |
    |     field in this variant
    |
    = note: `ForceFaceUpError` has a derived impl for the trait `Debug`, but this is intentionally ignored during dead code analysis
help: consider changing the field to be of unit type to suppress this warning while preserving the field numbering, or remove the field
    |
116 -     Execution(ironsmith::effects::ExecutionError),
116 +     Execution(()),
    |

warning: field `0` is never read
   --> crates/ironsmith-web-session/../ironsmith-wasm/src/wasm_game_impl/dispatch.rs:120:18
    |
120 |     TriggerStack(String),
    |     ------------ ^^^^^^
    |     |
    |     field in this variant
    |
    = note: `ForceFaceUpError` has a derived impl for the trait `Debug`, but this is intentionally ignored during dead code analysis
help: consider changing the field to be of unit type to suppress this warning while preserving the field numbering, or remove the field
    |
120 -     TriggerStack(String),
120 +     TriggerStack(()),
    |

warning: `ironsmith-web-session` (lib) generated 10 warnings (5 duplicates) (run `cargo fix --lib -p ironsmith-web-session` to apply 1 suggestion)
    Checking ironsmith-engine-wasm v0.1.2 (/Users/chiplis/ironsmith-cf8-int/crates/ironsmith-wasm)
warning: unused `Result` that must be used
   --> crates/ironsmith-tools/tests/encore.rs:177:5
    |
177 |     game.refresh_continuous_state();
    |     ^^^^^^^^^^^^^^^^^^^^^^^^^^^^^^^
    |
    = note: this `Result` may be an `Err` variant, which should be handled
    = note: `#[warn(unused_must_use)]` on by default
help: use `let _ = ...` to ignore the resulting value
    |
177 |     let _ = game.refresh_continuous_state();
    |     +++++++

warning: unused `Result` that must be used
   --> crates/ironsmith-tools/tests/encore.rs:289:5
    |
289 |     game.refresh_continuous_state();
    |     ^^^^^^^^^^^^^^^^^^^^^^^^^^^^^^^
    |
    = note: this `Result` may be an `Err` variant, which should be handled
help: use `let _ = ...` to ignore the resulting value
    |
289 |     let _ = game.refresh_continuous_state();
    |     +++++++

warning: `ironsmith-tools` (test "encore") generated 2 warnings
warning: unreachable pattern
    --> crates/ironsmith-web-session/../ironsmith-wasm/src/wasm_game_impl/manabrew_compat.rs:4329:620
     |
4329 | ...isionAnswer::Number(value) if value==chosen));break;},_=>panic!("number choice must preserve its command family")}
     |                                                          ^ no value can reach this
     |
note: multiple earlier patterns match some of the same values
    --> crates/ironsmith-web-session/../ironsmith-wasm/src/wasm_game_impl/manabrew_compat.rs:4329:620
     |
4329 | ...n {ManabrewResponseAction::Continue{input:next,binding:next_binding}=>{input=next;binding=next_binding;},ManabrewResponseAction::Dispatch(command)=>{assert_eq!(remaining,0,"unsigned residual cannot be discarded");let wire=serde_json::to_value(command).unwrap();assert_eq!(wire,serde_json::json!({"type":"number_choice","value":chosen}));let decoded:UiCommand=serde_json::from_value(wire).unwrap();let mut backend=WasmGame::new();let replay=backend.command_to_replay_answer(&context(min,max),decoded).unwrap();assert!(matches!(replay,ReplayDecisionAnswer::Number(value) if value==chosen));break;},_=>p...
     |       ----------------------------------------------------------------- matches some of the same values     ----------------------------------------- matches some of the same values                                                                                                                                                                                                                                                                                                                                                                                                                                  ^ collectively making this unreachable
     = note: `#[warn(unreachable_patterns)]` on by default

warning: function `action` is never used
   --> crates/ironsmith-tools/tests/runtime_spell_return_land_reproductions.rs:277:4
    |
277 | fn action(
    |    ^^^^^^
    |
    = note: `#[warn(dead_code)]` on by default

warning: `ironsmith-tools` (test "runtime_spell_return_land_reproductions") generated 1 warning
warning: unused `Result` that must be used
  --> crates/ironsmith-tools/tests/unable_to_scream.rs:47:5
   |
47 |     game.refresh_continuous_state();
   |     ^^^^^^^^^^^^^^^^^^^^^^^^^^^^^^^
   |
   = note: this `Result` may be an `Err` variant, which should be handled
   = note: `#[warn(unused_must_use)]` on by default
help: use `let _ = ...` to ignore the resulting value
   |
47 |     let _ = game.refresh_continuous_state();
   |     +++++++

warning: function `battlefield_snapshot_marks_summoning_sickness_and_active_aura` is never used
    --> crates/ironsmith-web-session/../ironsmith-wasm/src/ui_snapshot.rs:5325:8
     |
5325 |     fn battlefield_snapshot_marks_summoning_sickness_and_active_aura() {
     |        ^^^^^^^^^^^^^^^^^^^^^^^^^^^^^^^^^^^^^^^^^^^^^^^^^^^^^^^^^^^^^
     |
     = note: `#[warn(dead_code)]` on by default

warning: unused `Result` that must be used
  --> crates/ironsmith-tools/tests/unable_to_scream.rs:84:5
   |
84 |     game.refresh_continuous_state();
   |     ^^^^^^^^^^^^^^^^^^^^^^^^^^^^^^^
   |
   = note: this `Result` may be an `Err` variant, which should be handled
help: use `let _ = ...` to ignore the resulting value
   |
84 |     let _ = game.refresh_continuous_state();
   |     +++++++

warning: unused `Result` that must be used
  --> crates/ironsmith-tools/tests/unable_to_scream.rs:98:5
   |
98 |     game.refresh_continuous_state();
   |     ^^^^^^^^^^^^^^^^^^^^^^^^^^^^^^^
   |
   = note: this `Result` may be an `Err` variant, which should be handled
help: use `let _ = ...` to ignore the resulting value
   |
98 |     let _ = game.refresh_continuous_state();
   |     +++++++

warning: unused `Result` that must be used
   --> crates/ironsmith-tools/tests/unable_to_scream.rs:126:5
    |
126 |     game.refresh_continuous_state();
    |     ^^^^^^^^^^^^^^^^^^^^^^^^^^^^^^^
    |
    = note: this `Result` may be an `Err` variant, which should be handled
help: use `let _ = ...` to ignore the resulting value
    |
126 |     let _ = game.refresh_continuous_state();
    |     +++++++

warning: unused `Result` that must be used
   --> crates/ironsmith-tools/tests/unable_to_scream.rs:148:5
    |
148 |     game.refresh_continuous_state();
    |     ^^^^^^^^^^^^^^^^^^^^^^^^^^^^^^^
    |
    = note: this `Result` may be an `Err` variant, which should be handled
help: use `let _ = ...` to ignore the resulting value
    |
148 |     let _ = game.refresh_continuous_state();
    |     +++++++

warning: unused `Result` that must be used
   --> crates/ironsmith-tools/tests/unable_to_scream.rs:155:5
    |
155 |     game.refresh_continuous_state();
    |     ^^^^^^^^^^^^^^^^^^^^^^^^^^^^^^^
    |
    = note: this `Result` may be an `Err` variant, which should be handled
help: use `let _ = ...` to ignore the resulting value
    |
155 |     let _ = game.refresh_continuous_state();
    |     +++++++

warning: `ironsmith-tools` (test "unable_to_scream") generated 6 warnings
warning: unused `std::result::Result` that must be used
    --> crates/ironsmith-web-session/../ironsmith-wasm/src/ui_snapshot.rs:4230:9
     |
4230 |         game.refresh_continuous_state();
     |         ^^^^^^^^^^^^^^^^^^^^^^^^^^^^^^^
     |
     = note: this `Result` may be an `Err` variant, which should be handled
     = note: `#[warn(unused_must_use)]` on by default
help: use `let _ = ...` to ignore the resulting value
     |
4230 |         let _ = game.refresh_continuous_state();
     |         +++++++

warning: unused `std::result::Result` that must be used
    --> crates/ironsmith-web-session/../ironsmith-wasm/src/ui_snapshot.rs:5804:9
     |
5804 |         game.refresh_continuous_state();
     |         ^^^^^^^^^^^^^^^^^^^^^^^^^^^^^^^
     |
     = note: this `Result` may be an `Err` variant, which should be handled
help: use `let _ = ...` to ignore the resulting value
     |
5804 |         let _ = game.refresh_continuous_state();
     |         +++++++

warning: unused `std::result::Result` that must be used
    --> crates/ironsmith-web-session/../ironsmith-wasm/src/ui_snapshot.rs:5875:9
     |
5875 |         game.refresh_continuous_state();
     |         ^^^^^^^^^^^^^^^^^^^^^^^^^^^^^^^
     |
     = note: this `Result` may be an `Err` variant, which should be handled
help: use `let _ = ...` to ignore the resulting value
     |
5875 |         let _ = game.refresh_continuous_state();
     |         +++++++

warning: unused `std::result::Result` that must be used
    --> crates/ironsmith-web-session/../ironsmith-wasm/src/ui_snapshot.rs:5994:9
     |
5994 |         wasm.game.refresh_continuous_state();
     |         ^^^^^^^^^^^^^^^^^^^^^^^^^^^^^^^^^^^^
     |
     = note: this `Result` may be an `Err` variant, which should be handled
help: use `let _ = ...` to ignore the resulting value
     |
5994 |         let _ = wasm.game.refresh_continuous_state();
     |         +++++++

warning: unused `std::result::Result` that must be used
    --> crates/ironsmith-web-session/../ironsmith-wasm/src/ui_snapshot.rs:6117:9
     |
6117 |         wasm.game.refresh_continuous_state();
     |         ^^^^^^^^^^^^^^^^^^^^^^^^^^^^^^^^^^^^
     |
     = note: this `Result` may be an `Err` variant, which should be handled
help: use `let _ = ...` to ignore the resulting value
     |
6117 |         let _ = wasm.game.refresh_continuous_state();
     |         +++++++

warning: unused `std::result::Result` that must be used
    --> crates/ironsmith-web-session/../ironsmith-wasm/src/wasm_game_impl/runtime_flow.rs:4036:9
     |
4036 |         wasm.game.empty_mana_pools();
     |         ^^^^^^^^^^^^^^^^^^^^^^^^^^^^
     |
     = note: this `Result` may be an `Err` variant, which should be handled
help: use `let _ = ...` to ignore the resulting value
     |
4036 |         let _ = wasm.game.empty_mana_pools();
     |         +++++++

warning: unused `std::result::Result` that must be used
   --> crates/ironsmith-web-session/../ironsmith-wasm/src/wasm_game_impl/payment_disclosure_transaction_tests.rs:624:5
    |
624 |     wasm.game.set_current_controller(source, payer);
    |     ^^^^^^^^^^^^^^^^^^^^^^^^^^^^^^^^^^^^^^^^^^^^^^^
    |
    = note: this `Result` may be an `Err` variant, which should be handled
help: use `let _ = ...` to ignore the resulting value
    |
624 |     let _ = wasm.game.set_current_controller(source, payer);
    |     +++++++

warning: unused `std::result::Result` that must be used
   --> crates/ironsmith-web-session/../ironsmith-wasm/src/wasm_game_impl/payment_disclosure_transaction_tests.rs:654:5
    |
654 |     wasm.game.set_current_controller(source, PlayerId(0));
    |     ^^^^^^^^^^^^^^^^^^^^^^^^^^^^^^^^^^^^^^^^^^^^^^^^^^^^^
    |
    = note: this `Result` may be an `Err` variant, which should be handled
help: use `let _ = ...` to ignore the resulting value
    |
654 |     let _ = wasm.game.set_current_controller(source, PlayerId(0));
    |     +++++++

warning: unused `std::result::Result` that must be used
   --> crates/ironsmith-web-session/../ironsmith-wasm/src/wasm_game_impl/reveal_morph_payment_disclosure_tests.rs:181:9
    |
181 |         wasm.game.set_current_controller(source, PlayerId(0));
    |         ^^^^^^^^^^^^^^^^^^^^^^^^^^^^^^^^^^^^^^^^^^^^^^^^^^^^^
    |
    = note: this `Result` may be an `Err` variant, which should be handled
help: use `let _ = ...` to ignore the resulting value
    |
181 |         let _ = wasm.game.set_current_controller(source, PlayerId(0));
    |         +++++++

warning: unused `std::result::Result` that must be used
  --> crates/ironsmith-web-session/../ironsmith-wasm/src/wasm_game_impl/grouped_hand_payment_disclosure_tests.rs:23:9
   |
23 |         wasm.game.set_current_controller(source, PlayerId(0));
   |         ^^^^^^^^^^^^^^^^^^^^^^^^^^^^^^^^^^^^^^^^^^^^^^^^^^^^^
   |
   = note: this `Result` may be an `Err` variant, which should be handled
help: use `let _ = ...` to ignore the resulting value
   |
23 |         let _ = wasm.game.set_current_controller(source, PlayerId(0));
   |         +++++++

warning: `ironsmith-web-session` (lib test) generated 18 warnings (1 duplicate) (run `cargo fix --lib -p ironsmith-web-session --tests` to apply 3 suggestions)
warning: variable does not need to be mutable
  --> crates/ironsmith-tools/tests/runtime_damage_distribution_additional_reproductions.rs:65:9
   |
65 |     let mut evidence=json!({"spell":def.name(),"mana_paid":mana-g.player(PlayerId(actor)).unwrap().mana_pool.total(),"announced_targets":...
   |         ----^^^^^^^^
   |         |
   |         help: remove this `mut`
   |
   = note: `#[warn(unused_mut)]` on by default

warning: function `find` is never used
  --> crates/ironsmith-tools/tests/runtime_damage_distribution_additional_reproductions.rs:86:4
   |
86 | fn find(g: &GameState, name: &str) -> Result<ObjectId,String> {
   |    ^^^^
   |
   = note: `#[warn(dead_code)]` on by default

warning: function `lands` is never used
  --> crates/ironsmith-tools/tests/runtime_damage_distribution_additional_reproductions.rs:89:4
   |
89 | fn lands(g: &GameState) -> usize {
   |    ^^^^^

warning: `ironsmith-tools` (test "runtime_damage_distribution_additional_reproductions") generated 3 warnings (run `cargo fix --test "runtime_damage_distribution_additional_reproductions"` to apply 1 suggestion)
warning: unused `Result` that must be used
   --> crates/ironsmith-tools/src/bin/probe_badgermole_tap.rs:159:5
    |
159 |     game.refresh_continuous_state();
    |     ^^^^^^^^^^^^^^^^^^^^^^^^^^^^^^^
    |
    = note: this `Result` may be an `Err` variant, which should be handled
    = note: `#[warn(unused_must_use)]` on by default
help: use `let _ = ...` to ignore the resulting value
    |
159 |     let _ = game.refresh_continuous_state();
    |     +++++++

warning: unused `Result` that must be used
   --> crates/ironsmith-tools/src/bin/probe_badgermole_tap.rs:173:5
    |
173 |     game.refresh_continuous_state();
    |     ^^^^^^^^^^^^^^^^^^^^^^^^^^^^^^^
    |
    = note: this `Result` may be an `Err` variant, which should be handled
help: use `let _ = ...` to ignore the resulting value
    |
173 |     let _ = game.refresh_continuous_state();
    |     +++++++

warning: `ironsmith-tools` (bin "probe_badgermole_tap" test) generated 2 warnings
warning: unused `Result` that must be used
   --> crates/ironsmith-tools/tests/solitary_confinement.rs:110:5
    |
110 |     game.refresh_continuous_state();
    |     ^^^^^^^^^^^^^^^^^^^^^^^^^^^^^^^
    |
    = note: this `Result` may be an `Err` variant, which should be handled
    = note: `#[warn(unused_must_use)]` on by default
help: use `let _ = ...` to ignore the resulting value
    |
110 |     let _ = game.refresh_continuous_state();
    |     +++++++

warning: `ironsmith-tools` (test "solitary_confinement") generated 1 warning
warning: unused import: `ironsmith::object::CounterType`
  --> crates/ironsmith-tools/tests/runtime_mantle_attachment_legality_reproductions.rs:16:5
   |
16 | use ironsmith::object::CounterType;
   |     ^^^^^^^^^^^^^^^^^^^^^^^^^^^^^^
   |
   = note: `#[warn(unused_imports)]` on by default

warning: function `find` is never used
   --> crates/ironsmith-tools/tests/runtime_mantle_attachment_legality_reproductions.rs:219:4
    |
219 | fn find(g: &GameState, name: &str, zone: Zone) -> Result<ObjectId, String> {
    |    ^^^^
    |
    = note: `#[warn(dead_code)]` on by default

warning: function `established` is never used
   --> crates/ironsmith-tools/tests/runtime_mantle_attachment_legality_reproductions.rs:235:4
    |
235 | fn established(
    |    ^^^^^^^^^^^

warning: function `witness` is never used
   --> crates/ironsmith-tools/tests/runtime_mantle_attachment_legality_reproductions.rs:252:4
    |
252 | fn witness(name: &str, kind: CardType, cost: u8, with_x: bool) -> CardDefinition {
    |    ^^^^^^^

warning: `ironsmith-tools` (test "runtime_mantle_attachment_legality_reproductions") generated 4 warnings (run `cargo fix --test "runtime_mantle_attachment_legality_reproductions"` to apply 1 suggestion)
warning: unused import: `ironsmith::object::CounterType`
  --> crates/ironsmith-tools/tests/runtime_mantle_full_timeout_reproductions.rs:16:5
   |
16 | use ironsmith::object::CounterType;
   |     ^^^^^^^^^^^^^^^^^^^^^^^^^^^^^^
   |
   = note: `#[warn(unused_imports)]` on by default

warning: function `find` is never used
   --> crates/ironsmith-tools/tests/runtime_mantle_full_timeout_reproductions.rs:219:4
    |
219 | fn find(g: &GameState, name: &str, zone: Zone) -> Result<ObjectId, String> {
    |    ^^^^
    |
    = note: `#[warn(dead_code)]` on by default

warning: function `established` is never used
   --> crates/ironsmith-tools/tests/runtime_mantle_full_timeout_reproductions.rs:235:4
    |
235 | fn established(
    |    ^^^^^^^^^^^

warning: function `witness` is never used
   --> crates/ironsmith-tools/tests/runtime_mantle_full_timeout_reproductions.rs:252:4
    |
252 | fn witness(name: &str, kind: CardType, cost: u8, with_x: bool) -> CardDefinition {
    |    ^^^^^^^

warning: `ironsmith-tools` (test "runtime_mantle_full_timeout_reproductions") generated 4 warnings (run `cargo fix --test "runtime_mantle_full_timeout_reproductions"` to apply 1 suggestion)
warning: function `count` is never used
   --> crates/ironsmith-tools/tests/runtime_spell_tap_flashback_reproductions.rs:271:4
    |
271 | fn count(g: &GameState, name: &str, zone: Zone) -> usize {
    |    ^^^^^
    |
    = note: `#[warn(dead_code)]` on by default

warning: function `action` is never used
   --> crates/ironsmith-tools/tests/runtime_spell_tap_flashback_reproductions.rs:277:4
    |
277 | fn action(
    |    ^^^^^^

warning: function `play_land` is never used
   --> crates/ironsmith-tools/tests/runtime_spell_tap_flashback_reproductions.rs:355:4
    |
355 | fn play_land(g: &mut GameState, d: &CardDefinition, dm: &mut Choices) -> Result<ObjectId, String> {
    |    ^^^^^^^^^

warning: `ironsmith-tools` (test "runtime_spell_tap_flashback_reproductions") generated 3 warnings
warning: unused import: `ObjectId`
  --> crates/ironsmith-tools/tests/runtime_ability_index_followup_reproductions.rs:15:50
   |
15 |     CardDefinition, CardId, CardType, GameState, ObjectId, PlayerId, PowerToughness, Zone,
   |                                                  ^^^^^^^^
   |
   = note: `#[warn(unused_imports)]` on by default

warning: unused import: `ironsmith::ability::AbilityKind`
   --> crates/ironsmith-tools/tests/runtime_ability_index_followup_reproductions.rs:152:5
    |
152 | use ironsmith::ability::AbilityKind;
    |     ^^^^^^^^^^^^^^^^^^^^^^^^^^^^^^^

warning: `ironsmith-tools` (test "runtime_ability_index_followup_reproductions") generated 2 warnings (run `cargo fix --test "runtime_ability_index_followup_reproductions"` to apply 2 suggestions)
warning: unused `Result` that must be used
  --> crates/ironsmith-tools/tests/mechanics_audit_counters.rs:98:5
   |
98 |     game.refresh_continuous_state();
   |     ^^^^^^^^^^^^^^^^^^^^^^^^^^^^^^^
   |
   = note: this `Result` may be an `Err` variant, which should be handled
   = note: `#[warn(unused_must_use)]` on by default
help: use `let _ = ...` to ignore the resulting value
   |
98 |     let _ = game.refresh_continuous_state();
   |     +++++++

warning: unused `Result` that must be used
   --> crates/ironsmith-tools/tests/mechanics_audit_counters.rs:418:9
    |
418 |         game.refresh_continuous_state();
    |         ^^^^^^^^^^^^^^^^^^^^^^^^^^^^^^^
    |
    = note: this `Result` may be an `Err` variant, which should be handled
help: use `let _ = ...` to ignore the resulting value
    |
418 |         let _ = game.refresh_continuous_state();
    |         +++++++

warning: unused `Result` that must be used
   --> crates/ironsmith-tools/tests/mechanics_audit_counters.rs:423:9
    |
423 |         game.refresh_continuous_state();
    |         ^^^^^^^^^^^^^^^^^^^^^^^^^^^^^^^
    |
    = note: this `Result` may be an `Err` variant, which should be handled
help: use `let _ = ...` to ignore the resulting value
    |
423 |         let _ = game.refresh_continuous_state();
    |         +++++++

warning: unused `Result` that must be used
   --> crates/ironsmith-tools/tests/mechanics_audit_counters.rs:492:9
    |
492 |         game.refresh_continuous_state();
    |         ^^^^^^^^^^^^^^^^^^^^^^^^^^^^^^^
    |
    = note: this `Result` may be an `Err` variant, which should be handled
help: use `let _ = ...` to ignore the resulting value
    |
492 |         let _ = game.refresh_continuous_state();
    |         +++++++

warning: unused `Result` that must be used
   --> crates/ironsmith-tools/tests/mechanics_audit_counters.rs:532:9
    |
532 |         game.refresh_continuous_state();
    |         ^^^^^^^^^^^^^^^^^^^^^^^^^^^^^^^
    |
    = note: this `Result` may be an `Err` variant, which should be handled
help: use `let _ = ...` to ignore the resulting value
    |
532 |         let _ = game.refresh_continuous_state();
    |         +++++++

warning: unused `Result` that must be used
   --> crates/ironsmith-tools/tests/mechanics_audit_counters.rs:742:13
    |
742 |             game.refresh_continuous_state();
    |             ^^^^^^^^^^^^^^^^^^^^^^^^^^^^^^^
    |
    = note: this `Result` may be an `Err` variant, which should be handled
help: use `let _ = ...` to ignore the resulting value
    |
742 |             let _ = game.refresh_continuous_state();
    |             +++++++

warning: unused `Result` that must be used
   --> crates/ironsmith-tools/tests/mechanics_audit_counters.rs:855:9
    |
855 |         game.refresh_continuous_state();
    |         ^^^^^^^^^^^^^^^^^^^^^^^^^^^^^^^
    |
    = note: this `Result` may be an `Err` variant, which should be handled
help: use `let _ = ...` to ignore the resulting value
    |
855 |         let _ = game.refresh_continuous_state();
    |         +++++++

warning: unused `Result` that must be used
   --> crates/ironsmith-tools/tests/mechanics_audit_counters.rs:861:9
    |
861 |         game.refresh_continuous_state();
    |         ^^^^^^^^^^^^^^^^^^^^^^^^^^^^^^^
    |
    = note: this `Result` may be an `Err` variant, which should be handled
help: use `let _ = ...` to ignore the resulting value
    |
861 |         let _ = game.refresh_continuous_state();
    |         +++++++

warning: unused `Result` that must be used
   --> crates/ironsmith-tools/tests/mechanics_audit_counters.rs:865:9
    |
865 |         game.refresh_continuous_state();
    |         ^^^^^^^^^^^^^^^^^^^^^^^^^^^^^^^
    |
    = note: this `Result` may be an `Err` variant, which should be handled
help: use `let _ = ...` to ignore the resulting value
    |
865 |         let _ = game.refresh_continuous_state();
    |         +++++++

warning: unused `Result` that must be used
   --> crates/ironsmith-tools/tests/mechanics_audit_counters.rs:906:9
    |
906 |         game.refresh_continuous_state();
    |         ^^^^^^^^^^^^^^^^^^^^^^^^^^^^^^^
    |
    = note: this `Result` may be an `Err` variant, which should be handled
help: use `let _ = ...` to ignore the resulting value
    |
906 |         let _ = game.refresh_continuous_state();
    |         +++++++

warning: unused `Result` that must be used
   --> crates/ironsmith-tools/tests/mechanics_audit_counters.rs:910:9
    |
910 |         game.refresh_continuous_state();
    |         ^^^^^^^^^^^^^^^^^^^^^^^^^^^^^^^
    |
    = note: this `Result` may be an `Err` variant, which should be handled
help: use `let _ = ...` to ignore the resulting value
    |
910 |         let _ = game.refresh_continuous_state();
    |         +++++++

warning: unused `Result` that must be used
    --> crates/ironsmith-tools/tests/mechanics_audit_counters.rs:1033:9
     |
1033 |         game.refresh_continuous_state();
     |         ^^^^^^^^^^^^^^^^^^^^^^^^^^^^^^^
     |
     = note: this `Result` may be an `Err` variant, which should be handled
help: use `let _ = ...` to ignore the resulting value
     |
1033 |         let _ = game.refresh_continuous_state();
     |         +++++++

warning: unused `Result` that must be used
    --> crates/ironsmith-tools/tests/mechanics_audit_counters.rs:1199:9
     |
1199 |         game.refresh_continuous_state();
     |         ^^^^^^^^^^^^^^^^^^^^^^^^^^^^^^^
     |
     = note: this `Result` may be an `Err` variant, which should be handled
help: use `let _ = ...` to ignore the resulting value
     |
1199 |         let _ = game.refresh_continuous_state();
     |         +++++++

warning: unused `Result` that must be used
    --> crates/ironsmith-tools/tests/mechanics_audit_counters.rs:1266:9
     |
1266 |         game.refresh_continuous_state();
     |         ^^^^^^^^^^^^^^^^^^^^^^^^^^^^^^^
     |
     = note: this `Result` may be an `Err` variant, which should be handled
help: use `let _ = ...` to ignore the resulting value
     |
1266 |         let _ = game.refresh_continuous_state();
     |         +++++++

warning: `ironsmith-tools` (test "mechanics_audit_counters") generated 14 warnings
warning: unused variable: `content`
    --> crates/ironsmith-tools/tests/workspace_boundaries/shard_00.rs:2104:9
     |
2104 |     let content = read_repo_file(&root, relative);
     |         ^^^^^^^ help: if this is intentional, prefix it with an underscore: `_content`
     |
     = note: `#[warn(unused_variables)]` on by default

warning: unused variable: `content`
    --> crates/ironsmith-tools/tests/workspace_boundaries/shard_00.rs:2144:9
     |
2144 |     let content = read_repo_file(&root, relative);
     |         ^^^^^^^ help: if this is intentional, prefix it with an underscore: `_content`

warning: unused variable: `content`
    --> crates/ironsmith-tools/tests/workspace_boundaries/shard_01.rs:1421:9
     |
1421 |     let content = read_repo_file(&root, relative);
     |         ^^^^^^^ help: if this is intentional, prefix it with an underscore: `_content`

warning: `ironsmith-tools` (test "workspace_boundaries") generated 3 warnings
warning: function `lands` is never used
  --> crates/ironsmith-tools/tests/runtime_attacking_player_reproductions.rs:85:4
   |
85 | fn lands(g: &GameState) -> usize {
   |    ^^^^^
   |
   = note: `#[warn(dead_code)]` on by default

warning: `ironsmith-tools` (test "runtime_attacking_player_reproductions") generated 1 warning
warning: unused import: `ironsmith::ability::AbilityKind`
 --> crates/ironsmith-tools/tests/runtime_modal_candidate_reproductions.rs:2:5
  |
2 | use ironsmith::ability::AbilityKind;
  |     ^^^^^^^^^^^^^^^^^^^^^^^^^^^^^^^
  |
  = note: `#[warn(unused_imports)]` on by default

warning: function `lands` is never used
  --> crates/ironsmith-tools/tests/runtime_cohort_reproductions.rs:92:4
   |
92 | fn lands(g: &GameState) -> usize {
   |    ^^^^^
   |
   = note: `#[warn(dead_code)]` on by default

warning: function `cast` is never used
   --> crates/ironsmith-tools/tests/runtime_modal_candidate_reproductions.rs:157:4
    |
157 | fn cast(
    |    ^^^^
    |
    = note: `#[warn(dead_code)]` on by default

warning: function `attack` is never used
   --> crates/ironsmith-tools/tests/runtime_modal_candidate_reproductions.rs:188:4
    |
188 | fn attack(
    |    ^^^^^^

warning: function `block` is never used
   --> crates/ironsmith-tools/tests/runtime_modal_candidate_reproductions.rs:218:4
    |
218 | fn block(
    |    ^^^^^

warning: `ironsmith-tools` (test "runtime_cohort_reproductions") generated 1 warning
warning: `ironsmith-tools` (test "runtime_modal_candidate_reproductions") generated 4 warnings (run `cargo fix --test "runtime_modal_candidate_reproductions"` to apply 1 suggestion)
warning: `ironsmith-tools` (bin "audit_unbound_reference_keys") generated 1 warning (1 duplicate)
warning: function `action` is never used
   --> crates/ironsmith-tools/tests/runtime_optional_tap_outcome_reproductions.rs:282:4
    |
282 | fn action(
    |    ^^^^^^
    |
    = note: `#[warn(dead_code)]` on by default

warning: function `play_land` is never used
   --> crates/ironsmith-tools/tests/runtime_optional_tap_outcome_reproductions.rs:360:4
    |
360 | fn play_land(g: &mut GameState, d: &CardDefinition, dm: &mut Choices) -> Result<ObjectId, String> {
    |    ^^^^^^^^^

warning: `ironsmith-tools` (test "runtime_optional_tap_outcome_reproductions") generated 2 warnings
warning: function `creature` is never used
  --> crates/ironsmith-tools/tests/runtime_foretell_candidate_reproductions.rs:52:4
   |
52 | fn creature(name: &str, blue: bool, flying: bool) -> CardDefinition {
   |    ^^^^^^^^
   |
   = note: `#[warn(dead_code)]` on by default

warning: function `cast` is never used
   --> crates/ironsmith-tools/tests/runtime_foretell_candidate_reproductions.rs:182:4
    |
182 | fn cast(
    |    ^^^^

warning: `ironsmith-tools` (test "runtime_foretell_candidate_reproductions") generated 2 warnings
warning: unused `Result` that must be used
   --> crates/ironsmith-tools/tests/tezzeret_the_seeker.rs:203:5
    |
203 |     game.refresh_continuous_state();
    |     ^^^^^^^^^^^^^^^^^^^^^^^^^^^^^^^
    |
    = note: this `Result` may be an `Err` variant, which should be handled
    = note: `#[warn(unused_must_use)]` on by default
help: use `let _ = ...` to ignore the resulting value
    |
203 |     let _ = game.refresh_continuous_state();
    |     +++++++

warning: unused `Result` that must be used
   --> crates/ironsmith-tools/tests/tezzeret_the_seeker.rs:213:5
    |
213 |     game.refresh_continuous_state();
    |     ^^^^^^^^^^^^^^^^^^^^^^^^^^^^^^^
    |
    = note: this `Result` may be an `Err` variant, which should be handled
help: use `let _ = ...` to ignore the resulting value
    |
213 |     let _ = game.refresh_continuous_state();
    |     +++++++

warning: `ironsmith-tools` (test "tezzeret_the_seeker") generated 2 warnings
warning: unused `Result` that must be used
   --> crates/ironsmith-tools/tests/berserk.rs:108:5
    |
108 |     game.refresh_continuous_state();
    |     ^^^^^^^^^^^^^^^^^^^^^^^^^^^^^^^
    |
    = note: this `Result` may be an `Err` variant, which should be handled
    = note: `#[warn(unused_must_use)]` on by default
help: use `let _ = ...` to ignore the resulting value
    |
108 |     let _ = game.refresh_continuous_state();
    |     +++++++

warning: `ironsmith-tools` (test "berserk") generated 1 warning
warning: function `count` is never used
   --> crates/ironsmith-tools/tests/runtime_mana_counter_sibling_reproductions.rs:184:4
    |
184 | fn count(g: &GameState, name: &str, zone: Zone) -> usize {
    |    ^^^^^
    |
    = note: `#[warn(dead_code)]` on by default

warning: function `lands` is never used
  --> crates/ironsmith-tools/tests/runtime_reconfigure_reproductions.rs:93:4
   |
93 | fn lands(g: &GameState) -> usize {
   |    ^^^^^
   |
   = note: `#[warn(dead_code)]` on by default

warning: `ironsmith-tools` (test "runtime_reconfigure_reproductions") generated 1 warning
warning: `ironsmith-tools` (test "runtime_mana_counter_sibling_reproductions") generated 1 warning
warning: function `activate` is never used
   --> crates/ironsmith-tools/tests/runtime_additional_withid_special_reproductions.rs:259:4
    |
259 | fn activate(
    |    ^^^^^^^^
    |
    = note: `#[warn(dead_code)]` on by default

warning: function `find` is never used
   --> crates/ironsmith-tools/tests/runtime_additional_withid_special_reproductions.rs:303:4
    |
303 | fn find(g: &GameState, n: &str, z: Zone) -> Result<ObjectId, String> {
    |    ^^^^

warning: function `offered` is never used
   --> crates/ironsmith-tools/tests/runtime_additional_withid_special_reproductions.rs:411:4
    |
411 | fn offered(g: &GameState, s: ObjectId, index: usize) -> bool {
    |    ^^^^^^^

warning: function `tap` is never used
   --> crates/ironsmith-tools/tests/runtime_additional_withid_special_reproductions.rs:451:4
    |
451 | fn tap(
    |    ^^^

warning: function `intrinsic_index` is never used
   --> crates/ironsmith-tools/tests/runtime_additional_withid_special_reproductions.rs:465:4
    |
465 | fn intrinsic_index(
    |    ^^^^^^^^^^^^^^^

warning: function `announce_existing` is never used
   --> crates/ironsmith-tools/tests/runtime_additional_withid_special_reproductions.rs:566:4
    |
566 | fn announce_existing(
    |    ^^^^^^^^^^^^^^^^^

warning: `ironsmith-tools` (test "runtime_additional_withid_special_reproductions") generated 6 warnings
warning: variable does not need to be mutable
  --> crates/ironsmith-tools/tests/runtime_counter_choice_reproductions.rs:56:9
   |
56 |     let mut evidence=json!({"spell":def.name(),"mana_paid":mana-g.player(PlayerId(actor)).unwrap().mana_pool.total(),"announced_targets":...
   |         ----^^^^^^^^
   |         |
   |         help: remove this `mut`
   |
   = note: `#[warn(unused_mut)]` on by default

warning: `ironsmith-tools` (test "runtime_counter_choice_reproductions") generated 1 warning (run `cargo fix --test "runtime_counter_choice_reproductions"` to apply 1 suggestion)
warning: unused import: `Effect`
  --> crates/ironsmith-tools/tests/runtime_cast_counter_reproductions.rs:20:39
   |
20 |     CardDefinition, CardId, CardType, Effect, GameState, ObjectId, PlayerId, PowerToughness, Zone,
   |                                       ^^^^^^
   |
   = note: `#[warn(unused_imports)]` on by default

warning: `ironsmith-tools` (test "runtime_cast_counter_reproductions") generated 1 warning (run `cargo fix --test "runtime_cast_counter_reproductions"` to apply 1 suggestion)
warning: unused `Result` that must be used
   --> crates/ironsmith-tools/tests/mechanics_audit_combat.rs:136:5
    |
136 |     game.refresh_continuous_state();
    |     ^^^^^^^^^^^^^^^^^^^^^^^^^^^^^^^
    |
    = note: this `Result` may be an `Err` variant, which should be handled
    = note: `#[warn(unused_must_use)]` on by default
help: use `let _ = ...` to ignore the resulting value
    |
136 |     let _ = game.refresh_continuous_state();
    |     +++++++

warning: unused `Result` that must be used
   --> crates/ironsmith-tools/tests/mechanics_audit_combat.rs:668:9
    |
668 |         game.refresh_continuous_state();
    |         ^^^^^^^^^^^^^^^^^^^^^^^^^^^^^^^
    |
    = note: this `Result` may be an `Err` variant, which should be handled
help: use `let _ = ...` to ignore the resulting value
    |
668 |         let _ = game.refresh_continuous_state();
    |         +++++++

warning: unused `Result` that must be used
   --> crates/ironsmith-tools/tests/mechanics_audit_combat.rs:682:9
    |
682 |         game.refresh_continuous_state();
    |         ^^^^^^^^^^^^^^^^^^^^^^^^^^^^^^^
    |
    = note: this `Result` may be an `Err` variant, which should be handled
help: use `let _ = ...` to ignore the resulting value
    |
682 |         let _ = game.refresh_continuous_state();
    |         +++++++

warning: unused `Result` that must be used
   --> crates/ironsmith-tools/tests/mechanics_audit_combat.rs:703:9
    |
703 |         game.refresh_continuous_state();
    |         ^^^^^^^^^^^^^^^^^^^^^^^^^^^^^^^
    |
    = note: this `Result` may be an `Err` variant, which should be handled
help: use `let _ = ...` to ignore the resulting value
    |
703 |         let _ = game.refresh_continuous_state();
    |         +++++++

warning: unused `Result` that must be used
   --> crates/ironsmith-tools/tests/mechanics_audit_combat.rs:710:9
    |
710 |         game.refresh_continuous_state();
    |         ^^^^^^^^^^^^^^^^^^^^^^^^^^^^^^^
    |
    = note: this `Result` may be an `Err` variant, which should be handled
help: use `let _ = ...` to ignore the resulting value
    |
710 |         let _ = game.refresh_continuous_state();
    |         +++++++

warning: unused `Result` that must be used
   --> crates/ironsmith-tools/tests/mechanics_audit_combat.rs:751:9
    |
751 |         game.refresh_continuous_state();
    |         ^^^^^^^^^^^^^^^^^^^^^^^^^^^^^^^
    |
    = note: this `Result` may be an `Err` variant, which should be handled
help: use `let _ = ...` to ignore the resulting value
    |
751 |         let _ = game.refresh_continuous_state();
    |         +++++++

warning: unused `Result` that must be used
   --> crates/ironsmith-tools/tests/mechanics_audit_combat.rs:810:9
    |
810 |         game.refresh_continuous_state();
    |         ^^^^^^^^^^^^^^^^^^^^^^^^^^^^^^^
    |
    = note: this `Result` may be an `Err` variant, which should be handled
help: use `let _ = ...` to ignore the resulting value
    |
810 |         let _ = game.refresh_continuous_state();
    |         +++++++

warning: unused `Result` that must be used
   --> crates/ironsmith-tools/tests/mechanics_audit_combat.rs:819:9
    |
819 |         game.refresh_continuous_state();
    |         ^^^^^^^^^^^^^^^^^^^^^^^^^^^^^^^
    |
    = note: this `Result` may be an `Err` variant, which should be handled
help: use `let _ = ...` to ignore the resulting value
    |
819 |         let _ = game.refresh_continuous_state();
    |         +++++++

warning: unused `Result` that must be used
   --> crates/ironsmith-tools/tests/mechanics_audit_combat.rs:833:13
    |
833 |             game.refresh_continuous_state();
    |             ^^^^^^^^^^^^^^^^^^^^^^^^^^^^^^^
    |
    = note: this `Result` may be an `Err` variant, which should be handled
help: use `let _ = ...` to ignore the resulting value
    |
833 |             let _ = game.refresh_continuous_state();
    |             +++++++

warning: unused `Result` that must be used
   --> crates/ironsmith-tools/tests/mechanics_audit_combat.rs:856:9
    |
856 |         game.refresh_continuous_state();
    |         ^^^^^^^^^^^^^^^^^^^^^^^^^^^^^^^
    |
    = note: this `Result` may be an `Err` variant, which should be handled
help: use `let _ = ...` to ignore the resulting value
    |
856 |         let _ = game.refresh_continuous_state();
    |         +++++++

warning: unused `Result` that must be used
   --> crates/ironsmith-tools/tests/mechanics_audit_combat.rs:874:9
    |
874 |         game.refresh_continuous_state();
    |         ^^^^^^^^^^^^^^^^^^^^^^^^^^^^^^^
    |
    = note: this `Result` may be an `Err` variant, which should be handled
help: use `let _ = ...` to ignore the resulting value
    |
874 |         let _ = game.refresh_continuous_state();
    |         +++++++

warning: unused `Result` that must be used
   --> crates/ironsmith-tools/tests/mechanics_audit_combat.rs:959:9
    |
959 |         game.refresh_continuous_state();
    |         ^^^^^^^^^^^^^^^^^^^^^^^^^^^^^^^
    |
    = note: this `Result` may be an `Err` variant, which should be handled
help: use `let _ = ...` to ignore the resulting value
    |
959 |         let _ = game.refresh_continuous_state();
    |         +++++++

warning: `ironsmith-tools` (test "mechanics_audit_combat") generated 12 warnings
warning: unused import: `ObjectId`
  --> crates/ironsmith-tools/tests/runtime_ability_index_arcades_reproductions.rs:15:50
   |
15 |     CardDefinition, CardId, CardType, GameState, ObjectId, PlayerId, PowerToughness, Zone,
   |                                                  ^^^^^^^^
   |
   = note: `#[warn(unused_imports)]` on by default

warning: unused import: `ironsmith::Supertype`
   --> crates/ironsmith-tools/tests/runtime_ability_index_arcades_reproductions.rs:224:5
    |
224 | use ironsmith::Supertype;
    |     ^^^^^^^^^^^^^^^^^^^^

warning: unused import: `ironsmith::Subtype`
   --> crates/ironsmith-tools/tests/runtime_ability_index_arcades_reproductions.rs:226:5
    |
226 | use ironsmith::Subtype;
    |     ^^^^^^^^^^^^^^^^^^

warning: `ironsmith-tools` (test "runtime_ability_index_arcades_reproductions") generated 3 warnings (run `cargo fix --test "runtime_ability_index_arcades_reproductions"` to apply 3 suggestions)
warning: `ironsmith-tools` (bin "probe_badgermole_etb" test) generated 4 warnings (4 duplicates)
warning: function `count` is never used
   --> crates/ironsmith-tools/tests/runtime_static_combat_predicate_reproductions.rs:220:4
    |
220 | fn count(g: &GameState, name: &str, zone: Zone) -> usize {
    |    ^^^^^
    |
    = note: `#[warn(dead_code)]` on by default

warning: function `find` is never used
   --> crates/ironsmith-tools/tests/runtime_static_combat_predicate_reproductions.rs:226:4
    |
226 | fn find(g: &GameState, name: &str, zone: Zone) -> Result<ObjectId, String> {
    |    ^^^^

warning: function `established` is never used
   --> crates/ironsmith-tools/tests/runtime_static_combat_predicate_reproductions.rs:242:4
    |
242 | fn established(
    |    ^^^^^^^^^^^

warning: `ironsmith-tools` (test "runtime_static_combat_predicate_reproductions") generated 3 warnings
warning: function `activate` is never used
   --> crates/ironsmith-tools/tests/runtime_additional_withid_simple_controls_reproductions.rs:259:4
    |
259 | fn activate(
    |    ^^^^^^^^
    |
    = note: `#[warn(dead_code)]` on by default

warning: function `find` is never used
   --> crates/ironsmith-tools/tests/runtime_additional_withid_simple_controls_reproductions.rs:303:4
    |
303 | fn find(g: &GameState, n: &str, z: Zone) -> Result<ObjectId, String> {
    |    ^^^^

warning: function `offered` is never used
   --> crates/ironsmith-tools/tests/runtime_additional_withid_simple_controls_reproductions.rs:411:4
    |
411 | fn offered(g: &GameState, s: ObjectId, index: usize) -> bool {
    |    ^^^^^^^

warning: function `tap` is never used
   --> crates/ironsmith-tools/tests/runtime_additional_withid_simple_controls_reproductions.rs:451:4
    |
451 | fn tap(
    |    ^^^

warning: function `intrinsic_index` is never used
   --> crates/ironsmith-tools/tests/runtime_additional_withid_simple_controls_reproductions.rs:465:4
    |
465 | fn intrinsic_index(
    |    ^^^^^^^^^^^^^^^

warning: `ironsmith-tools` (test "runtime_additional_withid_simple_controls_reproductions") generated 5 warnings
warning: variable does not need to be mutable
  --> crates/ironsmith-tools/tests/runtime_counted_damage_reproductions.rs:59:9
   |
59 |     let mut evidence=json!({"spell":def.name(),"mana_paid":mana-g.player(PlayerId(actor)).unwrap().mana_pool.total(),"announced_targets":...
   |         ----^^^^^^^^
   |         |
   |         help: remove this `mut`
   |
   = note: `#[warn(unused_mut)]` on by default

warning: variable does not need to be mutable
   --> crates/ironsmith-tools/tests/runtime_counted_damage_reproductions.rs:103:14
    |
103 | ...   let (mut p,mut t)=(2+i as i32,10+i as i32);let(mut plus,mut minus,mut damage)=(0,0,0);let(mut vigilance,mut first_strike,mut lifeli...
    |            ----^
    |            |
    |            help: remove this `mut`

warning: variable does not need to be mutable
   --> crates/ironsmith-tools/tests/runtime_counted_damage_reproductions.rs:103:20
    |
103 | ...   let (mut p,mut t)=(2+i as i32,10+i as i32);let(mut plus,mut minus,mut damage)=(0,0,0);let(mut vigilance,mut first_strike,mut lifeli...
    |                  ----^
    |                  |
    |                  help: remove this `mut`

warning: variable does not need to be mutable
   --> crates/ironsmith-tools/tests/runtime_counted_damage_reproductions.rs:103:56
    |
103 | ...   let (mut p,mut t)=(2+i as i32,10+i as i32);let(mut plus,mut minus,mut damage)=(0,0,0);let(mut vigilance,mut first_strike,mut lifeli...
    |                                                      ----^^^^
    |                                                      |
    |                                                      help: remove this `mut`

warning: variable does not need to be mutable
   --> crates/ironsmith-tools/tests/runtime_counted_damage_reproductions.rs:103:65
    |
103 | ...   let (mut p,mut t)=(2+i as i32,10+i as i32);let(mut plus,mut minus,mut damage)=(0,0,0);let(mut vigilance,mut first_strike,mut lifeli...
    |                                                               ----^^^^^
    |                                                               |
    |                                                               help: remove this `mut`

warning: variable does not need to be mutable
   --> crates/ironsmith-tools/tests/runtime_counted_damage_reproductions.rs:103:99
    |
103 | ...   let (mut p,mut t)=(2+i as i32,10+i as i32);let(mut plus,mut minus,mut damage)=(0,0,0);let(mut vigilance,mut first_strike,mut lifeli...
    |                                                                                                 ----^^^^^^^^^
    |                                                                                                 |
    |                                                                                                 help: remove this `mut`

warning: variable does not need to be mutable
   --> crates/ironsmith-tools/tests/runtime_counted_damage_reproductions.rs:103:113
    |
103 | ...plus,mut minus,mut damage)=(0,0,0);let(mut vigilance,mut first_strike,mut lifelink)=(false,false,false);
    |                                                         ----^^^^^^^^^^^^
    |                                                         |
    |                                                         help: remove this `mut`

warning: variable does not need to be mutable
   --> crates/ironsmith-tools/tests/runtime_counted_damage_reproductions.rs:103:130
    |
103 | ...t damage)=(0,0,0);let(mut vigilance,mut first_strike,mut lifelink)=(false,false,false);
    |                                                         ----^^^^^^^^
    |                                                         |
    |                                                         help: remove this `mut`

warning: `ironsmith-tools` (test "runtime_counted_damage_reproductions") generated 8 warnings (run `cargo fix --test "runtime_counted_damage_reproductions"` to apply 8 suggestions)
warning: unused import: `std::collections::HashMap`
  --> crates/ironsmith-tools/tests/runtime_noncast_x_reproductions.rs:22:5
   |
22 | use std::collections::HashMap;
   |     ^^^^^^^^^^^^^^^^^^^^^^^^^
   |
   = note: `#[warn(unused_imports)]` on by default

warning: `ironsmith-tools` (test "runtime_noncast_x_reproductions") generated 1 warning (run `cargo fix --test "runtime_noncast_x_reproductions"` to apply 1 suggestion)
warning: unused import: `ironsmith::object::CounterType`
  --> crates/ironsmith-tools/tests/runtime_multitarget_split_reproductions.rs:16:5
   |
16 | use ironsmith::object::CounterType;
   |     ^^^^^^^^^^^^^^^^^^^^^^^^^^^^^^
   |
   = note: `#[warn(unused_imports)]` on by default

warning: variable does not need to be mutable
  --> crates/ironsmith-tools/tests/runtime_variable_counter_cost_reproductions.rs:57:9
   |
57 |     let mut evidence=json!({"spell":def.name(),"mana_paid":mana-g.player(PlayerId(actor)).unwrap().mana_pool.total(),"announced_targets":...
   |         ----^^^^^^^^
   |         |
   |         help: remove this `mut`
   |
   = note: `#[warn(unused_mut)]` on by default

warning: field `target_name` is never read
  --> crates/ironsmith-tools/tests/runtime_multitarget_split_reproductions.rs:79:5
   |
74 | struct ProbeDm {
   |        ------- field in this struct
...
79 |     target_name: Option<String>,
   |     ^^^^^^^^^^^
   |
   = note: `#[warn(dead_code)]` on by default

warning: function `find` is never used
   --> crates/ironsmith-tools/tests/runtime_multitarget_split_reproductions.rs:229:4
    |
229 | fn find(g: &GameState, name: &str, zone: Zone) -> Result<ObjectId, String> {
    |    ^^^^

warning: function `established` is never used
   --> crates/ironsmith-tools/tests/runtime_multitarget_split_reproductions.rs:245:4
    |
245 | fn established(
    |    ^^^^^^^^^^^

warning: function `witness` is never used
   --> crates/ironsmith-tools/tests/runtime_multitarget_split_reproductions.rs:262:4
    |
262 | fn witness(name: &str, kind: CardType, cost: u8, with_x: bool) -> CardDefinition {
    |    ^^^^^^^

warning: `ironsmith-tools` (test "runtime_variable_counter_cost_reproductions") generated 1 warning (run `cargo fix --test "runtime_variable_counter_cost_reproductions"` to apply 1 suggestion)
warning: `ironsmith-tools` (test "runtime_multitarget_split_reproductions") generated 5 warnings (run `cargo fix --test "runtime_multitarget_split_reproductions"` to apply 1 suggestion)
warning: unused `Result` that must be used
  --> crates/ironsmith-tools/tests/winter_orb.rs:79:5
   |
79 |     game.refresh_continuous_state();
   |     ^^^^^^^^^^^^^^^^^^^^^^^^^^^^^^^
   |
   = note: this `Result` may be an `Err` variant, which should be handled
   = note: `#[warn(unused_must_use)]` on by default
help: use `let _ = ...` to ignore the resulting value
   |
79 |     let _ = game.refresh_continuous_state();
   |     +++++++

warning: `ironsmith-tools` (test "winter_orb") generated 1 warning
warning: unused `Result` that must be used
  --> crates/ironsmith-tools/tests/gaddock_teeg.rs:64:13
   |
64 |             game.refresh_continuous_state();
   |             ^^^^^^^^^^^^^^^^^^^^^^^^^^^^^^^
   |
   = note: this `Result` may be an `Err` variant, which should be handled
   = note: `#[warn(unused_must_use)]` on by default
help: use `let _ = ...` to ignore the resulting value
   |
64 |             let _ = game.refresh_continuous_state();
   |             +++++++

warning: unused `Result` that must be used
  --> crates/ironsmith-tools/tests/gaddock_teeg.rs:98:13
   |
98 |             game.refresh_continuous_state();
   |             ^^^^^^^^^^^^^^^^^^^^^^^^^^^^^^^
   |
   = note: this `Result` may be an `Err` variant, which should be handled
help: use `let _ = ...` to ignore the resulting value
   |
98 |             let _ = game.refresh_continuous_state();
   |             +++++++

warning: unused `Result` that must be used
   --> crates/ironsmith-tools/tests/gaddock_teeg.rs:198:17
    |
198 |                 game.refresh_continuous_state();
    |                 ^^^^^^^^^^^^^^^^^^^^^^^^^^^^^^^
    |
    = note: this `Result` may be an `Err` variant, which should be handled
help: use `let _ = ...` to ignore the resulting value
    |
198 |                 let _ = game.refresh_continuous_state();
    |                 +++++++

warning: unused `Result` that must be used
   --> crates/ironsmith-tools/tests/gaddock_teeg.rs:212:17
    |
212 |                 game.refresh_continuous_state();
    |                 ^^^^^^^^^^^^^^^^^^^^^^^^^^^^^^^
    |
    = note: this `Result` may be an `Err` variant, which should be handled
help: use `let _ = ...` to ignore the resulting value
    |
212 |                 let _ = game.refresh_continuous_state();
    |                 +++++++

warning: `ironsmith-tools` (test "gaddock_teeg") generated 4 warnings
warning: unused import: `apply_blocker_declarations`
  --> crates/ironsmith-tools/tests/runtime_optional_tag_candidate_reproductions.rs:13:42
   |
13 |     apply_attacker_declarations_with_dm, apply_blocker_declarations,
   |                                          ^^^^^^^^^^^^^^^^^^^^^^^^^^
   |
   = note: `#[warn(unused_imports)]` on by default

warning: field `activation_hint` is never read
  --> crates/ironsmith-tools/tests/runtime_ward_waterbend_reproductions.rs:29:5
   |
23 | struct Choices {
   |        ------- field in this struct
...
29 |     activation_hint: Option<&'static str>,
   |     ^^^^^^^^^^^^^^^
   |
   = note: `#[warn(dead_code)]` on by default

warning: function `announce` is never used
   --> crates/ironsmith-tools/tests/runtime_ward_waterbend_reproductions.rs:191:4
    |
191 | fn announce(
    |    ^^^^^^^^

warning: function `announce_mana` is never used
   --> crates/ironsmith-tools/tests/runtime_ward_waterbend_reproductions.rs:262:4
    |
262 | fn announce_mana(
    |    ^^^^^^^^^^^^^

warning: function `activation` is never used
   --> crates/ironsmith-tools/tests/runtime_ward_waterbend_reproductions.rs:294:4
    |
294 | fn activation(
    |    ^^^^^^^^^^

warning: function `creature` is never used
  --> crates/ironsmith-tools/tests/runtime_optional_tag_candidate_reproductions.rs:55:4
   |
55 | fn creature(name: &str, blue: bool, flying: bool) -> CardDefinition {
   |    ^^^^^^^^
   |
   = note: `#[warn(dead_code)]` on by default

warning: function `attack` is never used
   --> crates/ironsmith-tools/tests/runtime_optional_tag_candidate_reproductions.rs:221:4
    |
221 | fn attack(
    |    ^^^^^^

warning: function `trample` is never used
   --> crates/ironsmith-tools/tests/runtime_optional_tag_candidate_reproductions.rs:340:4
    |
340 | fn trample(g: &GameState, id: ObjectId) -> bool {
    |    ^^^^^^^

warning: function `upkeep` is never used
   --> crates/ironsmith-tools/tests/runtime_optional_tag_candidate_reproductions.rs:359:4
    |
359 | fn upkeep(g: &mut GameState, player: PlayerId, dm: &mut Choices) -> Result<(), String> {
    |    ^^^^^^

warning: function `forest` is never used
   --> crates/ironsmith-tools/tests/runtime_optional_tag_candidate_reproductions.rs:371:4
    |
371 | fn forest(g: &mut GameState, snow: bool) {
    |    ^^^^^^

warning: function `food` is never used
   --> crates/ironsmith-tools/tests/runtime_optional_tag_candidate_reproductions.rs:382:4
    |
382 | fn food(g: &mut GameState) {
    |    ^^^^

warning: function `attack_next_turn` is never used
   --> crates/ironsmith-tools/tests/runtime_optional_tag_candidate_reproductions.rs:389:4
    |
389 | fn attack_next_turn(g: &mut GameState, ids: &[ObjectId], dm: &mut Choices) -> Result<(), String> {
    |    ^^^^^^^^^^^^^^^^

warning: `ironsmith-tools` (test "runtime_ward_waterbend_reproductions") generated 4 warnings
warning: `ironsmith-tools` (test "runtime_optional_tag_candidate_reproductions") generated 8 warnings (run `cargo fix --test "runtime_optional_tag_candidate_reproductions"` to apply 1 suggestion)
warning: `ironsmith-tools` (bin "probe_badgermole_tap") generated 2 warnings (2 duplicates)
warning: variable does not need to be mutable
   --> crates/ironsmith-tools/tests/runtime_counter_cost_final_reproductions.rs:268:9
    |
268 |     let mut evidence = json!({"spell":def.name(),"mana_paid":mana-g.player(PlayerId(actor)).unwrap().mana_pool.total(),"announced_targets...
    |         ----^^^^^^^^
    |         |
    |         help: remove this `mut`
    |
    = note: `#[warn(unused_mut)]` on by default

warning: `ironsmith-tools` (test "runtime_counter_cost_final_reproductions") generated 1 warning (run `cargo fix --test "runtime_counter_cost_final_reproductions"` to apply 1 suggestion)
warning: function `activate` is never used
   --> crates/ironsmith-tools/tests/runtime_single_tap_mana_reproductions.rs:261:4
    |
261 | fn activate(
    |    ^^^^^^^^
    |
    = note: `#[warn(dead_code)]` on by default

warning: function `find` is never used
   --> crates/ironsmith-tools/tests/runtime_single_tap_mana_reproductions.rs:305:4
    |
305 | fn find(g: &GameState, n: &str, z: Zone) -> Result<ObjectId, String> {
    |    ^^^^

warning: function `offered` is never used
   --> crates/ironsmith-tools/tests/runtime_single_tap_mana_reproductions.rs:413:4
    |
413 | fn offered(g: &GameState, s: ObjectId, index: usize) -> bool {
    |    ^^^^^^^

warning: function `get_stable` is never used
   --> crates/ironsmith-tools/tests/runtime_single_tap_mana_reproductions.rs:417:4
    |
417 | fn get_stable(g: &GameState, id: ObjectId) -> u64 {
    |    ^^^^^^^^^^

warning: function `find_stable` is never used
   --> crates/ironsmith-tools/tests/runtime_single_tap_mana_reproductions.rs:420:4
    |
420 | fn find_stable(g: &GameState, stable: u64) -> Option<ObjectId> {
    |    ^^^^^^^^^^^

warning: `ironsmith-tools` (test "runtime_single_tap_mana_reproductions") generated 5 warnings
warning: function `activate` is never used
   --> crates/ironsmith-tools/tests/runtime_additional_withid_simple_reproductions.rs:259:4
    |
259 | fn activate(
    |    ^^^^^^^^
    |
    = note: `#[warn(dead_code)]` on by default

warning: function `find` is never used
   --> crates/ironsmith-tools/tests/runtime_additional_withid_simple_reproductions.rs:303:4
    |
303 | fn find(g: &GameState, n: &str, z: Zone) -> Result<ObjectId, String> {
    |    ^^^^

warning: function `offered` is never used
   --> crates/ironsmith-tools/tests/runtime_additional_withid_simple_reproductions.rs:411:4
    |
411 | fn offered(g: &GameState, s: ObjectId, index: usize) -> bool {
    |    ^^^^^^^

warning: function `tap` is never used
   --> crates/ironsmith-tools/tests/runtime_additional_withid_simple_reproductions.rs:451:4
    |
451 | fn tap(
    |    ^^^

warning: function `intrinsic_index` is never used
   --> crates/ironsmith-tools/tests/runtime_additional_withid_simple_reproductions.rs:465:4
    |
465 | fn intrinsic_index(
    |    ^^^^^^^^^^^^^^^

warning: `ironsmith-tools` (test "runtime_additional_withid_simple_reproductions") generated 5 warnings
warning: unused `Result` that must be used
   --> crates/ironsmith-tools/tests/mechanics_audit_20260927_actions.rs:166:5
    |
166 |     g.refresh_continuous_state();
    |     ^^^^^^^^^^^^^^^^^^^^^^^^^^^^
    |
    = note: this `Result` may be an `Err` variant, which should be handled
    = note: `#[warn(unused_must_use)]` on by default
help: use `let _ = ...` to ignore the resulting value
    |
166 |     let _ = g.refresh_continuous_state();
    |     +++++++

warning: unused `Result` that must be used
   --> crates/ironsmith-tools/tests/mechanics_audit_20260927_actions.rs:191:5
    |
191 |     g.refresh_continuous_state();
    |     ^^^^^^^^^^^^^^^^^^^^^^^^^^^^
    |
    = note: this `Result` may be an `Err` variant, which should be handled
help: use `let _ = ...` to ignore the resulting value
    |
191 |     let _ = g.refresh_continuous_state();
    |     +++++++

warning: unused `Result` that must be used
   --> crates/ironsmith-tools/tests/mechanics_audit_20260927_actions.rs:193:5
    |
193 |     g.refresh_continuous_state();
    |     ^^^^^^^^^^^^^^^^^^^^^^^^^^^^
    |
    = note: this `Result` may be an `Err` variant, which should be handled
help: use `let _ = ...` to ignore the resulting value
    |
193 |     let _ = g.refresh_continuous_state();
    |     +++++++

warning: `ironsmith-tools` (test "mechanics_audit_20260927_actions") generated 3 warnings
warning: unused `Result` that must be used
  --> crates/ironsmith-tools/tests/flash_photography.rs:54:5
   |
54 |     game.refresh_continuous_state();
   |     ^^^^^^^^^^^^^^^^^^^^^^^^^^^^^^^
   |
   = note: this `Result` may be an `Err` variant, which should be handled
   = note: `#[warn(unused_must_use)]` on by default
help: use `let _ = ...` to ignore the resulting value
   |
54 |     let _ = game.refresh_continuous_state();
   |     +++++++

warning: unused `Result` that must be used
  --> crates/ironsmith-tools/tests/flash_photography.rs:60:5
   |
60 |     game.refresh_continuous_state();
   |     ^^^^^^^^^^^^^^^^^^^^^^^^^^^^^^^
   |
   = note: this `Result` may be an `Err` variant, which should be handled
help: use `let _ = ...` to ignore the resulting value
   |
60 |     let _ = game.refresh_continuous_state();
   |     +++++++

warning: `ironsmith-tools` (test "flash_photography") generated 2 warnings
warning: unused import: `ironsmith::object::CounterType`
  --> crates/ironsmith-tools/tests/runtime_mage_layer_gitrog_reproductions.rs:16:5
   |
16 | use ironsmith::object::CounterType;
   |     ^^^^^^^^^^^^^^^^^^^^^^^^^^^^^^
   |
   = note: `#[warn(unused_imports)]` on by default

warning: unused import: `ObjectId`
  --> crates/ironsmith-tools/tests/runtime_ability_index_hand_reproductions.rs:15:50
   |
15 |     CardDefinition, CardId, CardType, GameState, ObjectId, PlayerId, PowerToughness, Zone,
   |                                                  ^^^^^^^^
   |
   = note: `#[warn(unused_imports)]` on by default

warning: unused imports: `AttackTarget` and `CombatState`
   --> crates/ironsmith-tools/tests/runtime_ability_index_hand_reproductions.rs:153:31
    |
153 | use ironsmith::combat_state::{AttackTarget, CombatState};
    |                               ^^^^^^^^^^^^  ^^^^^^^^^^^

warning: unused import: `ironsmith::decision::AttackerDeclaration`
   --> crates/ironsmith-tools/tests/runtime_ability_index_hand_reproductions.rs:154:5
    |
154 | use ironsmith::decision::AttackerDeclaration;
    |     ^^^^^^^^^^^^^^^^^^^^^^^^^^^^^^^^^^^^^^^^

warning: unused import: `ironsmith::Supertype`
   --> crates/ironsmith-tools/tests/runtime_ability_index_hand_reproductions.rs:215:5
    |
215 | use ironsmith::Supertype;
    |     ^^^^^^^^^^^^^^^^^^^^

warning: unused import: `ironsmith::Subtype`
   --> crates/ironsmith-tools/tests/runtime_ability_index_hand_reproductions.rs:217:5
    |
217 | use ironsmith::Subtype;
    |     ^^^^^^^^^^^^^^^^^^

warning: function `cast` is never used
  --> crates/ironsmith-tools/tests/runtime_ability_index_hand_reproductions.rs:69:4
   |
69 | fn cast(
   |    ^^^^
   |
   = note: `#[warn(dead_code)]` on by default

warning: function `start_next_turn` is never used
   --> crates/ironsmith-tools/tests/runtime_ability_index_hand_reproductions.rs:187:4
    |
187 | fn start_next_turn(
    |    ^^^^^^^^^^^^^^^

warning: function `next_own_turn` is never used
   --> crates/ironsmith-tools/tests/runtime_ability_index_hand_reproductions.rs:208:4
    |
208 | fn next_own_turn(g: &mut GameState, q: &mut TriggerQueue, dm: &mut Choices) -> Result<(), String> {
    |    ^^^^^^^^^^^^^

warning: `ironsmith-tools` (test "runtime_mage_layer_gitrog_reproductions") generated 1 warning (run `cargo fix --test "runtime_mage_layer_gitrog_reproductions"` to apply 1 suggestion)
warning: `ironsmith-tools` (test "runtime_ability_index_hand_reproductions") generated 8 warnings (run `cargo fix --test "runtime_ability_index_hand_reproductions"` to apply 5 suggestions)
warning: unused `std::result::Result` that must be used
   --> crates/ironsmith-tools/tests/runtime_activation_gate_reproductions.rs:221:13
    |
221 |             game.refresh_continuous_state();
    |             ^^^^^^^^^^^^^^^^^^^^^^^^^^^^^^^
    |
    = note: this `Result` may be an `Err` variant, which should be handled
    = note: `#[warn(unused_must_use)]` on by default
help: use `let _ = ...` to ignore the resulting value
    |
221 |             let _ = game.refresh_continuous_state();
    |             +++++++

warning: `ironsmith-tools` (test "runtime_activation_gate_reproductions") generated 1 warning
warning: unused import: `apply_blocker_declarations`
  --> crates/ironsmith-tools/tests/runtime_second_trigger_choice_reproductions.rs:13:42
   |
13 |     apply_attacker_declarations_with_dm, apply_blocker_declarations,
   |                                          ^^^^^^^^^^^^^^^^^^^^^^^^^^
   |
   = note: `#[warn(unused_imports)]` on by default

warning: function `food` is never used
   --> crates/ironsmith-tools/tests/runtime_second_trigger_choice_reproductions.rs:391:4
    |
391 | fn food(g: &mut GameState) {
    |    ^^^^
    |
    = note: `#[warn(dead_code)]` on by default

warning: `ironsmith-tools` (test "runtime_second_trigger_choice_reproductions") generated 2 warnings (run `cargo fix --test "runtime_second_trigger_choice_reproductions"` to apply 1 suggestion)
warning: function `find` is never used
   --> crates/ironsmith-tools/tests/runtime_meria_tap_exile_reproductions.rs:294:4
    |
294 | fn find(g: &GameState, n: &str, z: Zone) -> Result<ObjectId, String> {
    |    ^^^^
    |
    = note: `#[warn(dead_code)]` on by default

warning: function `new_game` is never used
   --> crates/ironsmith-tools/tests/runtime_meria_tap_exile_reproductions.rs:415:4
    |
415 | fn new_game(defs: &HashMap<String, CardDefinition>) -> GameState {
    |    ^^^^^^^^

warning: function `tap` is never used
   --> crates/ironsmith-tools/tests/runtime_meria_tap_exile_reproductions.rs:442:4
    |
442 | fn tap(
    |    ^^^

warning: `ironsmith-tools` (test "runtime_meria_tap_exile_reproductions") generated 3 warnings
warning: unused import: `ObjectId`
  --> crates/ironsmith-tools/tests/runtime_ability_index_restriction_reproductions.rs:15:50
   |
15 |     CardDefinition, CardId, CardType, GameState, ObjectId, PlayerId, PowerToughness, Zone,
   |                                                  ^^^^^^^^
   |
   = note: `#[warn(unused_imports)]` on by default

warning: `ironsmith-tools` (test "runtime_ability_index_restriction_reproductions") generated 1 warning (run `cargo fix --test "runtime_ability_index_restriction_reproductions"` to apply 1 suggestion)
warning: variable does not need to be mutable
  --> crates/ironsmith-tools/tests/runtime_flashback_discard_cost_reproductions.rs:74:9
   |
74 |     let mut evidence=json!({"spell":def.name(),"mana_paid":mana-g.player(PlayerId(actor)).unwrap().mana_pool.total(),"announced_targets":...
   |         ----^^^^^^^^
   |         |
   |         help: remove this `mut`
   |
   = note: `#[warn(unused_mut)]` on by default

warning: `ironsmith-tools` (test "runtime_flashback_discard_cost_reproductions") generated 1 warning (run `cargo fix --test "runtime_flashback_discard_cost_reproductions"` to apply 1 suggestion)
warning: unused `Result` that must be used
  --> crates/ironsmith-tools/tests/vines_of_vastwood.rs:80:5
   |
80 |     game.refresh_continuous_state();
   |     ^^^^^^^^^^^^^^^^^^^^^^^^^^^^^^^
   |
   = note: this `Result` may be an `Err` variant, which should be handled
   = note: `#[warn(unused_must_use)]` on by default
help: use `let _ = ...` to ignore the resulting value
   |
80 |     let _ = game.refresh_continuous_state();
   |     +++++++

warning: `ironsmith-tools` (test "vines_of_vastwood") generated 1 warning
warning: function `count` is never used
   --> crates/ironsmith-tools/tests/runtime_graveyard_selection_cost_reproductions.rs:294:4
    |
294 | fn count(g: &GameState, n: &str, z: Zone) -> usize {
    |    ^^^^^
    |
    = note: `#[warn(dead_code)]` on by default

warning: function `immediate` is never used
   --> crates/ironsmith-tools/tests/runtime_single_exile_stack_hand_reproductions.rs:259:4
    |
259 | fn immediate(
    |    ^^^^^^^^^
    |
    = note: `#[warn(dead_code)]` on by default

warning: `ironsmith-tools` (test "runtime_graveyard_selection_cost_reproductions") generated 1 warning
warning: `ironsmith-tools` (test "runtime_single_exile_stack_hand_reproductions") generated 1 warning
warning: function `paid` is never used
   --> crates/ironsmith-tools/tests/runtime_ability_index_cost_transition_reproductions.rs:309:4
    |
309 | fn paid(
    |    ^^^^
    |
    = note: `#[warn(dead_code)]` on by default

warning: function `stats` is never used
   --> crates/ironsmith-tools/tests/runtime_ability_index_cost_transition_reproductions.rs:323:4
    |
323 | fn stats(g: &GameState, source: ObjectId) -> Value {
    |    ^^^^^

warning: `ironsmith-tools` (test "runtime_ability_index_cost_transition_reproductions") generated 2 warnings
warning: unused `Result` that must be used
  --> crates/ironsmith-tools/tests/angels_grace.rs:45:5
   |
45 |     game.refresh_continuous_state();
   |     ^^^^^^^^^^^^^^^^^^^^^^^^^^^^^^^
   |
   = note: this `Result` may be an `Err` variant, which should be handled
   = note: `#[warn(unused_must_use)]` on by default
help: use `let _ = ...` to ignore the resulting value
   |
45 |     let _ = game.refresh_continuous_state();
   |     +++++++

warning: unused `Result` that must be used
   --> crates/ironsmith-tools/tests/angels_grace.rs:105:5
    |
105 |     game.refresh_continuous_state();
    |     ^^^^^^^^^^^^^^^^^^^^^^^^^^^^^^^
    |
    = note: this `Result` may be an `Err` variant, which should be handled
help: use `let _ = ...` to ignore the resulting value
    |
105 |     let _ = game.refresh_continuous_state();
    |     +++++++

warning: `ironsmith-tools` (test "angels_grace") generated 2 warnings
warning: function `advance_turn` is never used
   --> crates/ironsmith-tools/tests/runtime_station_threshold_event_reproductions.rs:232:4
    |
232 | fn advance_turn(g: &mut GameState, q: &mut TriggerQueue, dm: &mut Choices) -> Result<(), String> {
    |    ^^^^^^^^^^^^
    |
    = note: `#[warn(dead_code)]` on by default

warning: `ironsmith-tools` (test "runtime_station_threshold_event_reproductions") generated 1 warning
warning: function `count` is never used
   --> crates/ironsmith-tools/tests/runtime_dermotaxi_tap_reproductions.rs:271:4
    |
271 | fn count(g: &GameState, name: &str, zone: Zone) -> usize {
    |    ^^^^^
    |
    = note: `#[warn(dead_code)]` on by default

warning: `ironsmith-tools` (test "runtime_dermotaxi_tap_reproductions") generated 1 warning
warning: unused import: `ironsmith::events::context::EventContext`
 --> crates/ironsmith-tools/tests/ziffle_batch_discard_draw.rs:4:5
  |
4 | use ironsmith::events::context::EventContext;
  |     ^^^^^^^^^^^^^^^^^^^^^^^^^^^^^^^^^^^^^^^^
  |
  = note: `#[warn(unused_imports)]` on by default

warning: `ironsmith-tools` (test "ziffle_batch_discard_draw") generated 1 warning (run `cargo fix --test "ziffle_batch_discard_draw"` to apply 1 suggestion)
warning: variable does not need to be mutable
  --> crates/ironsmith-tools/tests/runtime_counter_cost_misc_reproductions.rs:58:9
   |
58 |     let mut evidence=json!({"spell":def.name(),"mana_paid":mana-g.player(PlayerId(actor)).unwrap().mana_pool.total(),"announced_targets":...
   |         ----^^^^^^^^
   |         |
   |         help: remove this `mut`
   |
   = note: `#[warn(unused_mut)]` on by default

warning: unused import: `ironsmith::object::CounterType`
  --> crates/ironsmith-tools/tests/runtime_humility_march_lattice_reproductions.rs:16:5
   |
16 | use ironsmith::object::CounterType;
   |     ^^^^^^^^^^^^^^^^^^^^^^^^^^^^^^
   |
   = note: `#[warn(unused_imports)]` on by default

warning: `ironsmith-tools` (test "runtime_counter_cost_misc_reproductions") generated 1 warning (run `cargo fix --test "runtime_counter_cost_misc_reproductions"` to apply 1 suggestion)
warning: function `established` is never used
   --> crates/ironsmith-tools/tests/runtime_humility_march_lattice_reproductions.rs:233:4
    |
233 | fn established(
    |    ^^^^^^^^^^^
    |
    = note: `#[warn(dead_code)]` on by default

warning: function `witness` is never used
   --> crates/ironsmith-tools/tests/runtime_humility_march_lattice_reproductions.rs:250:4
    |
250 | fn witness(name: &str, kind: CardType, cost: u8, with_x: bool) -> CardDefinition {
    |    ^^^^^^^

warning: `ironsmith-tools` (test "runtime_humility_march_lattice_reproductions") generated 3 warnings (run `cargo fix --test "runtime_humility_march_lattice_reproductions"` to apply 1 suggestion)
warning: unused import: `CounterType`
  --> crates/ironsmith-tools/tests/runtime_single_exile_battlefield_reproductions.rs:17:41
   |
17 | use ironsmith::{CardDefinition, CardId, CounterType, GameState, ObjectId, Phase, PlayerId, Zone};
   |                                         ^^^^^^^^^^^
   |
   = note: `#[warn(unused_imports)]` on by default

warning: `ironsmith-tools` (test "runtime_single_exile_battlefield_reproductions") generated 1 warning (run `cargo fix --test "runtime_single_exile_battlefield_reproductions"` to apply 1 suggestion)
warning: function `activate` is never used
   --> crates/ironsmith-tools/tests/runtime_additional_withid_evidence_reproductions.rs:259:4
    |
259 | fn activate(
    |    ^^^^^^^^
    |
    = note: `#[warn(dead_code)]` on by default

warning: function `find` is never used
   --> crates/ironsmith-tools/tests/runtime_additional_withid_evidence_reproductions.rs:303:4
    |
303 | fn find(g: &GameState, n: &str, z: Zone) -> Result<ObjectId, String> {
    |    ^^^^

warning: function `offered` is never used
   --> crates/ironsmith-tools/tests/runtime_additional_withid_evidence_reproductions.rs:411:4
    |
411 | fn offered(g: &GameState, s: ObjectId, index: usize) -> bool {
    |    ^^^^^^^

warning: function `tap` is never used
   --> crates/ironsmith-tools/tests/runtime_additional_withid_evidence_reproductions.rs:451:4
    |
451 | fn tap(
    |    ^^^

warning: function `intrinsic_index` is never used
   --> crates/ironsmith-tools/tests/runtime_additional_withid_evidence_reproductions.rs:465:4
    |
465 | fn intrinsic_index(
    |    ^^^^^^^^^^^^^^^

warning: function `announce_existing` is never used
   --> crates/ironsmith-tools/tests/runtime_additional_withid_evidence_reproductions.rs:566:4
    |
566 | fn announce_existing(
    |    ^^^^^^^^^^^^^^^^^

warning: `ironsmith-tools` (test "runtime_additional_withid_evidence_reproductions") generated 6 warnings
warning: unused import: `ironsmith::object::CounterType`
  --> crates/ironsmith-tools/tests/runtime_mantle_timeout_reproductions.rs:16:5
   |
16 | use ironsmith::object::CounterType;
   |     ^^^^^^^^^^^^^^^^^^^^^^^^^^^^^^
   |
   = note: `#[warn(unused_imports)]` on by default

warning: function `find` is never used
   --> crates/ironsmith-tools/tests/runtime_mantle_timeout_reproductions.rs:219:4
    |
219 | fn find(g: &GameState, name: &str, zone: Zone) -> Result<ObjectId, String> {
    |    ^^^^
    |
    = note: `#[warn(dead_code)]` on by default

warning: function `established` is never used
   --> crates/ironsmith-tools/tests/runtime_mantle_timeout_reproductions.rs:235:4
    |
235 | fn established(
    |    ^^^^^^^^^^^

warning: function `witness` is never used
   --> crates/ironsmith-tools/tests/runtime_mantle_timeout_reproductions.rs:252:4
    |
252 | fn witness(name: &str, kind: CardType, cost: u8, with_x: bool) -> CardDefinition {
    |    ^^^^^^^

warning: `ironsmith-tools` (test "runtime_mantle_timeout_reproductions") generated 4 warnings (run `cargo fix --test "runtime_mantle_timeout_reproductions"` to apply 1 suggestion)
warning: unused import: `ObjectId`
  --> crates/ironsmith-tools/tests/runtime_ability_index_active_grant_reproductions.rs:15:50
   |
15 |     CardDefinition, CardId, CardType, GameState, ObjectId, PlayerId, PowerToughness, Zone,
   |                                                  ^^^^^^^^
   |
   = note: `#[warn(unused_imports)]` on by default

warning: unused import: `ironsmith::color::Color`
  --> crates/ironsmith-tools/tests/runtime_single_return_land_reproductions.rs:19:5
   |
19 | use ironsmith::color::Color;
   |     ^^^^^^^^^^^^^^^^^^^^^^^
   |
   = note: `#[warn(unused_imports)]` on by default

warning: `ironsmith-tools` (test "runtime_ability_index_active_grant_reproductions") generated 1 warning (run `cargo fix --test "runtime_ability_index_active_grant_reproductions"` to apply 1 suggestion)
warning: `ironsmith-tools` (test "runtime_single_return_land_reproductions") generated 1 warning (run `cargo fix --test "runtime_single_return_land_reproductions"` to apply 1 suggestion)
warning: function `count` is never used
   --> crates/ironsmith-tools/tests/runtime_special_tap_cost_reproductions.rs:271:4
    |
271 | fn count(g: &GameState, name: &str, zone: Zone) -> usize {
    |    ^^^^^
    |
    = note: `#[warn(dead_code)]` on by default

warning: `ironsmith-tools` (test "runtime_special_tap_cost_reproductions") generated 1 warning
warning: variable does not need to be mutable
  --> crates/ironsmith-tools/tests/runtime_multitarget_reproductions.rs:59:9
   |
59 |     let mut evidence=json!({"spell":def.name(),"mana_paid":mana-g.player(PlayerId(actor)).unwrap().mana_pool.total(),"announced_targets":...
   |         ----^^^^^^^^
   |         |
   |         help: remove this `mut`
   |
   = note: `#[warn(unused_mut)]` on by default

warning: `ironsmith-tools` (test "runtime_multitarget_reproductions") generated 1 warning (run `cargo fix --test "runtime_multitarget_reproductions"` to apply 1 suggestion)
warning: unused import: `TurnState`
  --> crates/ironsmith-tools/tests/runtime_single_tap_station_reproductions.rs:19:54
   |
19 | use ironsmith::turn_runner::{TurnAction, TurnRunner, TurnState};
   |                                                      ^^^^^^^^^
   |
   = note: `#[warn(unused_imports)]` on by default

warning: function `reach_main` is never used
   --> crates/ironsmith-tools/tests/runtime_single_tap_station_reproductions.rs:318:4
    |
318 | fn reach_main(
    |    ^^^^^^^^^^
    |
    = note: `#[warn(dead_code)]` on by default

warning: function `get_stable` is never used
   --> crates/ironsmith-tools/tests/runtime_single_tap_station_reproductions.rs:394:4
    |
394 | fn get_stable(g: &GameState, id: ObjectId) -> u64 {
    |    ^^^^^^^^^^

warning: function `find_stable` is never used
   --> crates/ironsmith-tools/tests/runtime_single_tap_station_reproductions.rs:397:4
    |
397 | fn find_stable(g: &GameState, stable: u64) -> Option<ObjectId> {
    |    ^^^^^^^^^^^

warning: `ironsmith-tools` (test "runtime_single_tap_station_reproductions") generated 4 warnings (run `cargo fix --test "runtime_single_tap_station_reproductions"` to apply 1 suggestion)
warning: function `find` is never used
   --> crates/ironsmith-tools/tests/runtime_unattach_granted_reproductions.rs:266:4
    |
266 | fn find(g: &GameState, n: &str, z: Zone) -> Result<ObjectId, String> {
    |    ^^^^
    |
    = note: `#[warn(dead_code)]` on by default

warning: `ironsmith-tools` (test "runtime_unattach_granted_reproductions") generated 1 warning
warning: unused `Result` that must be used
  --> crates/ironsmith-tools/tests/mechanics_audit_20260927_systems.rs:55:9
   |
55 |         g.refresh_continuous_state();
   |         ^^^^^^^^^^^^^^^^^^^^^^^^^^^^
   |
   = note: this `Result` may be an `Err` variant, which should be handled
   = note: `#[warn(unused_must_use)]` on by default
help: use `let _ = ...` to ignore the resulting value
   |
55 |         let _ = g.refresh_continuous_state();
   |         +++++++

warning: unused `Result` that must be used
   --> crates/ironsmith-tools/tests/mechanics_audit_20260927_systems.rs:109:9
    |
109 |         g.refresh_continuous_state();
    |         ^^^^^^^^^^^^^^^^^^^^^^^^^^^^
    |
    = note: this `Result` may be an `Err` variant, which should be handled
help: use `let _ = ...` to ignore the resulting value
    |
109 |         let _ = g.refresh_continuous_state();
    |         +++++++

warning: unused `Result` that must be used
   --> crates/ironsmith-tools/tests/mechanics_audit_20260927_systems.rs:112:9
    |
112 |         g.refresh_continuous_state();
    |         ^^^^^^^^^^^^^^^^^^^^^^^^^^^^
    |
    = note: this `Result` may be an `Err` variant, which should be handled
help: use `let _ = ...` to ignore the resulting value
    |
112 |         let _ = g.refresh_continuous_state();
    |         +++++++

warning: unused `Result` that must be used
   --> crates/ironsmith-tools/tests/mechanics_audit_20260927_systems.rs:211:5
    |
211 |     g.refresh_continuous_state();
    |     ^^^^^^^^^^^^^^^^^^^^^^^^^^^^
    |
    = note: this `Result` may be an `Err` variant, which should be handled
help: use `let _ = ...` to ignore the resulting value
    |
211 |     let _ = g.refresh_continuous_state();
    |     +++++++

warning: unused `Result` that must be used
   --> crates/ironsmith-tools/tests/mechanics_audit_20260927_systems.rs:220:5
    |
220 |     g.refresh_continuous_state();
    |     ^^^^^^^^^^^^^^^^^^^^^^^^^^^^
    |
    = note: this `Result` may be an `Err` variant, which should be handled
help: use `let _ = ...` to ignore the resulting value
    |
220 |     let _ = g.refresh_continuous_state();
    |     +++++++

warning: unused `Result` that must be used
   --> crates/ironsmith-tools/tests/mechanics_audit_20260927_systems.rs:491:13
    |
491 |             g.refresh_continuous_state();
    |             ^^^^^^^^^^^^^^^^^^^^^^^^^^^^
    |
    = note: this `Result` may be an `Err` variant, which should be handled
help: use `let _ = ...` to ignore the resulting value
    |
491 |             let _ = g.refresh_continuous_state();
    |             +++++++

warning: `ironsmith-tools` (test "mechanics_audit_20260927_systems") generated 6 warnings
warning: unused `Result` that must be used
   --> crates/ironsmith-tools/tests/mechanics_audit_fixes_actions.rs:216:5
    |
216 |     g.refresh_continuous_state();
    |     ^^^^^^^^^^^^^^^^^^^^^^^^^^^^
    |
    = note: this `Result` may be an `Err` variant, which should be handled
    = note: `#[warn(unused_must_use)]` on by default
help: use `let _ = ...` to ignore the resulting value
    |
216 |     let _ = g.refresh_continuous_state();
    |     +++++++

warning: unused `Result` that must be used
   --> crates/ironsmith-tools/tests/mechanics_audit_fixes_actions.rs:392:13
    |
392 |             g.refresh_continuous_state();
    |             ^^^^^^^^^^^^^^^^^^^^^^^^^^^^
    |
    = note: this `Result` may be an `Err` variant, which should be handled
help: use `let _ = ...` to ignore the resulting value
    |
392 |             let _ = g.refresh_continuous_state();
    |             +++++++

warning: unused `Result` that must be used
   --> crates/ironsmith-tools/tests/mechanics_audit_fixes_actions.rs:770:5
    |
770 |     g.refresh_continuous_state();
    |     ^^^^^^^^^^^^^^^^^^^^^^^^^^^^
    |
    = note: this `Result` may be an `Err` variant, which should be handled
help: use `let _ = ...` to ignore the resulting value
    |
770 |     let _ = g.refresh_continuous_state();
    |     +++++++

warning: `ironsmith-tools` (test "mechanics_audit_fixes_actions") generated 3 warnings
warning: unused `Result` that must be used
   --> crates/ironsmith-tools/tests/mechanics_audit_20260927_costs.rs:133:5
    |
133 |     g.refresh_continuous_state();
    |     ^^^^^^^^^^^^^^^^^^^^^^^^^^^^
    |
    = note: this `Result` may be an `Err` variant, which should be handled
    = note: `#[warn(unused_must_use)]` on by default
help: use `let _ = ...` to ignore the resulting value
    |
133 |     let _ = g.refresh_continuous_state();
    |     +++++++

warning: unused `Result` that must be used
   --> crates/ironsmith-tools/tests/mechanics_audit_20260927_costs.rs:460:5
    |
460 |     g.refresh_continuous_state();
    |     ^^^^^^^^^^^^^^^^^^^^^^^^^^^^
    |
    = note: this `Result` may be an `Err` variant, which should be handled
help: use `let _ = ...` to ignore the resulting value
    |
460 |     let _ = g.refresh_continuous_state();
    |     +++++++

warning: unused `Result` that must be used
   --> crates/ironsmith-tools/tests/mechanics_audit_20260927_costs.rs:524:9
    |
524 |         g.refresh_continuous_state();
    |         ^^^^^^^^^^^^^^^^^^^^^^^^^^^^
    |
    = note: this `Result` may be an `Err` variant, which should be handled
help: use `let _ = ...` to ignore the resulting value
    |
524 |         let _ = g.refresh_continuous_state();
    |         +++++++

warning: unused `Result` that must be used
   --> crates/ironsmith-tools/tests/mechanics_audit_20260927_costs.rs:611:5
    |
611 |     g.refresh_continuous_state();
    |     ^^^^^^^^^^^^^^^^^^^^^^^^^^^^
    |
    = note: this `Result` may be an `Err` variant, which should be handled
help: use `let _ = ...` to ignore the resulting value
    |
611 |     let _ = g.refresh_continuous_state();
    |     +++++++

warning: unused `Result` that must be used
   --> crates/ironsmith-tools/tests/mechanics_audit_20260927_costs.rs:624:5
    |
624 |     g.refresh_continuous_state();
    |     ^^^^^^^^^^^^^^^^^^^^^^^^^^^^
    |
    = note: this `Result` may be an `Err` variant, which should be handled
help: use `let _ = ...` to ignore the resulting value
    |
624 |     let _ = g.refresh_continuous_state();
    |     +++++++

warning: `ironsmith-tools` (test "mechanics_audit_20260927_costs") generated 5 warnings
warning: function `set_actor` is never used
   --> crates/ironsmith-tools/tests/runtime_conditional_land_entry_reproductions.rs:295:4
    |
295 | fn set_actor(g: &mut GameState, dm: &mut Dm, p: PlayerId) {
    |    ^^^^^^^^^
    |
    = note: `#[warn(dead_code)]` on by default

warning: `ironsmith-tools` (test "runtime_conditional_land_entry_reproductions") generated 1 warning
warning: unused `std::result::Result` that must be used
   --> crates/ironsmith-tools/tests/runtime_ninjutsu_family.rs:144:5
    |
144 |     game.refresh_continuous_state();
    |     ^^^^^^^^^^^^^^^^^^^^^^^^^^^^^^^
    |
    = note: this `Result` may be an `Err` variant, which should be handled
    = note: `#[warn(unused_must_use)]` on by default
help: use `let _ = ...` to ignore the resulting value
    |
144 |     let _ = game.refresh_continuous_state();
    |     +++++++

warning: `ironsmith-tools` (test "runtime_ninjutsu_family") generated 1 warning
warning: function `activate` is never used
   --> crates/ironsmith-tools/tests/runtime_single_tap_mana_edge_reproductions.rs:261:4
    |
261 | fn activate(
    |    ^^^^^^^^
    |
    = note: `#[warn(dead_code)]` on by default

warning: function `find` is never used
   --> crates/ironsmith-tools/tests/runtime_single_tap_mana_edge_reproductions.rs:305:4
    |
305 | fn find(g: &GameState, n: &str, z: Zone) -> Result<ObjectId, String> {
    |    ^^^^

warning: function `offered` is never used
   --> crates/ironsmith-tools/tests/runtime_single_tap_mana_edge_reproductions.rs:413:4
    |
413 | fn offered(g: &GameState, s: ObjectId, index: usize) -> bool {
    |    ^^^^^^^

warning: function `get_stable` is never used
   --> crates/ironsmith-tools/tests/runtime_single_tap_mana_edge_reproductions.rs:417:4
    |
417 | fn get_stable(g: &GameState, id: ObjectId) -> u64 {
    |    ^^^^^^^^^^

warning: function `find_stable` is never used
   --> crates/ironsmith-tools/tests/runtime_single_tap_mana_edge_reproductions.rs:420:4
    |
420 | fn find_stable(g: &GameState, stable: u64) -> Option<ObjectId> {
    |    ^^^^^^^^^^^

warning: `ironsmith-tools` (test "runtime_single_tap_mana_edge_reproductions") generated 5 warnings
warning: unused `Result` that must be used
  --> crates/ironsmith-tools/tests/valgavoth_terror_eater.rs:90:5
   |
90 |     game.refresh_continuous_state();
   |     ^^^^^^^^^^^^^^^^^^^^^^^^^^^^^^^
   |
   = note: this `Result` may be an `Err` variant, which should be handled
   = note: `#[warn(unused_must_use)]` on by default
help: use `let _ = ...` to ignore the resulting value
   |
90 |     let _ = game.refresh_continuous_state();
   |     +++++++

warning: `ironsmith-tools` (test "valgavoth_terror_eater") generated 1 warning
warning: function `find` is never used
   --> crates/ironsmith-tools/tests/runtime_spell_web_return_reproductions.rs:251:4
    |
251 | fn find(g: &GameState, name: &str, zone: Zone) -> Result<ObjectId, String> {
    |    ^^^^
    |
    = note: `#[warn(dead_code)]` on by default

warning: function `action` is never used
   --> crates/ironsmith-tools/tests/runtime_spell_web_return_reproductions.rs:277:4
    |
277 | fn action(
    |    ^^^^^^

warning: function `play_land` is never used
   --> crates/ironsmith-tools/tests/runtime_spell_web_return_reproductions.rs:355:4
    |
355 | fn play_land(g: &mut GameState, d: &CardDefinition, dm: &mut Choices) -> Result<ObjectId, String> {
    |    ^^^^^^^^^

warning: `ironsmith-tools` (test "runtime_spell_web_return_reproductions") generated 3 warnings
warning: unused `Result` that must be used
  --> crates/ironsmith-tools/tests/hammerheim.rs:67:5
   |
67 |     game.refresh_continuous_state();
   |     ^^^^^^^^^^^^^^^^^^^^^^^^^^^^^^^
   |
   = note: this `Result` may be an `Err` variant, which should be handled
   = note: `#[warn(unused_must_use)]` on by default
help: use `let _ = ...` to ignore the resulting value
   |
67 |     let _ = game.refresh_continuous_state();
   |     +++++++

warning: unused `Result` that must be used
   --> crates/ironsmith-tools/tests/hammerheim.rs:103:5
    |
103 |     game.refresh_continuous_state();
    |     ^^^^^^^^^^^^^^^^^^^^^^^^^^^^^^^
    |
    = note: this `Result` may be an `Err` variant, which should be handled
help: use `let _ = ...` to ignore the resulting value
    |
103 |     let _ = game.refresh_continuous_state();
    |     +++++++

warning: unused `Result` that must be used
   --> crates/ironsmith-tools/tests/hammerheim.rs:114:5
    |
114 |     game.refresh_continuous_state();
    |     ^^^^^^^^^^^^^^^^^^^^^^^^^^^^^^^
    |
    = note: this `Result` may be an `Err` variant, which should be handled
help: use `let _ = ...` to ignore the resulting value
    |
114 |     let _ = game.refresh_continuous_state();
    |     +++++++

warning: `ironsmith-tools` (test "hammerheim") generated 3 warnings
warning: function `finish` is never used
   --> crates/ironsmith-tools/tests/runtime_optional_tap_gate_reproductions.rs:230:4
    |
230 | fn finish(g: &mut GameState, q: &mut TriggerQueue, dm: &mut Choices) -> Result<(), String> {
    |    ^^^^^^
    |
    = note: `#[warn(dead_code)]` on by default

warning: function `find` is never used
   --> crates/ironsmith-tools/tests/runtime_optional_tap_gate_reproductions.rs:251:4
    |
251 | fn find(g: &GameState, name: &str, zone: Zone) -> Result<ObjectId, String> {
    |    ^^^^

warning: function `action` is never used
   --> crates/ironsmith-tools/tests/runtime_optional_tap_gate_reproductions.rs:277:4
    |
277 | fn action(
    |    ^^^^^^

warning: function `play_land` is never used
   --> crates/ironsmith-tools/tests/runtime_optional_tap_gate_reproductions.rs:355:4
    |
355 | fn play_land(g: &mut GameState, d: &CardDefinition, dm: &mut Choices) -> Result<ObjectId, String> {
    |    ^^^^^^^^^

warning: function `count` is never used
   --> crates/ironsmith-tools/tests/runtime_spell_alt_tap_reproductions.rs:271:4
    |
271 | fn count(g: &GameState, name: &str, zone: Zone) -> usize {
    |    ^^^^^
    |
    = note: `#[warn(dead_code)]` on by default

warning: `ironsmith-tools` (test "runtime_spell_alt_tap_reproductions") generated 1 warning
warning: `ironsmith-tools` (test "runtime_optional_tap_gate_reproductions") generated 4 warnings
warning: field `target_name` is never read
  --> crates/ironsmith-tools/tests/runtime_target_tag_overwrite_reproductions.rs:79:5
   |
74 | struct ProbeDm {
   |        ------- field in this struct
...
79 |     target_name: Option<String>,
   |     ^^^^^^^^^^^
   |
   = note: `#[warn(dead_code)]` on by default

warning: function `count` is never used
   --> crates/ironsmith-tools/tests/runtime_target_tag_overwrite_reproductions.rs:223:4
    |
223 | fn count(g: &GameState, name: &str, zone: Zone) -> usize {
    |    ^^^^^

warning: function `witness` is never used
   --> crates/ironsmith-tools/tests/runtime_target_tag_overwrite_reproductions.rs:262:4
    |
262 | fn witness(name: &str, kind: CardType, cost: u8, with_x: bool) -> CardDefinition {
    |    ^^^^^^^

warning: `ironsmith-tools` (test "runtime_target_tag_overwrite_reproductions") generated 3 warnings
warning: unused import: `ironsmith::object::CounterType`
  --> crates/ironsmith-tools/tests/runtime_ashiok_timeout_reproductions.rs:16:5
   |
16 | use ironsmith::object::CounterType;
   |     ^^^^^^^^^^^^^^^^^^^^^^^^^^^^^^
   |
   = note: `#[warn(unused_imports)]` on by default

warning: `ironsmith-tools` (test "runtime_ashiok_timeout_reproductions") generated 1 warning (run `cargo fix --test "runtime_ashiok_timeout_reproductions"` to apply 1 suggestion)
warning: function `advance_turn` is never used
   --> crates/ironsmith-tools/tests/runtime_ability_index_myojin_reproductions.rs:233:4
    |
233 | fn advance_turn(g: &mut GameState, q: &mut TriggerQueue, dm: &mut Choices) -> Result<(), String> {
    |    ^^^^^^^^^^^^
    |
    = note: `#[warn(dead_code)]` on by default

warning: variable does not need to be mutable
  --> crates/ironsmith-tools/tests/runtime_dynamic_counted_damage_reproductions.rs:71:9
   |
71 |     let mut evidence=json!({"spell":def.name(),"mana_paid":mana-g.player(PlayerId(actor)).unwrap().mana_pool.total(),"announced_targets":...
   |         ----^^^^^^^^
   |         |
   |         help: remove this `mut`
   |
   = note: `#[warn(unused_mut)]` on by default

warning: `ironsmith-tools` (test "runtime_ability_index_myojin_reproductions") generated 1 warning
warning: `ironsmith-tools` (test "runtime_dynamic_counted_damage_reproductions") generated 1 warning (run `cargo fix --test "runtime_dynamic_counted_damage_reproductions"` to apply 1 suggestion)
warning: unused `Result` that must be used
   --> crates/ironsmith-tools/tests/mechanics_audit_fixes_faces.rs:483:9
    |
483 |         g.refresh_continuous_state();
    |         ^^^^^^^^^^^^^^^^^^^^^^^^^^^^
    |
    = note: this `Result` may be an `Err` variant, which should be handled
    = note: `#[warn(unused_must_use)]` on by default
help: use `let _ = ...` to ignore the resulting value
    |
483 |         let _ = g.refresh_continuous_state();
    |         +++++++

warning: unused `Result` that must be used
   --> crates/ironsmith-tools/tests/mechanics_audit_fixes_faces.rs:509:9
    |
509 |         g.refresh_continuous_state();
    |         ^^^^^^^^^^^^^^^^^^^^^^^^^^^^
    |
    = note: this `Result` may be an `Err` variant, which should be handled
help: use `let _ = ...` to ignore the resulting value
    |
509 |         let _ = g.refresh_continuous_state();
    |         +++++++

warning: unused `Result` that must be used
   --> crates/ironsmith-tools/tests/mechanics_audit_fixes_faces.rs:538:13
    |
538 |             g.refresh_continuous_state();
    |             ^^^^^^^^^^^^^^^^^^^^^^^^^^^^
    |
    = note: this `Result` may be an `Err` variant, which should be handled
help: use `let _ = ...` to ignore the resulting value
    |
538 |             let _ = g.refresh_continuous_state();
    |             +++++++

warning: unused `Result` that must be used
   --> crates/ironsmith-tools/tests/mechanics_audit_fixes_faces.rs:545:13
    |
545 |             g.refresh_continuous_state();
    |             ^^^^^^^^^^^^^^^^^^^^^^^^^^^^
    |
    = note: this `Result` may be an `Err` variant, which should be handled
help: use `let _ = ...` to ignore the resulting value
    |
545 |             let _ = g.refresh_continuous_state();
    |             +++++++

warning: unused `Result` that must be used
   --> crates/ironsmith-tools/tests/mechanics_audit_fixes_faces.rs:591:5
    |
591 |     g.refresh_continuous_state();
    |     ^^^^^^^^^^^^^^^^^^^^^^^^^^^^
    |
    = note: this `Result` may be an `Err` variant, which should be handled
help: use `let _ = ...` to ignore the resulting value
    |
591 |     let _ = g.refresh_continuous_state();
    |     +++++++

warning: unused `Result` that must be used
   --> crates/ironsmith-tools/tests/mechanics_audit_fixes_faces.rs:594:5
    |
594 |     g.refresh_continuous_state();
    |     ^^^^^^^^^^^^^^^^^^^^^^^^^^^^
    |
    = note: this `Result` may be an `Err` variant, which should be handled
help: use `let _ = ...` to ignore the resulting value
    |
594 |     let _ = g.refresh_continuous_state();
    |     +++++++

warning: unused `Result` that must be used
   --> crates/ironsmith-tools/tests/mechanics_audit_fixes_faces.rs:609:5
    |
609 |     g.refresh_continuous_state();
    |     ^^^^^^^^^^^^^^^^^^^^^^^^^^^^
    |
    = note: this `Result` may be an `Err` variant, which should be handled
help: use `let _ = ...` to ignore the resulting value
    |
609 |     let _ = g.refresh_continuous_state();
    |     +++++++

warning: unused `Result` that must be used
   --> crates/ironsmith-tools/tests/mechanics_audit_fixes_faces.rs:613:5
    |
613 |     g.refresh_continuous_state();
    |     ^^^^^^^^^^^^^^^^^^^^^^^^^^^^
    |
    = note: this `Result` may be an `Err` variant, which should be handled
help: use `let _ = ...` to ignore the resulting value
    |
613 |     let _ = g.refresh_continuous_state();
    |     +++++++

warning: `ironsmith-tools` (test "mechanics_audit_fixes_faces") generated 8 warnings
warning: field `activation_hint` is never read
  --> crates/ironsmith-tools/tests/runtime_optional_waterbend_reproductions.rs:32:5
   |
23 | struct Choices {
   |        ------- field in this struct
...
32 |     activation_hint: Option<&'static str>,
   |     ^^^^^^^^^^^^^^^
   |
   = note: `#[warn(dead_code)]` on by default

warning: function `announce` is never used
   --> crates/ironsmith-tools/tests/runtime_optional_waterbend_reproductions.rs:207:4
    |
207 | fn announce(
    |    ^^^^^^^^

warning: function `advance_turn` is never used
   --> crates/ironsmith-tools/tests/runtime_optional_waterbend_reproductions.rs:262:4
    |
262 | fn advance_turn(g: &mut GameState, q: &mut TriggerQueue, dm: &mut Choices) -> Result<(), String> {
    |    ^^^^^^^^^^^^

warning: function `announce_mana` is never used
   --> crates/ironsmith-tools/tests/runtime_optional_waterbend_reproductions.rs:278:4
    |
278 | fn announce_mana(
    |    ^^^^^^^^^^^^^

warning: function `activation` is never used
   --> crates/ironsmith-tools/tests/runtime_optional_waterbend_reproductions.rs:310:4
    |
310 | fn activation(
    |    ^^^^^^^^^^

warning: `ironsmith-tools` (test "runtime_optional_waterbend_reproductions") generated 5 warnings
warning: unused import: `TurnState`
  --> crates/ironsmith-tools/tests/runtime_single_tap_effect_reproductions.rs:19:54
   |
19 | use ironsmith::turn_runner::{TurnAction, TurnRunner, TurnState};
   |                                                      ^^^^^^^^^
   |
   = note: `#[warn(unused_imports)]` on by default

warning: function `find` is never used
   --> crates/ironsmith-tools/tests/runtime_single_tap_effect_reproductions.rs:294:4
    |
294 | fn find(g: &GameState, n: &str, z: Zone) -> Result<ObjectId, String> {
    |    ^^^^
    |
    = note: `#[warn(dead_code)]` on by default

warning: function `reach_main` is never used
   --> crates/ironsmith-tools/tests/runtime_single_tap_effect_reproductions.rs:330:4
    |
330 | fn reach_main(
    |    ^^^^^^^^^^

warning: function `priority` is never used
   --> crates/ironsmith-tools/tests/runtime_single_tap_effect_reproductions.rs:382:4
    |
382 | fn priority(g: &mut GameState, q: &mut TriggerQueue, p: u8, d: &mut Choices) -> Result<(), String> {
    |    ^^^^^^^^

warning: function `get_stable` is never used
   --> crates/ironsmith-tools/tests/runtime_single_tap_effect_reproductions.rs:406:4
    |
406 | fn get_stable(g: &GameState, id: ObjectId) -> u64 {
    |    ^^^^^^^^^^

warning: function `find_stable` is never used
   --> crates/ironsmith-tools/tests/runtime_single_tap_effect_reproductions.rs:409:4
    |
409 | fn find_stable(g: &GameState, stable: u64) -> Option<ObjectId> {
    |    ^^^^^^^^^^^

warning: function `land` is never used
   --> crates/ironsmith-tools/tests/runtime_single_tap_effect_reproductions.rs:522:4
    |
522 | fn land(
    |    ^^^^

warning: unused import: `ObjectId`
  --> crates/ironsmith-tools/tests/runtime_ability_index_mana_wrapper_reproductions.rs:15:50
   |
15 |     CardDefinition, CardId, CardType, GameState, ObjectId, PlayerId, PowerToughness, Zone,
   |                                                  ^^^^^^^^
   |
   = note: `#[warn(unused_imports)]` on by default

warning: `ironsmith-tools` (test "runtime_single_tap_effect_reproductions") generated 7 warnings (run `cargo fix --test "runtime_single_tap_effect_reproductions"` to apply 1 suggestion)
warning: `ironsmith-tools` (test "runtime_ability_index_mana_wrapper_reproductions") generated 1 warning (run `cargo fix --test "runtime_ability_index_mana_wrapper_reproductions"` to apply 1 suggestion)
warning: unused import: `CounterType`
  --> crates/ironsmith-tools/tests/runtime_single_exile_craft_reproductions.rs:17:41
   |
17 | use ironsmith::{CardDefinition, CardId, CounterType, GameState, ObjectId, Phase, PlayerId, Zone};
   |                                         ^^^^^^^^^^^
   |
   = note: `#[warn(unused_imports)]` on by default

warning: function `immediate` is never used
   --> crates/ironsmith-tools/tests/runtime_single_exile_craft_reproductions.rs:279:4
    |
279 | fn immediate(
    |    ^^^^^^^^^
    |
    = note: `#[warn(dead_code)]` on by default

warning: `ironsmith-tools` (test "runtime_single_exile_craft_reproductions") generated 2 warnings (run `cargo fix --test "runtime_single_exile_craft_reproductions"` to apply 1 suggestion)
warning: unused `Result` that must be used
  --> crates/ironsmith-tools/tests/lavinia_azorius_renegade.rs:67:17
   |
67 |                 game.refresh_continuous_state();
   |                 ^^^^^^^^^^^^^^^^^^^^^^^^^^^^^^^
   |
   = note: this `Result` may be an `Err` variant, which should be handled
   = note: `#[warn(unused_must_use)]` on by default
help: use `let _ = ...` to ignore the resulting value
   |
67 |                 let _ = game.refresh_continuous_state();
   |                 +++++++

warning: unused `Result` that must be used
   --> crates/ironsmith-tools/tests/lavinia_azorius_renegade.rs:118:17
    |
118 |                 game.refresh_continuous_state();
    |                 ^^^^^^^^^^^^^^^^^^^^^^^^^^^^^^^
    |
    = note: this `Result` may be an `Err` variant, which should be handled
help: use `let _ = ...` to ignore the resulting value
    |
118 |                 let _ = game.refresh_continuous_state();
    |                 +++++++

warning: unused `Result` that must be used
   --> crates/ironsmith-tools/tests/lavinia_azorius_renegade.rs:204:9
    |
204 |         game.refresh_continuous_state();
    |         ^^^^^^^^^^^^^^^^^^^^^^^^^^^^^^^
    |
    = note: this `Result` may be an `Err` variant, which should be handled
help: use `let _ = ...` to ignore the resulting value
    |
204 |         let _ = game.refresh_continuous_state();
    |         +++++++

warning: `ironsmith-tools` (test "lavinia_azorius_renegade") generated 3 warnings
warning: unused import: `ironsmith::object::CounterType`
  --> crates/ironsmith-tools/tests/runtime_equipment_cast_restriction_reproductions.rs:16:5
   |
16 | use ironsmith::object::CounterType;
   |     ^^^^^^^^^^^^^^^^^^^^^^^^^^^^^^
   |
   = note: `#[warn(unused_imports)]` on by default

warning: function `find` is never used
   --> crates/ironsmith-tools/tests/runtime_equipment_cast_restriction_reproductions.rs:217:4
    |
217 | fn find(g: &GameState, name: &str, zone: Zone) -> Result<ObjectId, String> {
    |    ^^^^
    |
    = note: `#[warn(dead_code)]` on by default

warning: function `cast` is never used
   --> crates/ironsmith-tools/tests/runtime_equipment_cast_restriction_reproductions.rs:224:4
    |
224 | fn cast(
    |    ^^^^

warning: function `established` is never used
   --> crates/ironsmith-tools/tests/runtime_equipment_cast_restriction_reproductions.rs:233:4
    |
233 | fn established(
    |    ^^^^^^^^^^^

warning: function `witness` is never used
   --> crates/ironsmith-tools/tests/runtime_equipment_cast_restriction_reproductions.rs:250:4
    |
250 | fn witness(name: &str, kind: CardType, cost: u8, with_x: bool) -> CardDefinition {
    |    ^^^^^^^

warning: `ironsmith-tools` (test "runtime_equipment_cast_restriction_reproductions") generated 5 warnings (run `cargo fix --test "runtime_equipment_cast_restriction_reproductions"` to apply 1 suggestion)
warning: field `target_name` is never read
  --> crates/ironsmith-tools/tests/runtime_multitarget_combat_reproductions.rs:79:5
   |
74 | struct ProbeDm {
   |        ------- field in this struct
...
79 |     target_name: Option<String>,
   |     ^^^^^^^^^^^
   |
   = note: `#[warn(dead_code)]` on by default

warning: function `witness` is never used
   --> crates/ironsmith-tools/tests/runtime_multitarget_combat_reproductions.rs:262:4
    |
262 | fn witness(name: &str, kind: CardType, cost: u8, with_x: bool) -> CardDefinition {
    |    ^^^^^^^

warning: `ironsmith-tools` (test "runtime_multitarget_combat_reproductions") generated 2 warnings
    Checking ironsmith-cli v0.1.0 (/Users/chiplis/ironsmith-cf8-int/crates/ironsmith-cli)
warning: unused import: `Until`
  --> crates/ironsmith-compiler-runtime/tests/dynamic_control_bounds.rs:10:48
   |
10 | use ironsmith::effect::{Effect, EffectOutcome, Until};
   |                                                ^^^^^
   |
   = note: `#[warn(unused_imports)]` on by default

warning: function `queue_event` is never used
   --> crates/ironsmith-compiler-runtime/tests/dynamic_control_bounds.rs:177:4
    |
177 | fn queue_event(game: &mut GameState, event: TriggerEvent, dm: &mut Choices) -> usize {
    |    ^^^^^^^^^^^
    |
    = note: `#[warn(dead_code)]` on by default

warning: function `queue_outcome` is never used
   --> crates/ironsmith-compiler-runtime/tests/dynamic_control_bounds.rs:186:4
    |
186 | fn queue_outcome(game: &mut GameState, outcome: EffectOutcome, dm: &mut Choices) {
    |    ^^^^^^^^^^^^^

warning: function `resolve_all` is never used
   --> crates/ironsmith-compiler-runtime/tests/dynamic_control_bounds.rs:210:4
    |
210 | fn resolve_all(game: &mut GameState, dm: &mut Choices) {
    |    ^^^^^^^^^^^

warning: function `cast` is never used
   --> crates/ironsmith-compiler-runtime/tests/dynamic_control_bounds.rs:219:4
    |
219 | fn cast(
    |    ^^^^

warning: function `queue_event` is never used
   --> crates/ironsmith-compiler-runtime/tests/single_source_damage_set.rs:194:4
    |
194 | fn queue_event(game: &mut GameState, event: TriggerEvent, dm: &mut Choices) -> usize {
    |    ^^^^^^^^^^^
    |
    = note: `#[warn(dead_code)]` on by default

warning: function `queue_outcome` is never used
   --> crates/ironsmith-compiler-runtime/tests/single_source_damage_set.rs:203:4
    |
203 | fn queue_outcome(game: &mut GameState, outcome: EffectOutcome, dm: &mut Choices) {
    |    ^^^^^^^^^^^^^

warning: function `resolve_all` is never used
   --> crates/ironsmith-compiler-runtime/tests/single_source_damage_set.rs:227:4
    |
227 | fn resolve_all(game: &mut GameState, dm: &mut Choices) {
    |    ^^^^^^^^^^^

warning: function `activate` is never used
   --> crates/ironsmith-compiler-runtime/tests/single_source_damage_set.rs:292:4
    |
292 | fn activate(game: &mut GameState, source: ObjectId, ability_index: usize, dm: &mut Choices) {
    |    ^^^^^^^^

warning: function `activated` is never used
   --> crates/ironsmith-compiler-runtime/tests/single_source_damage_set.rs:320:4
    |
320 | fn activated(definition: &CardDefinition) -> usize {
    |    ^^^^^^^^^

warning: function `library` is never used
   --> crates/ironsmith-compiler-runtime/tests/single_source_damage_set.rs:331:4
    |
331 | fn library(game: &mut GameState, player: PlayerId, count: usize) {
    |    ^^^^^^^

warning: `ironsmith-compiler-runtime` (test "dynamic_control_bounds") generated 5 warnings (run `cargo fix --test "dynamic_control_bounds"` to apply 1 suggestion)
warning: `ironsmith-compiler-runtime` (test "single_source_damage_set") generated 6 warnings
warning: unused import: `PlayerFilter`
  --> crates/ironsmith-compiler-runtime/tests/combat_blocked_status.rs:18:37
   |
18 | use ironsmith::target::{ChooseSpec, PlayerFilter};
   |                                     ^^^^^^^^^^^^
   |
   = note: `#[warn(unused_imports)]` on by default

warning: function `apply` is never used
   --> crates/ironsmith-compiler-runtime/tests/combat_blocked_status.rs:168:4
    |
168 | fn apply(game: &mut GameState, source: ObjectId, effect: Effect) -> EffectOutcome {
    |    ^^^^^
    |
    = note: `#[warn(dead_code)]` on by default

warning: function `resource` is never used
   --> crates/ironsmith-compiler-runtime/tests/combat_blocked_status.rs:190:4
    |
190 | fn resource(name: &str, types: &str) -> CardDefinition {
    |    ^^^^^^^^

warning: function `queue_outcome` is never used
   --> crates/ironsmith-compiler-runtime/tests/combat_blocked_status.rs:199:4
    |
199 | fn queue_outcome(game: &mut GameState, outcome: EffectOutcome, dm: &mut Choices) {
    |    ^^^^^^^^^^^^^

warning: function `pt` is never used
   --> crates/ironsmith-compiler-runtime/tests/combat_blocked_status.rs:210:4
    |
210 | fn pt(game: &GameState, id: ObjectId) -> (i32, i32) {
    |    ^^

warning: function `pump` is never used
   --> crates/ironsmith-compiler-runtime/tests/combat_blocked_status.rs:216:4
    |
216 | fn pump(game: &mut GameState, source: ObjectId, id: ObjectId, p: i32, t: i32) {
    |    ^^^^

warning: function `counter` is never used
   --> crates/ironsmith-compiler-runtime/tests/combat_blocked_status.rs:223:4
    |
223 | fn counter(game: &mut GameState, source: ObjectId, id: ObjectId, count: i32) {
    |    ^^^^^^^

warning: function `current_activated_at` is never used
   --> crates/ironsmith-compiler-runtime/tests/combat_blocked_status.rs:322:4
    |
322 | fn current_activated_at(game: &GameState, source: ObjectId, position: usize) -> usize {
    |    ^^^^^^^^^^^^^^^^^^^^

warning: function `has` is never used
   --> crates/ironsmith-compiler-runtime/tests/combat_blocked_status.rs:334:4
    |
334 | fn has(
    |    ^^^

warning: function `lore` is never used
   --> crates/ironsmith-compiler-runtime/tests/combat_blocked_status.rs:351:4
    |
351 | fn lore(game: &mut GameState, source: ObjectId, dm: &mut Choices) {
    |    ^^^^

warning: `ironsmith-compiler-runtime` (test "combat_blocked_status") generated 10 warnings (run `cargo fix --test "combat_blocked_status"` to apply 1 suggestion)
warning: unused import: `PlayerFilter`
  --> crates/ironsmith-compiler-runtime/tests/combat_declaration_triggers.rs:15:37
   |
15 | use ironsmith::target::{ChooseSpec, PlayerFilter};
   |                                     ^^^^^^^^^^^^
   |
   = note: `#[warn(unused_imports)]` on by default

warning: `ironsmith-compiler-runtime` (test "combat_declaration_triggers") generated 1 warning (run `cargo fix --test "combat_declaration_triggers"` to apply 1 suggestion)
warning: function `queue_event` is never used
   --> crates/ironsmith-compiler-runtime/tests/damage_multiplier_scopes.rs:200:4
    |
200 | fn queue_event(game: &mut GameState, event: TriggerEvent, dm: &mut Choices) -> usize {
    |    ^^^^^^^^^^^
    |
    = note: `#[warn(dead_code)]` on by default

warning: `ironsmith-compiler-runtime` (test "damage_multiplier_scopes") generated 1 warning
warning: unused import: `ironsmith::mana::ManaSymbol`
  --> crates/ironsmith-compiler-runtime/tests/linked_exile_elder_brain.rs:11:5
   |
11 | use ironsmith::mana::ManaSymbol;
   |     ^^^^^^^^^^^^^^^^^^^^^^^^^^^
   |
   = note: `#[warn(unused_imports)]` on by default

warning: `ironsmith-compiler-runtime` (test "linked_exile_elder_brain") generated 1 warning (run `cargo fix --test "linked_exile_elder_brain"` to apply 1 suggestion)
warning: unused variable: `player`
  --> crates/ironsmith-compiler-runtime/tests/graveyard_turn_permissions.rs:82:35
   |
82 | fn announce(game: &mut GameState, player: PlayerId, action: LegalAction) -> ObjectId {
   |                                   ^^^^^^ help: if this is intentional, prefix it with an underscore: `_player`
   |
   = note: `#[warn(unused_variables)]` on by default

warning: `ironsmith-compiler-runtime` (test "graveyard_turn_permissions") generated 1 warning
warning: function `queue_event` is never used
   --> crates/ironsmith-compiler-runtime/tests/tapped_object_comparisons.rs:177:4
    |
177 | fn queue_event(game: &mut GameState, event: TriggerEvent, dm: &mut impl DecisionMaker) -> usize {
    |    ^^^^^^^^^^^
    |
    = note: `#[warn(dead_code)]` on by default

warning: function `cast` is never used
   --> crates/ironsmith-compiler-runtime/tests/tapped_object_comparisons.rs:219:4
    |
219 | fn cast(
    |    ^^^^

warning: `ironsmith-compiler-runtime` (test "tapped_object_comparisons") generated 2 warnings
warning: unused import: `PlayerFilter`
  --> crates/ironsmith-compiler-runtime/tests/negative_characteristics.rs:19:37
   |
19 | use ironsmith::target::{ChooseSpec, PlayerFilter};
   |                                     ^^^^^^^^^^^^
   |
   = note: `#[warn(unused_imports)]` on by default

warning: function `apply` is never used
   --> crates/ironsmith-compiler-runtime/tests/negative_characteristics.rs:156:4
    |
156 | fn apply(game: &mut GameState, source: ObjectId, effect: Effect) -> EffectOutcome {
    |    ^^^^^
    |
    = note: `#[warn(dead_code)]` on by default

warning: function `queue_outcome` is never used
   --> crates/ironsmith-compiler-runtime/tests/negative_characteristics.rs:187:4
    |
187 | fn queue_outcome(game: &mut GameState, outcome: EffectOutcome, dm: &mut Choices) {
    |    ^^^^^^^^^^^^^

warning: function `pump` is never used
   --> crates/ironsmith-compiler-runtime/tests/negative_characteristics.rs:204:4
    |
204 | fn pump(game: &mut GameState, source: ObjectId, id: ObjectId, p: i32, t: i32) {
    |    ^^^^

warning: function `counter` is never used
   --> crates/ironsmith-compiler-runtime/tests/negative_characteristics.rs:211:4
    |
211 | fn counter(game: &mut GameState, source: ObjectId, id: ObjectId, count: i32) {
    |    ^^^^^^^

warning: function `current_activated_at` is never used
   --> crates/ironsmith-compiler-runtime/tests/negative_characteristics.rs:320:4
    |
320 | fn current_activated_at(game: &GameState, source: ObjectId, position: usize) -> usize {
    |    ^^^^^^^^^^^^^^^^^^^^

warning: function `has` is never used
   --> crates/ironsmith-compiler-runtime/tests/negative_characteristics.rs:332:4
    |
332 | fn has(
    |    ^^^

warning: function `lore` is never used
   --> crates/ironsmith-compiler-runtime/tests/negative_characteristics.rs:349:4
    |
349 | fn lore(game: &mut GameState, source: ObjectId, dm: &mut Choices) {
    |    ^^^^

warning: `ironsmith-compiler-runtime` (test "negative_characteristics") generated 8 warnings (run `cargo fix --test "negative_characteristics"` to apply 1 suggestion)
warning: function `pump` is never used
   --> crates/ironsmith-compiler-runtime/tests/live_static_condition_scopes.rs:211:4
    |
211 | fn pump(game: &mut GameState, source: ObjectId, id: ObjectId, p: i32, t: i32) {
    |    ^^^^
    |
    = note: `#[warn(dead_code)]` on by default

warning: function `activated_at` is never used
   --> crates/ironsmith-compiler-runtime/tests/live_static_condition_scopes.rs:304:4
    |
304 | fn activated_at(definition: &CardDefinition, position: usize) -> usize {
    |    ^^^^^^^^^^^^

warning: function `event` is never used
   --> crates/ironsmith-compiler-runtime/tests/live_static_condition_scopes.rs:334:4
    |
334 | fn event(game: &mut GameState, event: TriggerEvent, dm: &mut Choices) {
    |    ^^^^^

warning: function `lore` is never used
   --> crates/ironsmith-compiler-runtime/tests/live_static_condition_scopes.rs:341:4
    |
341 | fn lore(game: &mut GameState, source: ObjectId, dm: &mut Choices) {
    |    ^^^^

warning: `ironsmith-compiler-runtime` (test "live_static_condition_scopes") generated 4 warnings
warning: unused import: `DecisionMaker`
 --> crates/ironsmith-compiler-runtime/tests/mana_retention_conversion.rs:3:27
  |
3 | use ironsmith::decision::{DecisionMaker, SelectFirstDecisionMaker};
  |                           ^^^^^^^^^^^^^
  |
  = note: `#[warn(unused_imports)]` on by default

warning: unused import: `SelectOptionsContext`
 --> crates/ironsmith-compiler-runtime/tests/mana_retention_conversion.rs:4:54
  |
4 | use ironsmith::decisions::context::{DecisionContext, SelectOptionsContext};
  |                                                      ^^^^^^^^^^^^^^^^^^^^

warning: function `land` is never used
  --> crates/ironsmith-compiler-runtime/tests/mana_retention_conversion.rs:40:4
   |
40 | fn land(game: &mut GameState, owner: PlayerId, types: &str) -> ObjectId {
   |    ^^^^
   |
   = note: `#[warn(dead_code)]` on by default

warning: `ironsmith-compiler-runtime` (test "mana_retention_conversion") generated 3 warnings (run `cargo fix --test "mana_retention_conversion"` to apply 2 suggestions)
warning: function `resource` is never used
   --> crates/ironsmith-compiler-runtime/tests/basic_land_characteristics.rs:185:4
    |
185 | fn resource(name: &str, types: &str) -> CardDefinition {
    |    ^^^^^^^^
    |
    = note: `#[warn(dead_code)]` on by default

warning: function `pump` is never used
   --> crates/ironsmith-compiler-runtime/tests/basic_land_characteristics.rs:211:4
    |
211 | fn pump(game: &mut GameState, source: ObjectId, id: ObjectId, p: i32, t: i32) {
    |    ^^^^

warning: function `counter` is never used
   --> crates/ironsmith-compiler-runtime/tests/basic_land_characteristics.rs:218:4
    |
218 | fn counter(game: &mut GameState, source: ObjectId, id: ObjectId, count: i32) {
    |    ^^^^^^^

warning: function `cast` is never used
   --> crates/ironsmith-compiler-runtime/tests/basic_land_characteristics.rs:229:4
    |
229 | fn cast(
    |    ^^^^

warning: function `activated_at` is never used
   --> crates/ironsmith-compiler-runtime/tests/basic_land_characteristics.rs:304:4
    |
304 | fn activated_at(definition: &CardDefinition, position: usize) -> usize {
    |    ^^^^^^^^^^^^

warning: function `lore` is never used
   --> crates/ironsmith-compiler-runtime/tests/basic_land_characteristics.rs:341:4
    |
341 | fn lore(game: &mut GameState, source: ObjectId, dm: &mut Choices) {
    |    ^^^^

warning: `ironsmith-compiler-runtime` (test "basic_land_characteristics") generated 6 warnings
warning: unused import: `ironsmith::effects::EffectContext`
    --> crates/ironsmith-compiler-runtime/tests/constrained_x_payment.rs:1196:9
     |
1196 |     use ironsmith::effects::EffectContext;
     |         ^^^^^^^^^^^^^^^^^^^^^^^^^^^^^^^^^
     |
     = note: `#[warn(unused_imports)]` on by default

warning: `ironsmith-compiler-runtime` (test "constrained_x_payment") generated 1 warning (run `cargo fix --test "constrained_x_payment"` to apply 1 suggestion)
warning: unused `std::result::Result` that must be used
  --> crates/ironsmith-compiler-runtime/tests/counter_qualified_return.rs:90:9
   |
90 |         game.set_current_controller(stolen, A);
   |         ^^^^^^^^^^^^^^^^^^^^^^^^^^^^^^^^^^^^^^
   |
   = note: this `Result` may be an `Err` variant, which should be handled
   = note: `#[warn(unused_must_use)]` on by default
help: use `let _ = ...` to ignore the resulting value
   |
90 |         let _ = game.set_current_controller(stolen, A);
   |         +++++++

warning: `ironsmith-compiler-runtime` (test "counter_qualified_return") generated 1 warning
warning: unused import: `PlayerFilter`
  --> crates/ironsmith-compiler-runtime/tests/toughness_damage_assignment.rs:18:37
   |
18 | use ironsmith::target::{ChooseSpec, PlayerFilter};
   |                                     ^^^^^^^^^^^^
   |
   = note: `#[warn(unused_imports)]` on by default

warning: function `queue_outcome` is never used
   --> crates/ironsmith-compiler-runtime/tests/toughness_damage_assignment.rs:233:4
    |
233 | fn queue_outcome(game: &mut GameState, outcome: EffectOutcome, dm: &mut Choices) {
    |    ^^^^^^^^^^^^^
    |
    = note: `#[warn(dead_code)]` on by default

warning: function `counter` is never used
   --> crates/ironsmith-compiler-runtime/tests/toughness_damage_assignment.rs:407:4
    |
407 | fn counter(
    |    ^^^^^^^

warning: `ironsmith-compiler-runtime` (test "toughness_damage_assignment") generated 3 warnings (run `cargo fix --test "toughness_damage_assignment"` to apply 1 suggestion)
warning: unused import: `TriggerEvent`
  --> crates/ironsmith-compiler-runtime/tests/paired_pt_animation.rs:19:27
   |
19 | use ironsmith::triggers::{TriggerEvent, TriggerQueue, check_triggers};
   |                           ^^^^^^^^^^^^
   |
   = note: `#[warn(unused_imports)]` on by default

warning: constant `B` is never used
  --> crates/ironsmith-compiler-runtime/tests/paired_pt_animation.rs:25:7
   |
25 | const B: PlayerId = PlayerId::from_index(1);
   |       ^
   |
   = note: `#[warn(dead_code)]` on by default

warning: constant `C` is never used
  --> crates/ironsmith-compiler-runtime/tests/paired_pt_animation.rs:26:7
   |
26 | const C: PlayerId = PlayerId::from_index(2);
   |       ^

warning: function `vanilla` is never used
  --> crates/ironsmith-compiler-runtime/tests/paired_pt_animation.rs:78:4
   |
78 | fn vanilla(name: &str, cost: &str, subtype: &str, p: i32, t: i32) -> CardDefinition {
   |    ^^^^^^^

warning: `ironsmith-compiler-runtime` (test "paired_pt_animation") generated 4 warnings (run `cargo fix --test "paired_pt_animation"` to apply 1 suggestion)
warning: unused import: `check_triggers`
  --> crates/ironsmith-compiler-runtime/tests/prospective_cost_references.rs:20:41
   |
20 | use ironsmith::triggers::{TriggerQueue, check_triggers};
   |                                         ^^^^^^^^^^^^^^
   |
   = note: `#[warn(unused_imports)]` on by default

warning: unused import: `ironsmith::decision::DecisionMaker`
   --> crates/ironsmith-compiler-runtime/tests/static_combat_requirements.rs:279:13
    |
279 |         use ironsmith::decision::DecisionMaker;
    |             ^^^^^^^^^^^^^^^^^^^^^^^^^^^^^^^^^^
    |
    = note: `#[warn(unused_imports)]` on by default

warning: `ironsmith-compiler-runtime` (test "static_combat_requirements") generated 1 warning
warning: `ironsmith-compiler-runtime` (test "prospective_cost_references") generated 1 warning (run `cargo fix --test "prospective_cost_references"` to apply 1 suggestion)
warning: unused `ProcessedDamageResult` that must be used
  --> crates/ironsmith-compiler-runtime/tests/source_damage_history.rs:62:13
   |
62 | /             process_damage_assignments_with_event_with_source_snapshot_opts(
63 | |                 &mut game,
64 | |                 guardian,
65 | |                 DamageTarget::Object(victim),
...  |
72 | |             .unwrap();
   | |_____________________^
   |
   = note: commit assignments and finish retained damage replacement programs
   = note: `#[warn(unused_must_use)]` on by default
help: use `let _ = ...` to ignore the resulting value
   |
62 |             let _ = process_damage_assignments_with_event_with_source_snapshot_opts(
   |             +++++++

warning: `ironsmith-compiler-runtime` (test "source_damage_history") generated 1 warning
warning: unused import: `PlayerFilter`
  --> crates/ironsmith-compiler-runtime/tests/multi_source_damage.rs:16:37
   |
16 | use ironsmith::target::{ChooseSpec, PlayerFilter};
   |                                     ^^^^^^^^^^^^
   |
   = note: `#[warn(unused_imports)]` on by default

warning: function `queue_outcome` is never used
   --> crates/ironsmith-compiler-runtime/tests/multi_source_damage.rs:170:4
    |
170 | fn queue_outcome(game: &mut GameState, outcome: EffectOutcome, dm: &mut Choices) {
    |    ^^^^^^^^^^^^^
    |
    = note: `#[warn(dead_code)]` on by default

warning: `ironsmith-compiler-runtime` (test "multi_source_damage") generated 2 warnings (run `cargo fix --test "multi_source_damage"` to apply 1 suggestion)
warning: constant `C` is never used
  --> crates/ironsmith-compiler-runtime/tests/source_comparison_returns.rs:26:7
   |
26 | const C: PlayerId = PlayerId::from_index(2);
   |       ^
   |
   = note: `#[warn(dead_code)]` on by default

warning: function `cast` is never used
   --> crates/ironsmith-compiler-runtime/tests/source_comparison_returns.rs:219:4
    |
219 | fn cast(
    |    ^^^^

warning: `ironsmith-compiler-runtime` (test "source_comparison_returns") generated 2 warnings
warning: unused import: `PlayerFilter`
  --> crates/ironsmith-compiler-runtime/tests/dynamic_token_quantities.rs:18:37
   |
18 | use ironsmith::target::{ChooseSpec, PlayerFilter};
   |                                     ^^^^^^^^^^^^
   |
   = note: `#[warn(unused_imports)]` on by default

warning: `ironsmith-compiler-runtime` (test "dynamic_token_quantities") generated 1 warning (run `cargo fix --test "dynamic_token_quantities"` to apply 1 suggestion)
warning: unused import: `Target`
  --> crates/ironsmith-compiler-runtime/tests/grouped_hand_costs.rs:25:80
   |
25 | use ironsmith::{CardId, CardType, GameProgress, GameState, ObjectId, PlayerId, Target, Zone};
   |                                                                                ^^^^^^
   |
   = note: `#[warn(unused_imports)]` on by default

warning: `ironsmith-compiler-runtime` (test "grouped_hand_costs") generated 1 warning (run `cargo fix --test "grouped_hand_costs"` to apply 1 suggestion)
warning: function `queue_outcome` is never used
   --> crates/ironsmith-compiler-runtime/tests/scalar_counter_quantities.rs:141:4
    |
141 | fn queue_outcome(game: &mut GameState, outcome: EffectOutcome, dm: &mut Choices) {
    |    ^^^^^^^^^^^^^
    |
    = note: `#[warn(dead_code)]` on by default

warning: function `counter_count` is never used
   --> crates/ironsmith-compiler-runtime/tests/scalar_counter_quantities.rs:234:4
    |
234 | fn counter_count(game: &GameState, id: ObjectId) -> u32 {
    |    ^^^^^^^^^^^^^

warning: `ironsmith-compiler-runtime` (test "scalar_counter_quantities") generated 2 warnings
warning: unused import: `AttachToEffect`
 --> crates/ironsmith-compiler-runtime/tests/unsized_object_templates.rs:8:26
  |
8 | use ironsmith::effects::{AttachToEffect, EffectContext, EffectExecutor};
  |                          ^^^^^^^^^^^^^^
  |
  = note: `#[warn(unused_imports)]` on by default

warning: function `event` is never used
   --> crates/ironsmith-compiler-runtime/tests/unsized_object_templates.rs:123:4
    |
123 | fn event(game: &mut GameState, event: TriggerEvent) {
    |    ^^^^^
    |
    = note: `#[warn(dead_code)]` on by default

warning: function `legendary` is never used
   --> crates/ironsmith-compiler-runtime/tests/unsized_object_templates.rs:134:4
    |
134 | fn legendary(game: &GameState, id: ObjectId) -> bool {
    |    ^^^^^^^^^

warning: `ironsmith-compiler-runtime` (test "unsized_object_templates") generated 3 warnings (run `cargo fix --test "unsized_object_templates"` to apply 1 suggestion)
warning: unused import: `ironsmith::effect::Effect`
 --> crates/ironsmith-compiler-runtime/tests/attached_control_bodies.rs:7:5
  |
7 | use ironsmith::effect::Effect;
  |     ^^^^^^^^^^^^^^^^^^^^^^^^^
  |
  = note: `#[warn(unused_imports)]` on by default

warning: unused imports: `DealDamageEffect` and `execute_effect`
 --> crates/ironsmith-compiler-runtime/tests/attached_control_bodies.rs:8:26
  |
8 | use ironsmith::effects::{execute_effect, DealDamageEffect, EffectContext};
  |                          ^^^^^^^^^^^^^^  ^^^^^^^^^^^^^^^^

warning: unused imports: `FilterContext` and `ObjectFilter`
 --> crates/ironsmith-compiler-runtime/tests/attached_control_bodies.rs:9:25
  |
9 | use ironsmith::filter::{FilterContext, ObjectFilter};
  |                         ^^^^^^^^^^^^^  ^^^^^^^^^^^^

warning: unused import: `ironsmith::target::ChooseSpec`
  --> crates/ironsmith-compiler-runtime/tests/attached_control_bodies.rs:13:5
   |
13 | use ironsmith::target::ChooseSpec;
   |     ^^^^^^^^^^^^^^^^^^^^^^^^^^^^^

warning: `ironsmith-compiler-runtime` (test "attached_control_bodies") generated 4 warnings (run `cargo fix --test "attached_control_bodies"` to apply 4 suggestions)
warning: unused import: `PlayerFilter`
  --> crates/ironsmith-compiler-runtime/tests/source_lifetime_control.rs:19:37
   |
19 | use ironsmith::target::{ChooseSpec, PlayerFilter};
   |                                     ^^^^^^^^^^^^
   |
   = note: `#[warn(unused_imports)]` on by default

warning: `ironsmith-compiler-runtime` (test "source_lifetime_control") generated 1 warning (run `cargo fix --test "source_lifetime_control"` to apply 1 suggestion)
warning: function `apply` is never used
   --> crates/ironsmith-compiler-runtime/tests/bounded_number_choices.rs:170:4
    |
170 | fn apply(game: &mut GameState, source: ObjectId, effect: Effect) -> EffectOutcome {
    |    ^^^^^
    |
    = note: `#[warn(dead_code)]` on by default

warning: function `resolve_all` is never used
   --> crates/ironsmith-compiler-runtime/tests/bounded_number_choices.rs:183:4
    |
183 | fn resolve_all(game: &mut GameState, dm: &mut Choices) {
    |    ^^^^^^^^^^^

warning: function `queue_outcome` is never used
   --> crates/ironsmith-compiler-runtime/tests/bounded_number_choices.rs:201:4
    |
201 | fn queue_outcome(game: &mut GameState, outcome: EffectOutcome, dm: &mut Choices) {
    |    ^^^^^^^^^^^^^

warning: function `pt` is never used
   --> crates/ironsmith-compiler-runtime/tests/bounded_number_choices.rs:212:4
    |
212 | fn pt(game: &GameState, id: ObjectId) -> (i32, i32) {
    |    ^^

warning: function `pump` is never used
   --> crates/ironsmith-compiler-runtime/tests/bounded_number_choices.rs:218:4
    |
218 | fn pump(game: &mut GameState, source: ObjectId, id: ObjectId, p: i32, t: i32) {
    |    ^^^^

warning: function `counter` is never used
   --> crates/ironsmith-compiler-runtime/tests/bounded_number_choices.rs:225:4
    |
225 | fn counter(game: &mut GameState, source: ObjectId, id: ObjectId, count: i32) {
    |    ^^^^^^^

warning: function `activate` is never used
   --> crates/ironsmith-compiler-runtime/tests/bounded_number_choices.rs:279:4
    |
279 | fn activate(game: &mut GameState, source: ObjectId, ability_index: usize, dm: &mut Choices) {
    |    ^^^^^^^^

warning: function `activated_at` is never used
   --> crates/ironsmith-compiler-runtime/tests/bounded_number_choices.rs:311:4
    |
311 | fn activated_at(definition: &CardDefinition, position: usize) -> usize {
    |    ^^^^^^^^^^^^

warning: function `current_activated_at` is never used
   --> crates/ironsmith-compiler-runtime/tests/bounded_number_choices.rs:322:4
    |
322 | fn current_activated_at(game: &GameState, source: ObjectId, position: usize) -> usize {
    |    ^^^^^^^^^^^^^^^^^^^^

warning: function `has` is never used
   --> crates/ironsmith-compiler-runtime/tests/bounded_number_choices.rs:334:4
    |
334 | fn has(
    |    ^^^

warning: function `event` is never used
   --> crates/ironsmith-compiler-runtime/tests/bounded_number_choices.rs:341:4
    |
341 | fn event(game: &mut GameState, event: TriggerEvent, dm: &mut Choices) {
    |    ^^^^^

warning: function `lore` is never used
   --> crates/ironsmith-compiler-runtime/tests/bounded_number_choices.rs:348:4
    |
348 | fn lore(game: &mut GameState, source: ObjectId, dm: &mut Choices) {
    |    ^^^^

warning: `ironsmith-compiler-runtime` (test "bounded_number_choices") generated 12 warnings
warning: unused import: `PlayerFilter`
  --> crates/ironsmith-compiler-runtime/tests/conditional_animation_pt.rs:18:37
   |
18 | use ironsmith::target::{ChooseSpec, PlayerFilter};
   |                                     ^^^^^^^^^^^^
   |
   = note: `#[warn(unused_imports)]` on by default

warning: unused import: `TriggerEvent`
  --> crates/ironsmith-compiler-runtime/tests/conditional_animation_pt.rs:19:27
   |
19 | use ironsmith::triggers::{TriggerEvent, TriggerQueue, check_triggers};
   |                           ^^^^^^^^^^^^

warning: constant `C` is never used
  --> crates/ironsmith-compiler-runtime/tests/conditional_animation_pt.rs:26:7
   |
26 | const C: PlayerId = PlayerId::from_index(2);
   |       ^
   |
   = note: `#[warn(dead_code)]` on by default

warning: function `vanilla` is never used
  --> crates/ironsmith-compiler-runtime/tests/conditional_animation_pt.rs:78:4
   |
78 | fn vanilla(name: &str, cost: &str, subtype: &str, p: i32, t: i32) -> CardDefinition {
   |    ^^^^^^^

warning: function `queue_outcome` is never used
   --> crates/ironsmith-compiler-runtime/tests/conditional_animation_pt.rs:182:4
    |
182 | fn queue_outcome(game: &mut GameState, outcome: EffectOutcome, dm: &mut Choices) {
    |    ^^^^^^^^^^^^^

warning: `ironsmith-compiler-runtime` (test "conditional_animation_pt") generated 5 warnings (run `cargo fix --test "conditional_animation_pt"` to apply 2 suggestions)
warning: unused import: `PlayerFilter`
  --> crates/ironsmith-compiler-runtime/tests/damage_reference_quantities.rs:18:37
   |
18 | use ironsmith::target::{ChooseSpec, PlayerFilter};
   |                                     ^^^^^^^^^^^^
   |
   = note: `#[warn(unused_imports)]` on by default

warning: function `queue_event` is never used
   --> crates/ironsmith-compiler-runtime/tests/damage_reference_quantities.rs:165:4
    |
165 | fn queue_event(game: &mut GameState, event: TriggerEvent, dm: &mut Choices) -> usize {
    |    ^^^^^^^^^^^
    |
    = note: `#[warn(dead_code)]` on by default

warning: function `queue_outcome` is never used
   --> crates/ironsmith-compiler-runtime/tests/damage_reference_quantities.rs:174:4
    |
174 | fn queue_outcome(game: &mut GameState, outcome: EffectOutcome, dm: &mut Choices) {
    |    ^^^^^^^^^^^^^

warning: `ironsmith-compiler-runtime` (test "damage_reference_quantities") generated 3 warnings (run `cargo fix --test "damage_reference_quantities"` to apply 1 suggestion)
warning: function `queue_outcome` is never used
   --> crates/ironsmith-compiler-runtime/tests/life_history_quantities.rs:175:4
    |
175 | fn queue_outcome(game: &mut GameState, outcome: EffectOutcome, dm: &mut Choices) {
    |    ^^^^^^^^^^^^^
    |
    = note: `#[warn(dead_code)]` on by default

warning: `ironsmith-compiler-runtime` (test "life_history_quantities") generated 1 warning
warning: unused `std::result::Result` that must be used
   --> crates/ironsmith-compiler-runtime/tests/qualified_player_draws.rs:272:9
    |
272 |         game.empty_mana_pools();
    |         ^^^^^^^^^^^^^^^^^^^^^^^
    |
    = note: this `Result` may be an `Err` variant, which should be handled
    = note: `#[warn(unused_must_use)]` on by default
help: use `let _ = ...` to ignore the resulting value
    |
272 |         let _ = game.empty_mana_pools();
    |         +++++++

warning: `ironsmith-compiler-runtime` (test "qualified_player_draws") generated 1 warning
warning: unused import: `Until`
  --> crates/ironsmith-compiler-runtime/tests/prior_damage_quantities.rs:10:48
   |
10 | use ironsmith::effect::{Effect, EffectOutcome, Until};
   |                                                ^^^^^
   |
   = note: `#[warn(unused_imports)]` on by default

warning: value assigned to `combat` is never read
   --> crates/ironsmith-compiler-runtime/tests/multiblock_permissions.rs:792:18
    |
792 |         let (mut combat, attackers) = attack_setup(&mut game, bob, 3, "");
    |                  ^^^^^^
    |
    = help: maybe it is overwritten before being read?
    = note: `#[warn(unused_assignments)]` on by default

warning: `ironsmith-compiler-runtime` (test "multiblock_permissions") generated 1 warning
warning: function `queue_outcome` is never used
   --> crates/ironsmith-compiler-runtime/tests/prior_damage_quantities.rs:199:4
    |
199 | fn queue_outcome(game: &mut GameState, outcome: EffectOutcome, dm: &mut Choices) {
    |    ^^^^^^^^^^^^^
    |
    = note: `#[warn(dead_code)]` on by default

warning: function `activate` is never used
   --> crates/ironsmith-compiler-runtime/tests/prior_damage_quantities.rs:290:4
    |
290 | fn activate(game: &mut GameState, source: ObjectId, ability_index: usize, dm: &mut Choices) {
    |    ^^^^^^^^

warning: function `activated` is never used
   --> crates/ironsmith-compiler-runtime/tests/prior_damage_quantities.rs:318:4
    |
318 | fn activated(definition: &CardDefinition) -> usize {
    |    ^^^^^^^^^

warning: `ironsmith-compiler-runtime` (test "prior_damage_quantities") generated 4 warnings (run `cargo fix --test "prior_damage_quantities"` to apply 1 suggestion)
warning: unused import: `PlayerFilter`
  --> crates/ironsmith-compiler-runtime/tests/target_characteristic_comparisons.rs:18:37
   |
18 | use ironsmith::target::{ChooseSpec, PlayerFilter};
   |                                     ^^^^^^^^^^^^
   |
   = note: `#[warn(unused_imports)]` on by default

warning: unused import: `FilterContext`
   --> crates/ironsmith-compiler-runtime/tests/target_characteristic_comparisons.rs:440:41
    |
440 |     use ironsmith::filter::{Comparison, FilterContext, ObjectFilter};
    |                                         ^^^^^^^^^^^^^

warning: function `queue_event` is never used
   --> crates/ironsmith-compiler-runtime/tests/target_characteristic_comparisons.rs:177:4
    |
177 | fn queue_event(game: &mut GameState, event: TriggerEvent, dm: &mut Choices) -> usize {
    |    ^^^^^^^^^^^
    |
    = note: `#[warn(dead_code)]` on by default

warning: function `queue_outcome` is never used
   --> crates/ironsmith-compiler-runtime/tests/target_characteristic_comparisons.rs:186:4
    |
186 | fn queue_outcome(game: &mut GameState, outcome: EffectOutcome, dm: &mut Choices) {
    |    ^^^^^^^^^^^^^

warning: function `resolve_all` is never used
   --> crates/ironsmith-compiler-runtime/tests/target_characteristic_comparisons.rs:210:4
    |
210 | fn resolve_all(game: &mut GameState, dm: &mut Choices) {
    |    ^^^^^^^^^^^

warning: `ironsmith-compiler-runtime` (test "target_characteristic_comparisons") generated 5 warnings (run `cargo fix --test "target_characteristic_comparisons"` to apply 2 suggestions)
warning: unused `std::result::Result` that must be used
   --> crates/ironsmith-compiler-runtime/tests/paid_result_quantities.rs:492:9
    |
492 |         game.set_current_controller(stolen, A);
    |         ^^^^^^^^^^^^^^^^^^^^^^^^^^^^^^^^^^^^^^
    |
    = note: this `Result` may be an `Err` variant, which should be handled
    = note: `#[warn(unused_must_use)]` on by default
help: use `let _ = ...` to ignore the resulting value
    |
492 |         let _ = game.set_current_controller(stolen, A);
    |         +++++++

warning: `ironsmith-compiler-runtime` (test "paid_result_quantities") generated 1 warning
warning: unused import: `PlayerFilter`
  --> crates/ironsmith-compiler-runtime/tests/ripple_casts.rs:19:37
   |
19 | use ironsmith::target::{ChooseSpec, PlayerFilter};
   |                                     ^^^^^^^^^^^^
   |
   = note: `#[warn(unused_imports)]` on by default

warning: `ironsmith-compiler-runtime` (test "ripple_casts") generated 1 warning (run `cargo fix --test "ripple_casts"` to apply 1 suggestion)
warning: unused imports: `NumberContext` and `TargetsContext`
 --> crates/ironsmith-compiler-runtime/tests/put_into_hand_results.rs:9:21
  |
9 |     BooleanContext, NumberContext, SelectObjectsContext, SelectOptionsContext, TargetsContext,
  |                     ^^^^^^^^^^^^^                                              ^^^^^^^^^^^^^^
  |
  = note: `#[warn(unused_imports)]` on by default

warning: unused imports: `EffectOutcome` and `Until`
  --> crates/ironsmith-compiler-runtime/tests/put_into_hand_results.rs:11:33
   |
11 | use ironsmith::effect::{Effect, EffectOutcome, Until};
   |                                 ^^^^^^^^^^^^^  ^^^^^

warning: unused import: `PlayerFilter`
  --> crates/ironsmith-compiler-runtime/tests/put_into_hand_results.rs:19:37
   |
19 | use ironsmith::target::{ChooseSpec, PlayerFilter};
   |                                     ^^^^^^^^^^^^

warning: unused imports: `TriggerEvent` and `check_triggers`
  --> crates/ironsmith-compiler-runtime/tests/put_into_hand_results.rs:20:27
   |
20 | use ironsmith::triggers::{TriggerEvent, TriggerQueue, check_triggers};
   |                           ^^^^^^^^^^^^                ^^^^^^^^^^^^^^

warning: unused import: `Target`
  --> crates/ironsmith-compiler-runtime/tests/put_into_hand_results.rs:21:62
   |
21 | use ironsmith::{GameProgress, GameState, ObjectId, PlayerId, Target, Zone};
   |                                                              ^^^^^^

warning: `ironsmith-compiler-runtime` (test "put_into_hand_results") generated 5 warnings (run `cargo fix --test "put_into_hand_results"` to apply 5 suggestions)
warning: unused import: `builders::CardDefinitionBuilder`
 --> crates/ironsmith-compiler-runtime/tests/effect_granted_casting_prices.rs:4:40
  |
4 | use ironsmith::cards::{CardDefinition, builders::CardDefinitionBuilder};
  |                                        ^^^^^^^^^^^^^^^^^^^^^^^^^^^^^^^
  |
  = note: `#[warn(unused_imports)]` on by default

warning: unused imports: `GrantSpec`, `GrantUsageLimit`, and `Grantable`
  --> crates/ironsmith-compiler-runtime/tests/effect_granted_casting_prices.rs:14:24
   |
14 | use ironsmith::grant::{GrantSpec, GrantUsageLimit, Grantable};
   |                        ^^^^^^^^^  ^^^^^^^^^^^^^^^  ^^^^^^^^^

warning: unused import: `ManaSymbol`
  --> crates/ironsmith-compiler-runtime/tests/effect_granted_casting_prices.rs:15:33
   |
15 | use ironsmith::mana::{ManaCost, ManaSymbol};
   |                                 ^^^^^^^^^^

warning: unused import: `ironsmith::static_abilities::StaticAbility`
  --> crates/ironsmith-compiler-runtime/tests/effect_granted_casting_prices.rs:16:5
   |
16 | use ironsmith::static_abilities::StaticAbility;
   |     ^^^^^^^^^^^^^^^^^^^^^^^^^^^^^^^^^^^^^^^^^^

warning: unused imports: `CardId` and `CounterType`
  --> crates/ironsmith-compiler-runtime/tests/effect_granted_casting_prices.rs:18:17
   |
18 | use ironsmith::{CardId, CardType, CounterType, GameState, ObjectId, PlayerId, Target, Zone};
   |                 ^^^^^^            ^^^^^^^^^^^

warning: unused variable: `context`
   --> crates/ironsmith-compiler-runtime/tests/effect_granted_casting_prices.rs:112:9
    |
112 |         context: &ironsmith::decisions::context::BooleanContext,
    |         ^^^^^^^ help: if this is intentional, prefix it with an underscore: `_context`
    |
    = note: `#[warn(unused_variables)]` on by default

warning: `ironsmith-compiler-runtime` (test "effect_granted_casting_prices") generated 6 warnings (run `cargo fix --test "effect_granted_casting_prices"` to apply 5 suggestions)
warning: unused import: `Effect`
  --> crates/ironsmith-compiler-runtime/tests/discard_cost_values.rs:14:25
   |
14 | use ironsmith::effect::{Effect, Value};
   |                         ^^^^^^
   |
   = note: `#[warn(unused_imports)]` on by default

warning: `ironsmith-compiler-runtime` (test "discard_cost_values") generated 1 warning (run `cargo fix --test "discard_cost_values"` to apply 1 suggestion)
warning: function `resource` is never used
   --> crates/ironsmith-compiler-runtime/tests/compound_characteristic_transitions.rs:173:4
    |
173 | fn resource(name: &str, types: &str) -> CardDefinition {
    |    ^^^^^^^^
    |
    = note: `#[warn(dead_code)]` on by default

warning: function `pump` is never used
   --> crates/ironsmith-compiler-runtime/tests/compound_characteristic_transitions.rs:199:4
    |
199 | fn pump(game: &mut GameState, source: ObjectId, id: ObjectId, p: i32, t: i32) {
    |    ^^^^

warning: function `counter` is never used
   --> crates/ironsmith-compiler-runtime/tests/compound_characteristic_transitions.rs:206:4
    |
206 | fn counter(game: &mut GameState, source: ObjectId, id: ObjectId, count: i32) {
    |    ^^^^^^^

warning: `ironsmith-compiler-runtime` (test "compound_characteristic_transitions") generated 3 warnings
warning: unused imports: `ManaPaymentRequest`, `check_mana_payment`, `execute_mana_payment_plan`, and `plan_first_mana_payment`
  --> crates/ironsmith-compiler-runtime/tests/flash_timing_permissions.rs:20:5
   |
20 |     ManaPaymentRequest, check_mana_payment, execute_mana_payment_plan, plan_first_mana_payment,
   |     ^^^^^^^^^^^^^^^^^^  ^^^^^^^^^^^^^^^^^^  ^^^^^^^^^^^^^^^^^^^^^^^^^  ^^^^^^^^^^^^^^^^^^^^^^^
   |
   = note: `#[warn(unused_imports)]` on by default

warning: unused import: `CounterType`
  --> crates/ironsmith-compiler-runtime/tests/flash_timing_permissions.rs:24:27
   |
24 | use ironsmith::{CardType, CounterType, GameState, ObjectId, PlayerId, Target, Zone};
   |                           ^^^^^^^^^^^

warning: unused variable: `helper`
   --> crates/ironsmith-compiler-runtime/tests/flash_timing_permissions.rs:455:17
    |
455 |             let helper = card(
    |                 ^^^^^^ help: if this is intentional, prefix it with an underscore: `_helper`
    |
    = note: `#[warn(unused_variables)]` on by default

warning: `ironsmith-compiler-runtime` (test "flash_timing_permissions") generated 3 warnings (run `cargo fix --test "flash_timing_permissions"` to apply 2 suggestions)
warning: unused variable: `observer`
   --> crates/ironsmith-compiler-runtime/tests/passive_damage_recipients.rs:332:13
    |
332 |         let observer = g.create_object_from_definition(&d, A, Zone::Battlefield);
    |             ^^^^^^^^ help: if this is intentional, prefix it with an underscore: `_observer`
    |
    = note: `#[warn(unused_variables)]` on by default

warning: `ironsmith-compiler-runtime` (test "passive_damage_recipients") generated 1 warning
warning: unused import: `PlayerFilter`
  --> crates/ironsmith-compiler-runtime/tests/ability_loss_templates.rs:18:37
   |
18 | use ironsmith::target::{ChooseSpec, PlayerFilter};
   |                                     ^^^^^^^^^^^^
   |
   = note: `#[warn(unused_imports)]` on by default

warning: function `resource` is never used
   --> crates/ironsmith-compiler-runtime/tests/ability_loss_templates.rs:177:4
    |
177 | fn resource(name: &str, types: &str) -> CardDefinition {
    |    ^^^^^^^^
    |
    = note: `#[warn(dead_code)]` on by default

warning: function `queue_outcome` is never used
   --> crates/ironsmith-compiler-runtime/tests/ability_loss_templates.rs:186:4
    |
186 | fn queue_outcome(game: &mut GameState, outcome: EffectOutcome, dm: &mut Choices) {
    |    ^^^^^^^^^^^^^

warning: function `pump` is never used
   --> crates/ironsmith-compiler-runtime/tests/ability_loss_templates.rs:203:4
    |
203 | fn pump(game: &mut GameState, source: ObjectId, id: ObjectId, p: i32, t: i32) {
    |    ^^^^

warning: function `activate` is never used
   --> crates/ironsmith-compiler-runtime/tests/ability_loss_templates.rs:264:4
    |
264 | fn activate(game: &mut GameState, source: ObjectId, ability_index: usize, dm: &mut Choices) {
    |    ^^^^^^^^

warning: function `activated_at` is never used
   --> crates/ironsmith-compiler-runtime/tests/ability_loss_templates.rs:298:4
    |
298 | fn activated_at(definition: &CardDefinition, position: usize) -> usize {
    |    ^^^^^^^^^^^^

warning: function `current_activated_at` is never used
   --> crates/ironsmith-compiler-runtime/tests/ability_loss_templates.rs:309:4
    |
309 | fn current_activated_at(game: &GameState, source: ObjectId, position: usize) -> usize {
    |    ^^^^^^^^^^^^^^^^^^^^

warning: function `event` is never used
   --> crates/ironsmith-compiler-runtime/tests/ability_loss_templates.rs:328:4
    |
328 | fn event(game: &mut GameState, event: TriggerEvent, dm: &mut Choices) {
    |    ^^^^^

warning: function `lore` is never used
   --> crates/ironsmith-compiler-runtime/tests/ability_loss_templates.rs:335:4
    |
335 | fn lore(game: &mut GameState, source: ObjectId, dm: &mut Choices) {
    |    ^^^^

warning: `ironsmith-compiler-runtime` (test "ability_loss_templates") generated 9 warnings (run `cargo fix --test "ability_loss_templates"` to apply 1 suggestion)
warning: function `queue_outcome` is never used
   --> crates/ironsmith-compiler-runtime/tests/zone_history_quantities.rs:144:4
    |
144 | fn queue_outcome(game: &mut GameState, outcome: EffectOutcome, dm: &mut Choices) {
    |    ^^^^^^^^^^^^^
    |
    = note: `#[warn(dead_code)]` on by default

warning: `ironsmith-compiler-runtime` (test "zone_history_quantities") generated 1 warning
warning: unused imports: `FilterContext` and `ObjectFilter`
  --> crates/ironsmith-compiler-runtime/tests/combat_history_destroy.rs:11:25
   |
11 | use ironsmith::filter::{FilterContext, ObjectFilter};
   |                         ^^^^^^^^^^^^^  ^^^^^^^^^^^^
   |
   = note: `#[warn(unused_imports)]` on by default

warning: constant `C` is never used
  --> crates/ironsmith-compiler-runtime/tests/combat_history_destroy.rs:23:7
   |
23 | const C: PlayerId = PlayerId(2);
   |       ^
   |
   = note: `#[warn(dead_code)]` on by default

warning: `ironsmith-compiler-runtime` (test "combat_history_destroy") generated 2 warnings (run `cargo fix --test "combat_history_destroy"` to apply 1 suggestion)
warning: unused import: `extract_target_requirements_from_program_with_modes`
  --> crates/ironsmith-compiler-runtime/tests/complete_anthem_tails.rs:10:5
   |
10 |     extract_target_requirements_from_program_with_modes, put_triggers_on_stack_with_dm,
   |     ^^^^^^^^^^^^^^^^^^^^^^^^^^^^^^^^^^^^^^^^^^^^^^^^^^^
   |
   = note: `#[warn(unused_imports)]` on by default

warning: unused import: `TargetAssignment`
  --> crates/ironsmith-compiler-runtime/tests/complete_anthem_tails.rs:13:41
   |
13 | use ironsmith::game_state::{StackEntry, TargetAssignment};
   |                                         ^^^^^^^^^^^^^^^^

warning: unused import: `ironsmith::resolution::ResolutionProgram`
  --> crates/ironsmith-compiler-runtime/tests/complete_anthem_tails.rs:15:5
   |
15 | use ironsmith::resolution::ResolutionProgram;
   |     ^^^^^^^^^^^^^^^^^^^^^^^^^^^^^^^^^^^^^^^^

warning: unused imports: `Supertype` and `Target`
  --> crates/ironsmith-compiler-runtime/tests/complete_anthem_tails.rs:20:63
   |
20 |     CardId, CardType, GameState, ObjectId, PlayerId, Subtype, Supertype, Target, Zone,
   |                                                               ^^^^^^^^^  ^^^^^^

warning: `ironsmith-compiler-runtime` (test "complete_anthem_tails") generated 4 warnings (run `cargo fix --test "complete_anthem_tails"` to apply 4 suggestions)
warning: unused variable: `first`
   --> crates/ironsmith-compiler-runtime/tests/scoped_action_prohibitions.rs:133:13
    |
133 |     let mut first = SelectFirstDecisionMaker;
    |             ^^^^^ help: if this is intentional, prefix it with an underscore: `_first`
    |
    = note: `#[warn(unused_variables)]` on by default

warning: variable does not need to be mutable
   --> crates/ironsmith-compiler-runtime/tests/scoped_action_prohibitions.rs:133:9
    |
133 |     let mut first = SelectFirstDecisionMaker;
    |         ----^^^^^
    |         |
    |         help: remove this `mut`
    |
    = note: `#[warn(unused_mut)]` on by default

warning: `ironsmith-compiler-runtime` (test "scoped_action_prohibitions") generated 2 warnings (run `cargo fix --test "scoped_action_prohibitions"` to apply 1 suggestion)
warning: function `has` is never used
   --> crates/ironsmith-compiler-runtime/tests/extrema_quantities.rs:305:4
    |
305 | fn has(game: &GameState, id: ObjectId, ability: StaticAbilityId) -> bool {
    |    ^^^
    |
    = note: `#[warn(dead_code)]` on by default

warning: `ironsmith-compiler-runtime` (test "extrema_quantities") generated 1 warning
warning: function `queue_event` is never used
   --> crates/ironsmith-compiler-runtime/tests/ordinal_fraction_quantities.rs:147:4
    |
147 | fn queue_event(game: &mut GameState, event: TriggerEvent, dm: &mut Choices) -> usize {
    |    ^^^^^^^^^^^
    |
    = note: `#[warn(dead_code)]` on by default

warning: function `queue_outcome` is never used
   --> crates/ironsmith-compiler-runtime/tests/ordinal_fraction_quantities.rs:156:4
    |
156 | fn queue_outcome(game: &mut GameState, outcome: EffectOutcome, dm: &mut Choices) {
    |    ^^^^^^^^^^^^^

warning: function `permanents` is never used
   --> crates/ironsmith-compiler-runtime/tests/ordinal_fraction_quantities.rs:242:4
    |
242 | fn permanents(game: &GameState, player: PlayerId) -> usize {
    |    ^^^^^^^^^^

warning: `ironsmith-compiler-runtime` (test "ordinal_fraction_quantities") generated 3 warnings
warning: unused import: `PlayerFilter`
  --> crates/ironsmith-compiler-runtime/tests/continuous_reference_quantities.rs:18:37
   |
18 | use ironsmith::target::{ChooseSpec, PlayerFilter};
   |                                     ^^^^^^^^^^^^
   |
   = note: `#[warn(unused_imports)]` on by default

warning: unused import: `TriggerEvent`
  --> crates/ironsmith-compiler-runtime/tests/continuous_reference_quantities.rs:19:27
   |
19 | use ironsmith::triggers::{TriggerEvent, TriggerQueue, check_triggers};
   |                           ^^^^^^^^^^^^

warning: unused import: `compile_to_artifact`
  --> crates/ironsmith-compiler-runtime/tests/continuous_reference_quantities.rs:23:34
   |
23 | use ironsmith_compiler_runtime::{compile_to_artifact, compile_to_runtime_definition};
   |                                  ^^^^^^^^^^^^^^^^^^^

warning: `ironsmith-compiler-runtime` (test "continuous_reference_quantities") generated 3 warnings (run `cargo fix --test "continuous_reference_quantities"` to apply 3 suggestions)
warning: unused import: `PlayerFilter`
  --> crates/ironsmith-compiler-runtime/tests/linked_exile_private_inspection.rs:13:39
   |
13 | use ironsmith::target::{ObjectFilter, PlayerFilter};
   |                                       ^^^^^^^^^^^^
   |
   = note: `#[warn(unused_imports)]` on by default

warning: `ironsmith-compiler-runtime` (test "linked_exile_private_inspection") generated 1 warning (run `cargo fix --test "linked_exile_private_inspection"` to apply 1 suggestion)
warning: unused `std::result::Result` that must be used
  --> crates/ironsmith-compiler-runtime/tests/granted_sneak_and_madness.rs:71:13
   |
71 |             game.refresh_continuous_state();
   |             ^^^^^^^^^^^^^^^^^^^^^^^^^^^^^^^
   |
   = note: this `Result` may be an `Err` variant, which should be handled
   = note: `#[warn(unused_must_use)]` on by default
help: use `let _ = ...` to ignore the resulting value
   |
71 |             let _ = game.refresh_continuous_state();
   |             +++++++

warning: unused `std::result::Result` that must be used
   --> crates/ironsmith-compiler-runtime/tests/granted_sneak_and_madness.rs:112:13
    |
112 |             game.refresh_continuous_state();
    |             ^^^^^^^^^^^^^^^^^^^^^^^^^^^^^^^
    |
    = note: this `Result` may be an `Err` variant, which should be handled
help: use `let _ = ...` to ignore the resulting value
    |
112 |             let _ = game.refresh_continuous_state();
    |             +++++++

warning: unused `std::result::Result` that must be used
   --> crates/ironsmith-compiler-runtime/tests/granted_sneak_and_madness.rs:160:9
    |
160 |         game.refresh_continuous_state();
    |         ^^^^^^^^^^^^^^^^^^^^^^^^^^^^^^^
    |
    = note: this `Result` may be an `Err` variant, which should be handled
help: use `let _ = ...` to ignore the resulting value
    |
160 |         let _ = game.refresh_continuous_state();
    |         +++++++

warning: `ironsmith-compiler-runtime` (test "granted_sneak_and_madness") generated 3 warnings
warning: unused variable: `snapshot`
   --> crates/ironsmith-compiler-runtime/tests/ring_bearer_references.rs:386:13
    |
386 |         let snapshot =
    |             ^^^^^^^^ help: if this is intentional, prefix it with an underscore: `_snapshot`
    |
    = note: `#[warn(unused_variables)]` on by default

warning: `ironsmith-compiler-runtime` (test "ring_bearer_references") generated 1 warning
warning: unused variable: `copy`
   --> crates/ironsmith-compiler-runtime/tests/independent_casting_prices.rs:975:9
    |
975 |     let copy = printed(
    |         ^^^^ help: if this is intentional, prefix it with an underscore: `_copy`
    |
    = note: `#[warn(unused_variables)]` on by default

warning: `ironsmith-compiler-runtime` (test "independent_casting_prices") generated 1 warning
warning: function `cast` is never used
   --> crates/ironsmith-compiler-runtime/tests/typed_activation_modifiers.rs:187:4
    |
187 | fn cast(game: &mut GameState, spell: ObjectId, choices: &mut Choices) {
    |    ^^^^
    |
    = note: `#[warn(dead_code)]` on by default

warning: `ironsmith-compiler-runtime` (test "typed_activation_modifiers") generated 1 warning
warning: unused import: `check_triggers`
  --> crates/ironsmith-compiler-runtime/tests/cast_event_quantities.rs:21:55
   |
21 | use ironsmith::triggers::{TriggerEvent, TriggerQueue, check_triggers};
   |                                                       ^^^^^^^^^^^^^^
   |
   = note: `#[warn(unused_imports)]` on by default

warning: `ironsmith-compiler-runtime` (test "cast_event_quantities") generated 1 warning (run `cargo fix --test "cast_event_quantities"` to apply 1 suggestion)
warning: unused import: `PlayerFilter`
  --> crates/ironsmith-compiler-runtime/tests/scoped_hand_size.rs:18:37
   |
18 | use ironsmith::target::{ChooseSpec, PlayerFilter};
   |                                     ^^^^^^^^^^^^
   |
   = note: `#[warn(unused_imports)]` on by default

warning: function `resource` is never used
   --> crates/ironsmith-compiler-runtime/tests/scoped_hand_size.rs:177:4
    |
177 | fn resource(name: &str, types: &str) -> CardDefinition {
    |    ^^^^^^^^
    |
    = note: `#[warn(dead_code)]` on by default

warning: function `queue_outcome` is never used
   --> crates/ironsmith-compiler-runtime/tests/scoped_hand_size.rs:186:4
    |
186 | fn queue_outcome(game: &mut GameState, outcome: EffectOutcome, dm: &mut Choices) {
    |    ^^^^^^^^^^^^^

warning: function `pt` is never used
   --> crates/ironsmith-compiler-runtime/tests/scoped_hand_size.rs:197:4
    |
197 | fn pt(game: &GameState, id: ObjectId) -> (i32, i32) {
    |    ^^

warning: function `pump` is never used
   --> crates/ironsmith-compiler-runtime/tests/scoped_hand_size.rs:203:4
    |
203 | fn pump(game: &mut GameState, source: ObjectId, id: ObjectId, p: i32, t: i32) {
    |    ^^^^

warning: function `counter` is never used
   --> crates/ironsmith-compiler-runtime/tests/scoped_hand_size.rs:210:4
    |
210 | fn counter(game: &mut GameState, source: ObjectId, id: ObjectId, count: i32) {
    |    ^^^^^^^

warning: function `current_activated_at` is never used
   --> crates/ironsmith-compiler-runtime/tests/scoped_hand_size.rs:309:4
    |
309 | fn current_activated_at(game: &GameState, source: ObjectId, position: usize) -> usize {
    |    ^^^^^^^^^^^^^^^^^^^^

warning: function `has` is never used
   --> crates/ironsmith-compiler-runtime/tests/scoped_hand_size.rs:321:4
    |
321 | fn has(
    |    ^^^

warning: function `lore` is never used
   --> crates/ironsmith-compiler-runtime/tests/scoped_hand_size.rs:335:4
    |
335 | fn lore(game: &mut GameState, source: ObjectId, dm: &mut Choices) {
    |    ^^^^

warning: `ironsmith-compiler-runtime` (test "scoped_hand_size") generated 9 warnings (run `cargo fix --test "scoped_hand_size"` to apply 1 suggestion)
warning: unused variable: `player`
  --> crates/ironsmith-compiler-runtime/tests/filtered_zone_permissions.rs:81:35
   |
81 | fn announce(game: &mut GameState, player: PlayerId, action: LegalAction) -> ObjectId {
   |                                   ^^^^^^ help: if this is intentional, prefix it with an underscore: `_player`
   |
   = note: `#[warn(unused_variables)]` on by default

warning: `ironsmith-compiler-runtime` (test "filtered_zone_permissions") generated 1 warning
warning: unused imports: `BooleanContext`, `NumberContext`, and `SelectObjectsContext`
 --> crates/ironsmith-compiler-runtime/tests/attached_combat_conjunctions.rs:9:5
  |
9 |     BooleanContext, NumberContext, SelectObjectsContext, SelectOptionsContext, TargetsContext,
  |     ^^^^^^^^^^^^^^  ^^^^^^^^^^^^^  ^^^^^^^^^^^^^^^^^^^^
  |
  = note: `#[warn(unused_imports)]` on by default

warning: unused imports: `EffectOutcome` and `Effect`
  --> crates/ironsmith-compiler-runtime/tests/attached_combat_conjunctions.rs:11:25
   |
11 | use ironsmith::effect::{Effect, EffectOutcome, Until};
   |                         ^^^^^^  ^^^^^^^^^^^^^

warning: unused import: `execute_effect`
  --> crates/ironsmith-compiler-runtime/tests/attached_combat_conjunctions.rs:12:41
   |
12 | use ironsmith::effects::{EffectContext, execute_effect};
   |                                         ^^^^^^^^^^^^^^

warning: unused import: `PlayerFilter`
  --> crates/ironsmith-compiler-runtime/tests/attached_combat_conjunctions.rs:19:37
   |
19 | use ironsmith::target::{ChooseSpec, PlayerFilter};
   |                                     ^^^^^^^^^^^^

warning: unused imports: `TriggerEvent` and `check_triggers`
  --> crates/ironsmith-compiler-runtime/tests/attached_combat_conjunctions.rs:20:27
   |
20 | use ironsmith::triggers::{TriggerEvent, TriggerQueue, check_triggers};
   |                           ^^^^^^^^^^^^                ^^^^^^^^^^^^^^

warning: unused import: `compile_to_runtime_definition`
  --> crates/ironsmith-compiler-runtime/tests/attached_combat_conjunctions.rs:24:55
   |
24 | use ironsmith_compiler_runtime::{compile_to_artifact, compile_to_runtime_definition};
   |                                                       ^^^^^^^^^^^^^^^^^^^^^^^^^^^^^

warning: unused import: `TriggerEvent`
  --> crates/ironsmith-compiler-runtime/tests/additive_damage_replacements.rs:22:27
   |
22 | use ironsmith::triggers::{TriggerEvent, TriggerQueue, check_triggers};
   |                           ^^^^^^^^^^^^
   |
   = note: `#[warn(unused_imports)]` on by default

warning: `ironsmith-compiler-runtime` (test "attached_combat_conjunctions") generated 6 warnings (run `cargo fix --test "attached_combat_conjunctions"` to apply 6 suggestions)
warning: `ironsmith-compiler-runtime` (test "additive_damage_replacements") generated 1 warning (run `cargo fix --test "additive_damage_replacements"` to apply 1 suggestion)
warning: function `queue_outcome` is never used
   --> crates/ironsmith-compiler-runtime/tests/life_total_quantities.rs:246:4
    |
246 | fn queue_outcome(game: &mut GameState, outcome: EffectOutcome, dm: &mut Choices) {
    |    ^^^^^^^^^^^^^
    |
    = note: `#[warn(dead_code)]` on by default

warning: function `activate` is never used
   --> crates/ironsmith-compiler-runtime/tests/life_total_quantities.rs:324:4
    |
324 | fn activate(game: &mut GameState, source: ObjectId, ability_index: usize, dm: &mut Choices) {
    |    ^^^^^^^^

warning: `ironsmith-compiler-runtime` (test "life_total_quantities") generated 2 warnings
warning: unused import: `EffectExecutor`
 --> crates/ironsmith-compiler-runtime/tests/join_forces.rs:9:104
  |
9 | use ironsmith::effects::{CollectManaPaymentsEffect, CreateTokenEffect, DrawCardsEffect, EffectContext, EffectExecutor, ExecutionError, Fo...
  |                                                                                                        ^^^^^^^^^^^^^^
  |
  = note: `#[warn(unused_imports)]` on by default

warning: `ironsmith-compiler-runtime` (test "join_forces") generated 1 warning
warning: unused import: `PlayerFilter`
  --> crates/ironsmith-compiler-runtime/tests/declared_any_target_programs.rs:18:37
   |
18 | use ironsmith::target::{ChooseSpec, PlayerFilter};
   |                                     ^^^^^^^^^^^^
   |
   = note: `#[warn(unused_imports)]` on by default

warning: function `resolve_all` is never used
   --> crates/ironsmith-compiler-runtime/tests/declared_any_target_programs.rs:195:4
    |
195 | fn resolve_all(game: &mut GameState, dm: &mut Choices) {
    |    ^^^^^^^^^^^
    |
    = note: `#[warn(dead_code)]` on by default

warning: function `resource` is never used
   --> crates/ironsmith-compiler-runtime/tests/declared_any_target_programs.rs:204:4
    |
204 | fn resource(name: &str, types: &str) -> CardDefinition {
    |    ^^^^^^^^

warning: function `queue_outcome` is never used
   --> crates/ironsmith-compiler-runtime/tests/declared_any_target_programs.rs:213:4
    |
213 | fn queue_outcome(game: &mut GameState, outcome: EffectOutcome, dm: &mut Choices) {
    |    ^^^^^^^^^^^^^

warning: function `pt` is never used
   --> crates/ironsmith-compiler-runtime/tests/declared_any_target_programs.rs:224:4
    |
224 | fn pt(game: &GameState, id: ObjectId) -> (i32, i32) {
    |    ^^

warning: function `pump` is never used
   --> crates/ironsmith-compiler-runtime/tests/declared_any_target_programs.rs:230:4
    |
230 | fn pump(game: &mut GameState, source: ObjectId, id: ObjectId, p: i32, t: i32) {
    |    ^^^^

warning: function `counter` is never used
   --> crates/ironsmith-compiler-runtime/tests/declared_any_target_programs.rs:237:4
    |
237 | fn counter(game: &mut GameState, source: ObjectId, id: ObjectId, count: i32) {
    |    ^^^^^^^

warning: function `current_activated_at` is never used
   --> crates/ironsmith-compiler-runtime/tests/declared_any_target_programs.rs:334:4
    |
334 | fn current_activated_at(game: &GameState, source: ObjectId, position: usize) -> usize {
    |    ^^^^^^^^^^^^^^^^^^^^

warning: function `has` is never used
   --> crates/ironsmith-compiler-runtime/tests/declared_any_target_programs.rs:346:4
    |
346 | fn has(
    |    ^^^

warning: function `event` is never used
   --> crates/ironsmith-compiler-runtime/tests/declared_any_target_programs.rs:353:4
    |
353 | fn event(game: &mut GameState, event: TriggerEvent, dm: &mut Choices) {
    |    ^^^^^

warning: function `lore` is never used
   --> crates/ironsmith-compiler-runtime/tests/declared_any_target_programs.rs:360:4
    |
360 | fn lore(game: &mut GameState, source: ObjectId, dm: &mut Choices) {
    |    ^^^^

warning: `ironsmith-compiler-runtime` (test "declared_any_target_programs") generated 11 warnings (run `cargo fix --test "declared_any_target_programs"` to apply 1 suggestion)
warning: unused import: `PlayerFilter`
  --> crates/ironsmith-compiler-runtime/tests/copied_base_power_draw.rs:18:37
   |
18 | use ironsmith::target::{ChooseSpec, PlayerFilter};
   |                                     ^^^^^^^^^^^^
   |
   = note: `#[warn(unused_imports)]` on by default

warning: function `queue_event` is never used
   --> crates/ironsmith-compiler-runtime/tests/copied_base_power_draw.rs:177:4
    |
177 | fn queue_event(game: &mut GameState, event: TriggerEvent, dm: &mut Choices) -> usize {
    |    ^^^^^^^^^^^
    |
    = note: `#[warn(dead_code)]` on by default

warning: function `cast` is never used
   --> crates/ironsmith-compiler-runtime/tests/copied_base_power_draw.rs:219:4
    |
219 | fn cast(
    |    ^^^^

warning: `ironsmith-compiler-runtime` (test "copied_base_power_draw") generated 3 warnings (run `cargo fix --test "copied_base_power_draw"` to apply 1 suggestion)
warning: unused import: `super::*`
    --> crates/ironsmith-compiler-runtime/src/lib.rs:2781:9
     |
2781 |     use super::*;
     |         ^^^^^^^^
     |
     = note: `#[warn(unused_imports)]` on by default

warning: unused import: `ironsmith_runtime_catalog::artifact_materializer::*`
    --> crates/ironsmith-compiler-runtime/src/lib.rs:2782:9
     |
2782 |     use ironsmith_runtime_catalog::artifact_materializer::*;
     |         ^^^^^^^^^^^^^^^^^^^^^^^^^^^^^^^^^^^^^^^^^^^^^^^^^^^

warning: unused import: `super::*`
    --> crates/ironsmith-compiler-runtime/src/lib.rs:2981:5
     |
2981 | use super::*;
     |     ^^^^^^^^

warning: unused import: `super::*`
    --> crates/ironsmith-compiler-runtime/src/lib.rs:3511:9
     |
3511 |     use super::*;
     |         ^^^^^^^^

warning: unused import: `super::*`
    --> crates/ironsmith-compiler-runtime/src/lib.rs:3578:9
     |
3578 |     use super::*;
     |         ^^^^^^^^

warning: unused import: `super::*`
    --> crates/ironsmith-compiler-runtime/src/lib.rs:3610:9
     |
3610 |     use super::*;
     |         ^^^^^^^^

warning: unused import: `super::*`
    --> crates/ironsmith-compiler-runtime/src/lib.rs:3657:9
     |
3657 |     use super::*;
     |         ^^^^^^^^

warning: unused import: `ironsmith_compiler::compile_support::*`
 --> crates/ironsmith-compiler/tests/lowering_pipeline.rs:7:5
  |
7 | use ironsmith_compiler::compile_support::*;
  |     ^^^^^^^^^^^^^^^^^^^^^^^^^^^^^^^^^^^^^^
  |
  = note: `#[warn(unused_imports)]` on by default

warning: unused imports: `Condition` and `Until`
 --> crates/ironsmith-compiler/tests/lowering_pipeline.rs:8:34
  |
8 | use ironsmith_compiler::effect::{Condition, Until};
  |                                  ^^^^^^^^^  ^^^^^

warning: unused import: `ironsmith_compiler::filter::*`
 --> crates/ironsmith-compiler/tests/lowering_pipeline.rs:9:5
  |
9 | use ironsmith_compiler::filter::*;
  |     ^^^^^^^^^^^^^^^^^^^^^^^^^^^^^

warning: unused import: `ironsmith_compiler::object::CounterType`
  --> crates/ironsmith-compiler/tests/lowering_pipeline.rs:10:5
   |
10 | use ironsmith_compiler::object::CounterType;
   |     ^^^^^^^^^^^^^^^^^^^^^^^^^^^^^^^^^^^^^^^

warning: unused import: `ironsmith_compiler::zone::Zone`
  --> crates/ironsmith-compiler/tests/lowering_pipeline.rs:11:5
   |
11 | use ironsmith_compiler::zone::Zone;
   |     ^^^^^^^^^^^^^^^^^^^^^^^^^^^^^^

warning: unused imports: `render_token_slice`, `split_lexed_sentences`, and `trim_lexed_commas`
  --> crates/ironsmith-compiler/tests/lowering_pipeline.rs:61:15
   |
61 |     lex_line, render_token_slice, split_lexed_sentences, trim_lexed_commas,
   |               ^^^^^^^^^^^^^^^^^^  ^^^^^^^^^^^^^^^^^^^^^  ^^^^^^^^^^^^^^^^^

warning: unused import: `ironsmith_compiler::parse_context::ParseContext`
  --> crates/ironsmith-compiler/tests/lowering_pipeline.rs:63:5
   |
63 | use ironsmith_compiler::parse_context::ParseContext;
   |     ^^^^^^^^^^^^^^^^^^^^^^^^^^^^^^^^^^^^^^^^^^^^^^^

warning: unused imports: `Effect` and `Value`
  --> crates/ironsmith-compiler/tests/lowering_pipeline.rs:68:34
   |
68 | use ironsmith_compiler::effect::{Effect, Value};
   |                                  ^^^^^^  ^^^^^

warning: unused import: `ironsmith_compiler::model::reference_state::RefState`
  --> crates/ironsmith-compiler/tests/lowering_pipeline.rs:69:5
   |
69 | use ironsmith_compiler::model::reference_state::RefState;
   |     ^^^^^^^^^^^^^^^^^^^^^^^^^^^^^^^^^^^^^^^^^^^^^^^^^^^^

warning: unused import: `Subtype`
  --> crates/ironsmith-compiler/tests/lowering_pipeline.rs:71:43
   |
71 | use ironsmith_compiler::types::{CardType, Subtype};
   |                                           ^^^^^^^

warning: unused import: `ironsmith_compiler::lower::*`
  --> crates/ironsmith-compiler/tests/lowering_pipeline.rs:73:5
   |
73 | use ironsmith_compiler::lower::*;
   |     ^^^^^^^^^^^^^^^^^^^^^^^^^^^^

warning: unused import: `ironsmith_compiler::lowering_support::*`
  --> crates/ironsmith-compiler/tests/lowering_pipeline.rs:74:5
   |
74 | use ironsmith_compiler::lowering_support::*;
   |     ^^^^^^^^^^^^^^^^^^^^^^^^^^^^^^^^^^^^^^^

warning: `ironsmith-compiler` (test "lowering_pipeline") generated 12 warnings (run `cargo fix --test "lowering_pipeline"` to apply 12 suggestions)
warning: unused variable: `bob`
    --> crates/ironsmith-compiler-runtime/src/lib.rs:3246:13
     |
3246 |         let bob = PlayerId::from_index(1);
     |             ^^^ help: if this is intentional, prefix it with an underscore: `_bob`
     |
     = note: `#[warn(unused_variables)]` on by default

warning: function `fixture` is never used
    --> crates/ironsmith-compiler-runtime/src/lib.rs:2783:8
     |
2783 |     fn fixture() -> (
     |        ^^^^^^^
     |
     = note: `#[warn(dead_code)]` on by default

warning: using `.clone()` on a double reference, which returns `&ironsmith::Effect` instead of cloning the inner type
    --> crates/ironsmith-compiler-runtime/src/lib.rs:2751:69
     |
2751 |               .expect("real compiled effect retains targeted binding")
     |  _____________________________________________________________________^
2752 | |             .clone();
     | |____________________^
     |
     = note: `#[warn(suspicious_double_ref_op)]` on by default

warning: `ironsmith-compiler-runtime` (lib test) generated 10 warnings (run `cargo fix --lib -p ironsmith-compiler-runtime --tests` to apply 7 suggestions)
    Checking ironsmith-text v0.1.0 (/Users/chiplis/ironsmith-cf8-int/crates/ironsmith-text)
warning: unused variable: `source`
  --> crates/ironsmith-text/src/compiled_text/render_effects/tests/shared_type_copy.rs:28:17
   |
28 |             let source = game.create_object_from_definition(&definition, alice, Zone::Battlefield);
   |                 ^^^^^^ help: if this is intentional, prefix it with an underscore: `_source`
   |
   = note: `#[warn(unused_variables)]` on by default

warning: unused `std::result::Result` that must be used
    --> crates/ironsmith-text/src/compiled_text/ast_render.rs:3847:17
     |
3847 |                 game.refresh_continuous_state();
     |                 ^^^^^^^^^^^^^^^^^^^^^^^^^^^^^^^
     |
     = note: this `Result` may be an `Err` variant, which should be handled
     = note: `#[warn(unused_must_use)]` on by default
help: use `let _ = ...` to ignore the resulting value
     |
3847 |                 let _ = game.refresh_continuous_state();
     |                 +++++++

warning: unused `std::result::Result` that must be used
    --> crates/ironsmith-text/src/compiled_text/ast_render.rs:3918:17
     |
3918 |                 game.refresh_continuous_state();
     |                 ^^^^^^^^^^^^^^^^^^^^^^^^^^^^^^^
     |
     = note: this `Result` may be an `Err` variant, which should be handled
help: use `let _ = ...` to ignore the resulting value
     |
3918 |                 let _ = game.refresh_continuous_state();
     |                 +++++++

warning: unused `std::result::Result` that must be used
    --> crates/ironsmith-text/src/compiled_text/ast_render.rs:4123:9
     |
4123 |         game.refresh_continuous_state();
     |         ^^^^^^^^^^^^^^^^^^^^^^^^^^^^^^^
     |
     = note: this `Result` may be an `Err` variant, which should be handled
help: use `let _ = ...` to ignore the resulting value
     |
4123 |         let _ = game.refresh_continuous_state();
     |         +++++++

warning: unused `std::result::Result` that must be used
    --> crates/ironsmith-text/src/compiled_text/ast_render.rs:4203:21
     |
4203 |                     game.refresh_continuous_state();
     |                     ^^^^^^^^^^^^^^^^^^^^^^^^^^^^^^^
     |
     = note: this `Result` may be an `Err` variant, which should be handled
help: use `let _ = ...` to ignore the resulting value
     |
4203 |                     let _ = game.refresh_continuous_state();
     |                     +++++++

warning: unused `std::result::Result` that must be used
    --> crates/ironsmith-text/src/compiled_text/ast_render.rs:4343:17
     |
4343 |                 game.refresh_continuous_state();
     |                 ^^^^^^^^^^^^^^^^^^^^^^^^^^^^^^^
     |
     = note: this `Result` may be an `Err` variant, which should be handled
help: use `let _ = ...` to ignore the resulting value
     |
4343 |                 let _ = game.refresh_continuous_state();
     |                 +++++++

warning: unused `std::result::Result` that must be used
    --> crates/ironsmith-text/src/compiled_text/ast_render.rs:4461:13
     |
4461 |             game.refresh_continuous_state();
     |             ^^^^^^^^^^^^^^^^^^^^^^^^^^^^^^^
     |
     = note: this `Result` may be an `Err` variant, which should be handled
help: use `let _ = ...` to ignore the resulting value
     |
4461 |             let _ = game.refresh_continuous_state();
     |             +++++++

warning: unused `std::result::Result` that must be used
    --> crates/ironsmith-text/src/compiled_text/ast_render.rs:4477:13
     |
4477 |             game.refresh_continuous_state();
     |             ^^^^^^^^^^^^^^^^^^^^^^^^^^^^^^^
     |
     = note: this `Result` may be an `Err` variant, which should be handled
help: use `let _ = ...` to ignore the resulting value
     |
4477 |             let _ = game.refresh_continuous_state();
     |             +++++++

warning: unused `std::result::Result` that must be used
    --> crates/ironsmith-text/src/compiled_text/ast_render.rs:6142:25
     |
6142 |                         game.refresh_continuous_state();
     |                         ^^^^^^^^^^^^^^^^^^^^^^^^^^^^^^^
     |
     = note: this `Result` may be an `Err` variant, which should be handled
help: use `let _ = ...` to ignore the resulting value
     |
6142 |                         let _ = game.refresh_continuous_state();
     |                         +++++++

warning: unused `std::result::Result` that must be used
     --> crates/ironsmith-text/src/compiled_text/ast_render.rs:33103:17
      |
33103 |                 game.refresh_continuous_state();
      |                 ^^^^^^^^^^^^^^^^^^^^^^^^^^^^^^^
      |
      = note: this `Result` may be an `Err` variant, which should be handled
help: use `let _ = ...` to ignore the resulting value
      |
33103 |                 let _ = game.refresh_continuous_state();
      |                 +++++++

warning: unused `std::result::Result` that must be used
     --> crates/ironsmith-text/src/compiled_text/ast_render.rs:44449:17
      |
44449 |                 game.refresh_continuous_state();
      |                 ^^^^^^^^^^^^^^^^^^^^^^^^^^^^^^^
      |
      = note: this `Result` may be an `Err` variant, which should be handled
help: use `let _ = ...` to ignore the resulting value
      |
44449 |                 let _ = game.refresh_continuous_state();
      |                 +++++++

warning: unused `std::result::Result` that must be used
     --> crates/ironsmith-text/src/compiled_text/render_effects/effect_lists.rs:21531:13
      |
21531 |             game.refresh_continuous_state();
      |             ^^^^^^^^^^^^^^^^^^^^^^^^^^^^^^^
      |
      = note: this `Result` may be an `Err` variant, which should be handled
help: use `let _ = ...` to ignore the resulting value
      |
21531 |             let _ = game.refresh_continuous_state();
      |             +++++++

warning: unused `std::result::Result` that must be used
     --> crates/ironsmith-text/src/compiled_text/render_effects/effect_lists.rs:21631:13
      |
21631 |             game.refresh_continuous_state();
      |             ^^^^^^^^^^^^^^^^^^^^^^^^^^^^^^^
      |
      = note: this `Result` may be an `Err` variant, which should be handled
help: use `let _ = ...` to ignore the resulting value
      |
21631 |             let _ = game.refresh_continuous_state();
      |             +++++++

warning: unused `std::result::Result` that must be used
   --> crates/ironsmith-text/src/compiled_text/render_effects/tests/goad_surfaces.rs:104:9
    |
104 |         game.refresh_continuous_state();
    |         ^^^^^^^^^^^^^^^^^^^^^^^^^^^^^^^
    |
    = note: this `Result` may be an `Err` variant, which should be handled
help: use `let _ = ...` to ignore the resulting value
    |
104 |         let _ = game.refresh_continuous_state();
    |         +++++++

warning: unused `std::result::Result` that must be used
   --> crates/ironsmith-text/src/compiled_text/render_effects/tests/goad_surfaces.rs:139:5
    |
139 |     game.refresh_continuous_state();
    |     ^^^^^^^^^^^^^^^^^^^^^^^^^^^^^^^
    |
    = note: this `Result` may be an `Err` variant, which should be handled
help: use `let _ = ...` to ignore the resulting value
    |
139 |     let _ = game.refresh_continuous_state();
    |     +++++++

warning: unused `std::result::Result` that must be used
   --> crates/ironsmith-text/src/compiled_text/render_effects/tests/goad_surfaces.rs:178:5
    |
178 |     game.refresh_continuous_state();
    |     ^^^^^^^^^^^^^^^^^^^^^^^^^^^^^^^
    |
    = note: this `Result` may be an `Err` variant, which should be handled
help: use `let _ = ...` to ignore the resulting value
    |
178 |     let _ = game.refresh_continuous_state();
    |     +++++++

warning: unused `std::result::Result` that must be used
   --> crates/ironsmith-text/src/compiled_text/render_effects/tests/goad_surfaces.rs:237:5
    |
237 |     game.refresh_continuous_state();
    |     ^^^^^^^^^^^^^^^^^^^^^^^^^^^^^^^
    |
    = note: this `Result` may be an `Err` variant, which should be handled
help: use `let _ = ...` to ignore the resulting value
    |
237 |     let _ = game.refresh_continuous_state();
    |     +++++++

warning: unused `std::result::Result` that must be used
   --> crates/ironsmith-text/src/compiled_text/render_effects/tests/goad_surfaces.rs:252:5
    |
252 |     game.refresh_continuous_state();
    |     ^^^^^^^^^^^^^^^^^^^^^^^^^^^^^^^
    |
    = note: this `Result` may be an `Err` variant, which should be handled
help: use `let _ = ...` to ignore the resulting value
    |
252 |     let _ = game.refresh_continuous_state();
    |     +++++++

warning: unused `std::result::Result` that must be used
   --> crates/ironsmith-text/src/compiled_text/render_effects/tests/goad_surfaces.rs:259:5
    |
259 |     game.refresh_continuous_state();
    |     ^^^^^^^^^^^^^^^^^^^^^^^^^^^^^^^
    |
    = note: this `Result` may be an `Err` variant, which should be handled
help: use `let _ = ...` to ignore the resulting value
    |
259 |     let _ = game.refresh_continuous_state();
    |     +++++++

warning: unused `std::result::Result` that must be used
   --> crates/ironsmith-text/src/compiled_text/render_effects/tests/goad_surfaces.rs:263:5
    |
263 |     game.refresh_continuous_state();
    |     ^^^^^^^^^^^^^^^^^^^^^^^^^^^^^^^
    |
    = note: this `Result` may be an `Err` variant, which should be handled
help: use `let _ = ...` to ignore the resulting value
    |
263 |     let _ = game.refresh_continuous_state();
    |     +++++++

warning: unused `std::result::Result` that must be used
  --> crates/ironsmith-text/src/compiled_text/render_effects/tests/special_triggered_program_surfaces.rs:84:13
   |
84 |             game.refresh_continuous_state();
   |             ^^^^^^^^^^^^^^^^^^^^^^^^^^^^^^^
   |
   = note: this `Result` may be an `Err` variant, which should be handled
help: use `let _ = ...` to ignore the resulting value
   |
84 |             let _ = game.refresh_continuous_state();
   |             +++++++

warning: unused `std::result::Result` that must be used
  --> crates/ironsmith-text/src/compiled_text/render_effects/tests/conditional_quoted_grant.rs:76:13
   |
76 |             game.refresh_continuous_state();
   |             ^^^^^^^^^^^^^^^^^^^^^^^^^^^^^^^
   |
   = note: this `Result` may be an `Err` variant, which should be handled
help: use `let _ = ...` to ignore the resulting value
   |
76 |             let _ = game.refresh_continuous_state();
   |             +++++++

warning: unused `std::result::Result` that must be used
  --> crates/ironsmith-text/src/compiled_text/render_effects/tests/attached_mixed_grants.rs:71:13
   |
71 |             game.refresh_continuous_state();
   |             ^^^^^^^^^^^^^^^^^^^^^^^^^^^^^^^
   |
   = note: this `Result` may be an `Err` variant, which should be handled
help: use `let _ = ...` to ignore the resulting value
   |
71 |             let _ = game.refresh_continuous_state();
   |             +++++++

warning: unused `std::result::Result` that must be used
  --> crates/ironsmith-text/src/compiled_text/render_effects/tests/leading_duration_quoted_grant.rs:59:9
   |
59 |         game.refresh_continuous_state();
   |         ^^^^^^^^^^^^^^^^^^^^^^^^^^^^^^^
   |
   = note: this `Result` may be an `Err` variant, which should be handled
help: use `let _ = ...` to ignore the resulting value
   |
59 |         let _ = game.refresh_continuous_state();
   |         +++++++

warning: unused `std::result::Result` that must be used
  --> crates/ironsmith-text/src/compiled_text/render_effects/tests/conditional_attachment_attack.rs:48:13
   |
48 |             game.refresh_continuous_state();
   |             ^^^^^^^^^^^^^^^^^^^^^^^^^^^^^^^
   |
   = note: this `Result` may be an `Err` variant, which should be handled
help: use `let _ = ...` to ignore the resulting value
   |
48 |             let _ = game.refresh_continuous_state();
   |             +++++++

warning: unused `std::result::Result` that must be used
  --> crates/ironsmith-text/src/compiled_text/render_effects/tests/max_speed_source_bonus.rs:27:13
   |
27 |             game.refresh_continuous_state();
   |             ^^^^^^^^^^^^^^^^^^^^^^^^^^^^^^^
   |
   = note: this `Result` may be an `Err` variant, which should be handled
help: use `let _ = ...` to ignore the resulting value
   |
27 |             let _ = game.refresh_continuous_state();
   |             +++++++

warning: unused `std::result::Result` that must be used
  --> crates/ironsmith-text/src/compiled_text/render_effects/tests/source_combat_unless.rs:42:17
   |
42 |                 game.refresh_continuous_state();
   |                 ^^^^^^^^^^^^^^^^^^^^^^^^^^^^^^^
   |
   = note: this `Result` may be an `Err` variant, which should be handled
help: use `let _ = ...` to ignore the resulting value
   |
42 |                 let _ = game.refresh_continuous_state();
   |                 +++++++

warning: unused `std::result::Result` that must be used
  --> crates/ironsmith-text/src/compiled_text/render_effects/tests/source_block_unless.rs:38:13
   |
38 |             game.refresh_continuous_state();
   |             ^^^^^^^^^^^^^^^^^^^^^^^^^^^^^^^
   |
   = note: this `Result` may be an `Err` variant, which should be handled
help: use `let _ = ...` to ignore the resulting value
   |
38 |             let _ = game.refresh_continuous_state();
   |             +++++++

warning: unused `std::result::Result` that must be used
  --> crates/ironsmith-text/src/compiled_text/render_effects/tests/source_block_unless.rs:45:13
   |
45 |             game.refresh_continuous_state();
   |             ^^^^^^^^^^^^^^^^^^^^^^^^^^^^^^^
   |
   = note: this `Result` may be an `Err` variant, which should be handled
help: use `let _ = ...` to ignore the resulting value
   |
45 |             let _ = game.refresh_continuous_state();
   |             +++++++

warning: unused `std::result::Result` that must be used
  --> crates/ironsmith-text/src/compiled_text/render_effects/tests/source_block_unless.rs:53:13
   |
53 |             game.refresh_continuous_state();
   |             ^^^^^^^^^^^^^^^^^^^^^^^^^^^^^^^
   |
   = note: this `Result` may be an `Err` variant, which should be handled
help: use `let _ = ...` to ignore the resulting value
   |
53 |             let _ = game.refresh_continuous_state();
   |             +++++++

warning: unused `std::result::Result` that must be used
  --> crates/ironsmith-text/src/compiled_text/render_effects/tests/source_counter_combat.rs:31:17
   |
31 |                 game.refresh_continuous_state();
   |                 ^^^^^^^^^^^^^^^^^^^^^^^^^^^^^^^
   |
   = note: this `Result` may be an `Err` variant, which should be handled
help: use `let _ = ...` to ignore the resulting value
   |
31 |                 let _ = game.refresh_continuous_state();
   |                 +++++++

warning: unused `std::result::Result` that must be used
  --> crates/ironsmith-text/src/compiled_text/render_effects/tests/trailing_if_combat.rs:44:13
   |
44 |             game.refresh_continuous_state();
   |             ^^^^^^^^^^^^^^^^^^^^^^^^^^^^^^^
   |
   = note: this `Result` may be an `Err` variant, which should be handled
help: use `let _ = ...` to ignore the resulting value
   |
44 |             let _ = game.refresh_continuous_state();
   |             +++++++

warning: unused `std::result::Result` that must be used
  --> crates/ironsmith-text/src/compiled_text/render_effects/tests/trailing_if_combat.rs:76:9
   |
76 |         game.refresh_continuous_state();
   |         ^^^^^^^^^^^^^^^^^^^^^^^^^^^^^^^
   |
   = note: this `Result` may be an `Err` variant, which should be handled
help: use `let _ = ...` to ignore the resulting value
   |
76 |         let _ = game.refresh_continuous_state();
   |         +++++++

warning: unused `std::result::Result` that must be used
  --> crates/ironsmith-text/src/compiled_text/render_effects/tests/opposing_player_block.rs:38:9
   |
38 |         game.refresh_continuous_state();
   |         ^^^^^^^^^^^^^^^^^^^^^^^^^^^^^^^
   |
   = note: this `Result` may be an `Err` variant, which should be handled
help: use `let _ = ...` to ignore the resulting value
   |
38 |         let _ = game.refresh_continuous_state();
   |         +++++++

warning: unused `std::result::Result` that must be used
  --> crates/ironsmith-text/src/compiled_text/render_effects/tests/opposing_player_block.rs:68:13
   |
68 |             game.refresh_continuous_state();
   |             ^^^^^^^^^^^^^^^^^^^^^^^^^^^^^^^
   |
   = note: this `Result` may be an `Err` variant, which should be handled
help: use `let _ = ...` to ignore the resulting value
   |
68 |             let _ = game.refresh_continuous_state();
   |             +++++++

warning: unused `std::result::Result` that must be used
  --> crates/ironsmith-text/src/compiled_text/render_effects/tests/relative_opponent_choice.rs:43:13
   |
43 |             game.refresh_continuous_state();
   |             ^^^^^^^^^^^^^^^^^^^^^^^^^^^^^^^
   |
   = note: this `Result` may be an `Err` variant, which should be handled
help: use `let _ = ...` to ignore the resulting value
   |
43 |             let _ = game.refresh_continuous_state();
   |             +++++++

warning: unused `std::result::Result` that must be used
  --> crates/ironsmith-text/src/compiled_text/render_effects/tests/filtered_blocking_life_cost.rs:55:21
   |
55 |                     game.refresh_continuous_state();
   |                     ^^^^^^^^^^^^^^^^^^^^^^^^^^^^^^^
   |
   = note: this `Result` may be an `Err` variant, which should be handled
help: use `let _ = ...` to ignore the resulting value
   |
55 |                     let _ = game.refresh_continuous_state();
   |                     +++++++

warning: unused `std::result::Result` that must be used
   --> crates/ironsmith-text/src/compiled_text/render_effects/tests/aggregate_discount_temporary_grant.rs:108:5
    |
108 |     game.refresh_continuous_state();
    |     ^^^^^^^^^^^^^^^^^^^^^^^^^^^^^^^
    |
    = note: this `Result` may be an `Err` variant, which should be handled
help: use `let _ = ...` to ignore the resulting value
    |
108 |     let _ = game.refresh_continuous_state();
    |     +++++++

warning: unused `std::result::Result` that must be used
  --> crates/ironsmith-text/src/compiled_text/render_effects/tests/kicker_entry_activated_grant.rs:85:9
   |
85 |         game.refresh_continuous_state();
   |         ^^^^^^^^^^^^^^^^^^^^^^^^^^^^^^^
   |
   = note: this `Result` may be an `Err` variant, which should be handled
help: use `let _ = ...` to ignore the resulting value
   |
85 |         let _ = game.refresh_continuous_state();
   |         +++++++

warning: unused `std::result::Result` that must be used
   --> crates/ironsmith-text/src/compiled_text/render_effects/tests/attached_token_attack_contract.rs:167:13
    |
167 |             game.refresh_continuous_state();
    |             ^^^^^^^^^^^^^^^^^^^^^^^^^^^^^^^
    |
    = note: this `Result` may be an `Err` variant, which should be handled
help: use `let _ = ...` to ignore the resulting value
    |
167 |             let _ = game.refresh_continuous_state();
    |             +++++++

warning: unused `std::result::Result` that must be used
  --> crates/ironsmith-text/src/compiled_text/render_effects/tests/animation_granted_land_count.rs:47:5
   |
47 |     game.refresh_continuous_state();
   |     ^^^^^^^^^^^^^^^^^^^^^^^^^^^^^^^
   |
   = note: this `Result` may be an `Err` variant, which should be handled
help: use `let _ = ...` to ignore the resulting value
   |
47 |     let _ = game.refresh_continuous_state();
   |     +++++++

warning: unused `std::result::Result` that must be used
  --> crates/ironsmith-text/src/compiled_text/render_effects/tests/animation_granted_land_count.rs:77:5
   |
77 |     game.refresh_continuous_state();
   |     ^^^^^^^^^^^^^^^^^^^^^^^^^^^^^^^
   |
   = note: this `Result` may be an `Err` variant, which should be handled
help: use `let _ = ...` to ignore the resulting value
   |
77 |     let _ = game.refresh_continuous_state();
   |     +++++++

warning: unused `std::result::Result` that must be used
  --> crates/ironsmith-text/src/compiled_text/render_effects/tests/ferocious_before_fight.rs:74:13
   |
74 |             game.refresh_continuous_state();
   |             ^^^^^^^^^^^^^^^^^^^^^^^^^^^^^^^
   |
   = note: this `Result` may be an `Err` variant, which should be handled
help: use `let _ = ...` to ignore the resulting value
   |
74 |             let _ = game.refresh_continuous_state();
   |             +++++++

warning: unused `std::result::Result` that must be used
  --> crates/ironsmith-text/src/compiled_text/render_effects/tests/aura_combat_transform_restriction.rs:28:9
   |
28 |         game.refresh_continuous_state();
   |         ^^^^^^^^^^^^^^^^^^^^^^^^^^^^^^^
   |
   = note: this `Result` may be an `Err` variant, which should be handled
help: use `let _ = ...` to ignore the resulting value
   |
28 |         let _ = game.refresh_continuous_state();
   |         +++++++

warning: unused `std::result::Result` that must be used
  --> crates/ironsmith-text/src/compiled_text/render_effects/tests/aura_combat_transform_restriction.rs:36:5
   |
36 |     game.refresh_continuous_state();
   |     ^^^^^^^^^^^^^^^^^^^^^^^^^^^^^^^
   |
   = note: this `Result` may be an `Err` variant, which should be handled
help: use `let _ = ...` to ignore the resulting value
   |
36 |     let _ = game.refresh_continuous_state();
   |     +++++++

warning: unused `std::result::Result` that must be used
  --> crates/ironsmith-text/src/compiled_text/render_effects/tests/aura_combat_transform_restriction.rs:62:5
   |
62 |     game.refresh_continuous_state();
   |     ^^^^^^^^^^^^^^^^^^^^^^^^^^^^^^^
   |
   = note: this `Result` may be an `Err` variant, which should be handled
help: use `let _ = ...` to ignore the resulting value
   |
62 |     let _ = game.refresh_continuous_state();
   |     +++++++

warning: unused `std::result::Result` that must be used
  --> crates/ironsmith-text/src/compiled_text/render_effects/tests/attack_keyword_progression.rs:23:13
   |
23 |             game.refresh_continuous_state();
   |             ^^^^^^^^^^^^^^^^^^^^^^^^^^^^^^^
   |
   = note: this `Result` may be an `Err` variant, which should be handled
help: use `let _ = ...` to ignore the resulting value
   |
23 |             let _ = game.refresh_continuous_state();
   |             +++++++

warning: unused `std::result::Result` that must be used
  --> crates/ironsmith-text/src/compiled_text/render_effects/tests/attack_keyword_progression.rs:43:17
   |
43 |                 game.refresh_continuous_state();
   |                 ^^^^^^^^^^^^^^^^^^^^^^^^^^^^^^^
   |
   = note: this `Result` may be an `Err` variant, which should be handled
help: use `let _ = ...` to ignore the resulting value
   |
43 |                 let _ = game.refresh_continuous_state();
   |                 +++++++

warning: unused `std::result::Result` that must be used
  --> crates/ironsmith-text/src/compiled_text/render_effects/tests/attack_keyword_progression.rs:70:13
   |
70 |             game.refresh_continuous_state();
   |             ^^^^^^^^^^^^^^^^^^^^^^^^^^^^^^^
   |
   = note: this `Result` may be an `Err` variant, which should be handled
help: use `let _ = ...` to ignore the resulting value
   |
70 |             let _ = game.refresh_continuous_state();
   |             +++++++

warning: unused `std::result::Result` that must be used
  --> crates/ironsmith-text/src/compiled_text/render_effects/tests/attack_keyword_progression.rs:83:13
   |
83 |             game.refresh_continuous_state();
   |             ^^^^^^^^^^^^^^^^^^^^^^^^^^^^^^^
   |
   = note: this `Result` may be an `Err` variant, which should be handled
help: use `let _ = ...` to ignore the resulting value
   |
83 |             let _ = game.refresh_continuous_state();
   |             +++++++

warning: unused `std::result::Result` that must be used
   --> crates/ironsmith-text/src/compiled_text/render_effects/tests/damaged_target_player_or_controller.rs:105:9
    |
105 |         game.refresh_continuous_state();
    |         ^^^^^^^^^^^^^^^^^^^^^^^^^^^^^^^
    |
    = note: this `Result` may be an `Err` variant, which should be handled
help: use `let _ = ...` to ignore the resulting value
    |
105 |         let _ = game.refresh_continuous_state();
    |         +++++++

warning: unused `std::result::Result` that must be used
  --> crates/ironsmith-text/src/compiled_text/render_effects/tests/combat_face_up_or_counter.rs:50:9
   |
50 |         game.refresh_continuous_state();
   |         ^^^^^^^^^^^^^^^^^^^^^^^^^^^^^^^
   |
   = note: this `Result` may be an `Err` variant, which should be handled
help: use `let _ = ...` to ignore the resulting value
   |
50 |         let _ = game.refresh_continuous_state();
   |         +++++++

warning: unused `std::result::Result` that must be used
  --> crates/ironsmith-text/src/compiled_text/render_effects/tests/manifest_dread_counter_bundle.rs:40:5
   |
40 |     game.refresh_continuous_state();
   |     ^^^^^^^^^^^^^^^^^^^^^^^^^^^^^^^
   |
   = note: this `Result` may be an `Err` variant, which should be handled
help: use `let _ = ...` to ignore the resulting value
   |
40 |     let _ = game.refresh_continuous_state();
   |     +++++++

warning: unused `std::result::Result` that must be used
  --> crates/ironsmith-text/src/compiled_text/render_effects/tests/starting_life_anthem.rs:26:13
   |
26 |             game.refresh_continuous_state();
   |             ^^^^^^^^^^^^^^^^^^^^^^^^^^^^^^^
   |
   = note: this `Result` may be an `Err` variant, which should be handled
help: use `let _ = ...` to ignore the resulting value
   |
26 |             let _ = game.refresh_continuous_state();
   |             +++++++

warning: unused `std::result::Result` that must be used
  --> crates/ironsmith-text/src/compiled_text/render_effects/tests/source_pump_keyword_target_debuff.rs:25:9
   |
25 |         game.refresh_continuous_state();
   |         ^^^^^^^^^^^^^^^^^^^^^^^^^^^^^^^
   |
   = note: this `Result` may be an `Err` variant, which should be handled
help: use `let _ = ...` to ignore the resulting value
   |
25 |         let _ = game.refresh_continuous_state();
   |         +++++++

warning: unused `std::result::Result` that must be used
  --> crates/ironsmith-text/src/compiled_text/render_effects/tests/source_pump_keyword_target_debuff.rs:51:9
   |
51 |         game.refresh_continuous_state();
   |         ^^^^^^^^^^^^^^^^^^^^^^^^^^^^^^^
   |
   = note: this `Result` may be an `Err` variant, which should be handled
help: use `let _ = ...` to ignore the resulting value
   |
51 |         let _ = game.refresh_continuous_state();
   |         +++++++

warning: unused `std::result::Result` that must be used
   --> crates/ironsmith-text/src/compiled_text/render_effects/tests/chosen_power_difference.rs:109:5
    |
109 |     game.refresh_continuous_state();
    |     ^^^^^^^^^^^^^^^^^^^^^^^^^^^^^^^
    |
    = note: this `Result` may be an `Err` variant, which should be handled
help: use `let _ = ...` to ignore the resulting value
    |
109 |     let _ = game.refresh_continuous_state();
    |     +++++++

warning: unused `std::result::Result` that must be used
  --> crates/ironsmith-text/src/compiled_text/render_effects/tests/self_subtype_defender.rs:80:9
   |
80 |         game.refresh_continuous_state();
   |         ^^^^^^^^^^^^^^^^^^^^^^^^^^^^^^^
   |
   = note: this `Result` may be an `Err` variant, which should be handled
help: use `let _ = ...` to ignore the resulting value
   |
80 |         let _ = game.refresh_continuous_state();
   |         +++++++

warning: unused `std::result::Result` that must be used
  --> crates/ironsmith-text/src/compiled_text/render_effects/tests/greatest_power_discount.rs:61:13
   |
61 |             game.refresh_continuous_state();
   |             ^^^^^^^^^^^^^^^^^^^^^^^^^^^^^^^
   |
   = note: this `Result` may be an `Err` variant, which should be handled
help: use `let _ = ...` to ignore the resulting value
   |
61 |             let _ = game.refresh_continuous_state();
   |             +++++++

warning: unused `std::result::Result` that must be used
  --> crates/ironsmith-text/src/compiled_text/render_effects/tests/returned_aura_ability.rs:67:13
   |
67 |             game.refresh_continuous_state();
   |             ^^^^^^^^^^^^^^^^^^^^^^^^^^^^^^^
   |
   = note: this `Result` may be an `Err` variant, which should be handled
help: use `let _ = ...` to ignore the resulting value
   |
67 |             let _ = game.refresh_continuous_state();
   |             +++++++

warning: unused `std::result::Result` that must be used
   --> crates/ironsmith-text/src/compiled_text/render_effects/tests/returned_aura_ability.rs:161:17
    |
161 |                 game.refresh_continuous_state();
    |                 ^^^^^^^^^^^^^^^^^^^^^^^^^^^^^^^
    |
    = note: this `Result` may be an `Err` variant, which should be handled
help: use `let _ = ...` to ignore the resulting value
    |
161 |                 let _ = game.refresh_continuous_state();
    |                 +++++++

warning: unused `std::result::Result` that must be used
   --> crates/ironsmith-text/src/compiled_text/render_effects/tests/revealed_land_modifier.rs:118:13
    |
118 |             game.refresh_continuous_state();
    |             ^^^^^^^^^^^^^^^^^^^^^^^^^^^^^^^
    |
    = note: this `Result` may be an `Err` variant, which should be handled
help: use `let _ = ...` to ignore the resulting value
    |
118 |             let _ = game.refresh_continuous_state();
    |             +++++++

warning: unused `std::result::Result` that must be used
  --> crates/ironsmith-text/src/compiled_text/render_effects/tests/source_power_combat_gate.rs:26:9
   |
26 |         game.refresh_continuous_state();
   |         ^^^^^^^^^^^^^^^^^^^^^^^^^^^^^^^
   |
   = note: this `Result` may be an `Err` variant, which should be handled
help: use `let _ = ...` to ignore the resulting value
   |
26 |         let _ = game.refresh_continuous_state();
   |         +++++++

warning: unused `std::result::Result` that must be used
  --> crates/ironsmith-text/src/compiled_text/render_effects/tests/sticker_target_modifier.rs:67:9
   |
67 |         game.refresh_continuous_state();
   |         ^^^^^^^^^^^^^^^^^^^^^^^^^^^^^^^
   |
   = note: this `Result` may be an `Err` variant, which should be handled
help: use `let _ = ...` to ignore the resulting value
   |
67 |         let _ = game.refresh_continuous_state();
   |         +++++++

warning: unused `std::result::Result` that must be used
  --> crates/ironsmith-text/src/compiled_text/render_effects/tests/sticker_target_modifier.rs:83:9
   |
83 |         game.refresh_continuous_state();
   |         ^^^^^^^^^^^^^^^^^^^^^^^^^^^^^^^
   |
   = note: this `Result` may be an `Err` variant, which should be handled
help: use `let _ = ...` to ignore the resulting value
   |
83 |         let _ = game.refresh_continuous_state();
   |         +++++++

warning: unused `std::result::Result` that must be used
   --> crates/ironsmith-text/src/compiled_text/render_effects/tests/sticker_target_modifier.rs:160:9
    |
160 |         game.refresh_continuous_state();
    |         ^^^^^^^^^^^^^^^^^^^^^^^^^^^^^^^
    |
    = note: this `Result` may be an `Err` variant, which should be handled
help: use `let _ = ...` to ignore the resulting value
    |
160 |         let _ = game.refresh_continuous_state();
    |         +++++++

warning: unused `std::result::Result` that must be used
   --> crates/ironsmith-text/src/compiled_text/render_effects/tests/sticker_target_modifier.rs:179:9
    |
179 |         game.refresh_continuous_state();
    |         ^^^^^^^^^^^^^^^^^^^^^^^^^^^^^^^
    |
    = note: this `Result` may be an `Err` variant, which should be handled
help: use `let _ = ...` to ignore the resulting value
    |
179 |         let _ = game.refresh_continuous_state();
    |         +++++++

warning: unused `std::result::Result` that must be used
   --> crates/ironsmith-text/src/compiled_text/render_effects/tests/snow_cast_entry.rs:153:17
    |
153 |                 game.refresh_continuous_state();
    |                 ^^^^^^^^^^^^^^^^^^^^^^^^^^^^^^^
    |
    = note: this `Result` may be an `Err` variant, which should be handled
help: use `let _ = ...` to ignore the resulting value
    |
153 |                 let _ = game.refresh_continuous_state();
    |                 +++++++

warning: unused `std::result::Result` that must be used
   --> crates/ironsmith-text/src/compiled_text/render_effects/tests/snow_cast_entry.rs:160:17
    |
160 |                 game.refresh_continuous_state();
    |                 ^^^^^^^^^^^^^^^^^^^^^^^^^^^^^^^
    |
    = note: this `Result` may be an `Err` variant, which should be handled
help: use `let _ = ...` to ignore the resulting value
    |
160 |                 let _ = game.refresh_continuous_state();
    |                 +++++++

warning: unused `std::result::Result` that must be used
  --> crates/ironsmith-text/src/compiled_text/render_effects/tests/conditional_attacker_bonus.rs:55:9
   |
55 |         game.refresh_continuous_state();
   |         ^^^^^^^^^^^^^^^^^^^^^^^^^^^^^^^
   |
   = note: this `Result` may be an `Err` variant, which should be handled
help: use `let _ = ...` to ignore the resulting value
   |
55 |         let _ = game.refresh_continuous_state();
   |         +++++++

warning: unused `std::result::Result` that must be used
  --> crates/ironsmith-text/src/compiled_text/render_effects/tests/conditional_attacker_bonus.rs:69:9
   |
69 |         game.refresh_continuous_state();
   |         ^^^^^^^^^^^^^^^^^^^^^^^^^^^^^^^
   |
   = note: this `Result` may be an `Err` variant, which should be handled
help: use `let _ = ...` to ignore the resulting value
   |
69 |         let _ = game.refresh_continuous_state();
   |         +++++++

warning: unused `std::result::Result` that must be used
  --> crates/ironsmith-text/src/compiled_text/render_effects/tests/counter_gated_combat_prevention.rs:37:9
   |
37 |         game.refresh_continuous_state();
   |         ^^^^^^^^^^^^^^^^^^^^^^^^^^^^^^^
   |
   = note: this `Result` may be an `Err` variant, which should be handled
help: use `let _ = ...` to ignore the resulting value
   |
37 |         let _ = game.refresh_continuous_state();
   |         +++++++

warning: unused `std::result::Result` that must be used
  --> crates/ironsmith-text/src/compiled_text/render_effects/tests/counter_gated_combat_prevention.rs:98:5
   |
98 |     game.refresh_continuous_state();
   |     ^^^^^^^^^^^^^^^^^^^^^^^^^^^^^^^
   |
   = note: this `Result` may be an `Err` variant, which should be handled
help: use `let _ = ...` to ignore the resulting value
   |
98 |     let _ = game.refresh_continuous_state();
   |     +++++++

warning: unused `std::result::Result` that must be used
  --> crates/ironsmith-text/src/compiled_text/render_effects/tests/milled_card_source_copy.rs:78:13
   |
78 |             game.refresh_continuous_state();
   |             ^^^^^^^^^^^^^^^^^^^^^^^^^^^^^^^
   |
   = note: this `Result` may be an `Err` variant, which should be handled
help: use `let _ = ...` to ignore the resulting value
   |
78 |             let _ = game.refresh_continuous_state();
   |             +++++++

warning: unused `std::result::Result` that must be used
   --> crates/ironsmith-text/src/compiled_text/render_effects/tests/milled_card_source_copy.rs:181:9
    |
181 |         game.refresh_continuous_state();
    |         ^^^^^^^^^^^^^^^^^^^^^^^^^^^^^^^
    |
    = note: this `Result` may be an `Err` variant, which should be handled
help: use `let _ = ...` to ignore the resulting value
    |
181 |         let _ = game.refresh_continuous_state();
    |         +++++++

warning: unused `std::result::Result` that must be used
  --> crates/ironsmith-text/src/compiled_text/render_effects/tests/chosen_type_compound_pump.rs:79:9
   |
79 |         game.refresh_continuous_state();
   |         ^^^^^^^^^^^^^^^^^^^^^^^^^^^^^^^
   |
   = note: this `Result` may be an `Err` variant, which should be handled
help: use `let _ = ...` to ignore the resulting value
   |
79 |         let _ = game.refresh_continuous_state();
   |         +++++++

warning: unused `std::result::Result` that must be used
   --> crates/ironsmith-text/src/compiled_text/render_effects/tests/chosen_type_compound_pump.rs:104:9
    |
104 |         game.refresh_continuous_state();
    |         ^^^^^^^^^^^^^^^^^^^^^^^^^^^^^^^
    |
    = note: this `Result` may be an `Err` variant, which should be handled
help: use `let _ = ...` to ignore the resulting value
    |
104 |         let _ = game.refresh_continuous_state();
    |         +++++++

warning: unused `std::result::Result` that must be used
   --> crates/ironsmith-text/src/compiled_text/render_effects/tests/chosen_type_compound_pump.rs:112:9
    |
112 |         game.refresh_continuous_state();
    |         ^^^^^^^^^^^^^^^^^^^^^^^^^^^^^^^
    |
    = note: this `Result` may be an `Err` variant, which should be handled
help: use `let _ = ...` to ignore the resulting value
    |
112 |         let _ = game.refresh_continuous_state();
    |         +++++++

warning: unused `std::result::Result` that must be used
   --> crates/ironsmith-text/src/compiled_text/render_effects/tests/chosen_type_compound_pump.rs:168:5
    |
168 |     game.refresh_continuous_state();
    |     ^^^^^^^^^^^^^^^^^^^^^^^^^^^^^^^
    |
    = note: this `Result` may be an `Err` variant, which should be handled
help: use `let _ = ...` to ignore the resulting value
    |
168 |     let _ = game.refresh_continuous_state();
    |     +++++++

warning: unused `std::result::Result` that must be used
   --> crates/ironsmith-text/src/compiled_text/render_effects/tests/chosen_type_compound_pump.rs:183:5
    |
183 |     game.refresh_continuous_state();
    |     ^^^^^^^^^^^^^^^^^^^^^^^^^^^^^^^
    |
    = note: this `Result` may be an `Err` variant, which should be handled
help: use `let _ = ...` to ignore the resulting value
    |
183 |     let _ = game.refresh_continuous_state();
    |     +++++++

warning: unused `std::result::Result` that must be used
  --> crates/ironsmith-text/src/compiled_text/render_effects/tests/enchanted_repeat_cast_copy.rs:20:5
   |
20 |     game.refresh_continuous_state();
   |     ^^^^^^^^^^^^^^^^^^^^^^^^^^^^^^^
   |
   = note: this `Result` may be an `Err` variant, which should be handled
help: use `let _ = ...` to ignore the resulting value
   |
20 |     let _ = game.refresh_continuous_state();
   |     +++++++

warning: unused `std::result::Result` that must be used
  --> crates/ironsmith-text/src/compiled_text/render_effects/tests/attached_source_counter_release.rs:58:13
   |
58 |             game.refresh_continuous_state();
   |             ^^^^^^^^^^^^^^^^^^^^^^^^^^^^^^^
   |
   = note: this `Result` may be an `Err` variant, which should be handled
help: use `let _ = ...` to ignore the resulting value
   |
58 |             let _ = game.refresh_continuous_state();
   |             +++++++

warning: unused `std::result::Result` that must be used
   --> crates/ironsmith-text/src/compiled_text/render_effects/tests/attached_source_counter_release.rs:153:13
    |
153 |             game.refresh_continuous_state();
    |             ^^^^^^^^^^^^^^^^^^^^^^^^^^^^^^^
    |
    = note: this `Result` may be an `Err` variant, which should be handled
help: use `let _ = ...` to ignore the resulting value
    |
153 |             let _ = game.refresh_continuous_state();
    |             +++++++

warning: unused `std::result::Result` that must be used
  --> crates/ironsmith-text/src/compiled_text/render_effects/tests/void_self_cost.rs:73:9
   |
73 |         game.refresh_continuous_state();
   |         ^^^^^^^^^^^^^^^^^^^^^^^^^^^^^^^
   |
   = note: this `Result` may be an `Err` variant, which should be handled
help: use `let _ = ...` to ignore the resulting value
   |
73 |         let _ = game.refresh_continuous_state();
   |         +++++++

warning: unused `std::result::Result` that must be used
  --> crates/ironsmith-text/src/compiled_text/render_effects/tests/shared_pump_targets.rs:87:9
   |
87 |         game.refresh_continuous_state();
   |         ^^^^^^^^^^^^^^^^^^^^^^^^^^^^^^^
   |
   = note: this `Result` may be an `Err` variant, which should be handled
help: use `let _ = ...` to ignore the resulting value
   |
87 |         let _ = game.refresh_continuous_state();
   |         +++++++

warning: unused `std::result::Result` that must be used
   --> crates/ironsmith-text/src/compiled_text/render_effects/tests/cohort_offers_and_references.rs:208:9
    |
208 |         game.refresh_continuous_state();
    |         ^^^^^^^^^^^^^^^^^^^^^^^^^^^^^^^
    |
    = note: this `Result` may be an `Err` variant, which should be handled
help: use `let _ = ...` to ignore the resulting value
    |
208 |         let _ = game.refresh_continuous_state();
    |         +++++++

warning: unused `std::result::Result` that must be used
   --> crates/ironsmith-text/src/compiled_text/render_effects/tests/cohort_offers_and_references.rs:218:5
    |
218 |     game.refresh_continuous_state();
    |     ^^^^^^^^^^^^^^^^^^^^^^^^^^^^^^^
    |
    = note: this `Result` may be an `Err` variant, which should be handled
help: use `let _ = ...` to ignore the resulting value
    |
218 |     let _ = game.refresh_continuous_state();
    |     +++++++

warning: unused `std::result::Result` that must be used
   --> crates/ironsmith-text/src/compiled_text/render_effects/tests/cohort_copy_and_target_restrictions.rs:450:9
    |
450 |         game.refresh_continuous_state();
    |         ^^^^^^^^^^^^^^^^^^^^^^^^^^^^^^^
    |
    = note: this `Result` may be an `Err` variant, which should be handled
help: use `let _ = ...` to ignore the resulting value
    |
450 |         let _ = game.refresh_continuous_state();
    |         +++++++

warning: `ironsmith-text` (lib test) generated 89 warnings (1 duplicate)
    Checking ironsmith-artifact-baker v0.1.0 (/Users/chiplis/ironsmith-cf8-int/crates/ironsmith-artifact-baker)
    Checking ironsmith-compiler-lowering v0.1.0 (/Users/chiplis/ironsmith-cf8-int/crates/ironsmith-compiler-lowering)
warning: unreachable pattern
   --> crates/ironsmith-compiler-lowering/src/lowering_impl/lower/damage_and_cost_rewrites.rs:220:17
    |
220 |                 _ => false,
    |                 ^ no value can reach this
    |
note: multiple earlier patterns match some of the same values
   --> crates/ironsmith-compiler-lowering/src/lowering_impl/lower/damage_and_cost_rewrites.rs:220:17
    |
211 |                 AbilityKind::Triggered(triggered) => {
    |                 --------------------------------- matches some of the same values
...
214 |                 AbilityKind::Static(static_ability) => {
    |                 ----------------------------------- matches some of the same values
...
217 |                 AbilityKind::Activated(activated) => {
    |                 --------------------------------- matches some of the same values
...
220 |                 _ => false,
    |                 ^ collectively making this unreachable
    = note: `#[warn(unreachable_patterns)]` on by default
    = note: the full name for the type has been written to '/Users/chiplis/ironsmith-cf8-int/target/debug/deps/ironsmith_compiler_lowering-f811592af4885f56.long-type-7580223818878181081.txt'
    = note: consider using `--verbose` to print the full type name to the console

warning: unreachable pattern
   --> crates/ironsmith-compiler-lowering/src/lowering_impl/lower/damage_and_cost_rewrites.rs:273:17
    |
273 |                 _ => return Vec::new().into_iter(),
    |                 ^ no value can reach this
    |
note: multiple earlier patterns match some of the same values
   --> crates/ironsmith-compiler-lowering/src/lowering_impl/lower/damage_and_cost_rewrites.rs:273:17
    |
257 |                 AbilityKind::Triggered(triggered) => {
    |                 --------------------------------- matches some of the same values
...
260 |                 AbilityKind::Activated(activated) => {
    |                 --------------------------------- matches some of the same values
...
263 |                 AbilityKind::Static(static_ability) => {
    |                 ----------------------------------- matches some of the same values
...
273 |                 _ => return Vec::new().into_iter(),
    |                 ^ collectively making this unreachable
    = note: the full name for the type has been written to '/Users/chiplis/ironsmith-cf8-int/target/debug/deps/ironsmith_compiler_lowering-f811592af4885f56.long-type-7580223818878181081.txt'
    = note: consider using `--verbose` to print the full type name to the console

warning: `ironsmith-compiler-lowering` (lib test) generated 2 warnings
warning: unused `std::result::Result` that must be used
  --> crates/ironsmith-artifact-baker/src/catalog_support_tests.rs:62:5
   |
62 |     game.update_replacement_effects();
   |     ^^^^^^^^^^^^^^^^^^^^^^^^^^^^^^^^^
   |
   = note: this `Result` may be an `Err` variant, which should be handled
   = note: `#[warn(unused_must_use)]` on by default
help: use `let _ = ...` to ignore the resulting value
   |
62 |     let _ = game.update_replacement_effects();
   |     +++++++

warning: unused `std::result::Result` that must be used
  --> crates/ironsmith-artifact-baker/src/catalog_support_tests.rs:95:5
   |
95 |     game.update_replacement_effects();
   |     ^^^^^^^^^^^^^^^^^^^^^^^^^^^^^^^^^
   |
   = note: this `Result` may be an `Err` variant, which should be handled
help: use `let _ = ...` to ignore the resulting value
   |
95 |     let _ = game.update_replacement_effects();
   |     +++++++

warning: unused `std::result::Result` that must be used
    --> crates/ironsmith-artifact-baker/src/catalog_support_tests.rs:1524:9
     |
1524 |         game.update_replacement_effects();
     |         ^^^^^^^^^^^^^^^^^^^^^^^^^^^^^^^^^
     |
     = note: this `Result` may be an `Err` variant, which should be handled
help: use `let _ = ...` to ignore the resulting value
     |
1524 |         let _ = game.update_replacement_effects();
     |         +++++++

warning: `ironsmith-artifact-baker` (bin "bake_card_artifacts" test) generated 3 warnings
warning: unused imports: `render_token_slice`, `split_lexed_sentences`, and `trim_lexed_commas`
  --> crates/ironsmith-compiler/tests/parse_compile.rs:49:15
   |
49 |     lex_line, render_token_slice, split_lexed_sentences, trim_lexed_commas,
   |               ^^^^^^^^^^^^^^^^^^  ^^^^^^^^^^^^^^^^^^^^^  ^^^^^^^^^^^^^^^^^
   |
   = note: `#[warn(unused_imports)]` on by default

warning: unused import: `ironsmith_compiler::parse_context::ParseContext`
  --> crates/ironsmith-compiler/tests/parse_compile.rs:51:5
   |
51 | use ironsmith_compiler::parse_context::ParseContext;
   |     ^^^^^^^^^^^^^^^^^^^^^^^^^^^^^^^^^^^^^^^^^^^^^^^

warning: unused import: `ironsmith_compiler::semantic_line_parsing::*`
  --> crates/ironsmith-compiler/tests/parse_compile.rs:52:5
   |
52 | use ironsmith_compiler::semantic_line_parsing::*;
   |     ^^^^^^^^^^^^^^^^^^^^^^^^^^^^^^^^^^^^^^^^^^^^

warning: unused import: `ironsmith_compiler::lowering_support::*`
  --> crates/ironsmith-compiler/tests/parse_compile.rs:58:5
   |
58 | use ironsmith_compiler::lowering_support::*;
   |     ^^^^^^^^^^^^^^^^^^^^^^^^^^^^^^^^^^^^^^^

warning: unused import: `CardTextError`
  --> crates/ironsmith-compiler/tests/parse_compile.rs:62:57
   |
62 | use ironsmith_compiler::{CardDefinitionBuilder, CardId, CardTextError, TagKey};
   |                                                         ^^^^^^^^^^^^^

warning: `ironsmith-compiler` (test "parse_compile") generated 5 warnings (run `cargo fix --test "parse_compile"` to apply 5 suggestions)
warning: unused `Result` that must be used
  --> crates/ironsmith-engine/tests/mechanics_audit_20260927_triggers.rs:37:5
   |
37 |     g.refresh_continuous_state();
   |     ^^^^^^^^^^^^^^^^^^^^^^^^^^^^
   |
   = note: this `Result` may be an `Err` variant, which should be handled
   = note: `#[warn(unused_must_use)]` on by default
help: use `let _ = ...` to ignore the resulting value
   |
37 |     let _ = g.refresh_continuous_state();
   |     +++++++

warning: unused `Result` that must be used
   --> crates/ironsmith-engine/tests/mechanics_audit_20260927_triggers.rs:254:13
    |
254 |             g.refresh_continuous_state();
    |             ^^^^^^^^^^^^^^^^^^^^^^^^^^^^
    |
    = note: this `Result` may be an `Err` variant, which should be handled
help: use `let _ = ...` to ignore the resulting value
    |
254 |             let _ = g.refresh_continuous_state();
    |             +++++++

warning: unused `Result` that must be used
   --> crates/ironsmith-engine/tests/mechanics_audit_20260927_triggers.rs:297:9
    |
297 |         g.refresh_continuous_state();
    |         ^^^^^^^^^^^^^^^^^^^^^^^^^^^^
    |
    = note: this `Result` may be an `Err` variant, which should be handled
help: use `let _ = ...` to ignore the resulting value
    |
297 |         let _ = g.refresh_continuous_state();
    |         +++++++

warning: unused `Result` that must be used
   --> crates/ironsmith-engine/tests/mechanics_audit_20260927_triggers.rs:308:9
    |
308 |         g.refresh_continuous_state();
    |         ^^^^^^^^^^^^^^^^^^^^^^^^^^^^
    |
    = note: this `Result` may be an `Err` variant, which should be handled
help: use `let _ = ...` to ignore the resulting value
    |
308 |         let _ = g.refresh_continuous_state();
    |         +++++++

warning: unused `Result` that must be used
   --> crates/ironsmith-engine/tests/mechanics_audit_20260927_triggers.rs:311:9
    |
311 |         g.refresh_continuous_state();
    |         ^^^^^^^^^^^^^^^^^^^^^^^^^^^^
    |
    = note: this `Result` may be an `Err` variant, which should be handled
help: use `let _ = ...` to ignore the resulting value
    |
311 |         let _ = g.refresh_continuous_state();
    |         +++++++

warning: `ironsmith-engine` (test "mechanics_audit_20260927_triggers") generated 5 warnings
warning: unused import: `Subtype`
  --> crates/ironsmith-engine/src/effect.rs:35:30
   |
35 | use crate::types::{CardType, Subtype};
   |                              ^^^^^^^

warning: unused import: `crate::events::CardRevealedEvent`
  --> crates/ironsmith-engine/src/effects/cards/draw_cards.rs:10:5
   |
10 | use crate::events::CardRevealedEvent;
   |     ^^^^^^^^^^^^^^^^^^^^^^^^^^^^^^^^

warning: unused import: `CostExecutableEffect`
    --> crates/ironsmith-engine/src/effects/cards/draw_cards.rs:1963:26
     |
1963 |     use crate::effects::{CostExecutableEffect, CostValidationError, SequenceEffect, execute_effect};
     |                          ^^^^^^^^^^^^^^^^^^^^

warning: unused import: `crate::decisions::context::ViewCardsContext`
 --> crates/ironsmith-engine/src/effects/cards/look_at_hand.rs:4:5
  |
4 | use crate::decisions::context::ViewCardsContext;
  |     ^^^^^^^^^^^^^^^^^^^^^^^^^^^^^^^^^^^^^^^^^^^

warning: unused import: `crate::effects::execute_effect`
 --> crates/ironsmith-engine/src/effects/composition/may.rs:6:5
  |
6 | use crate::effects::execute_effect;
  |     ^^^^^^^^^^^^^^^^^^^^^^^^^^^^^^

warning: unused import: `crate::events::ControlChangedEvent`
   --> crates/ironsmith-engine/src/effects/control/gain_control.rs:111:9
    |
111 |     use crate::events::ControlChangedEvent;
    |         ^^^^^^^^^^^^^^^^^^^^^^^^^^^^^^^^^^

warning: unused import: `super::*`
    --> crates/ironsmith-engine/src/effects/counters/remove_counters.rs:1446:9
     |
1446 |     use super::*;
     |         ^^^^^^^^

warning: unused import: `crate::effect::Effect`
 --> crates/ironsmith-engine/src/effects/damage/heal_damage.rs:4:5
  |
4 | use crate::effect::Effect;
  |     ^^^^^^^^^^^^^^^^^^^^^

warning: unused import: `EventContext`
  --> crates/ironsmith-engine/src/effects/life/replacement_choice_tests.rs:10:21
   |
10 | use crate::events::{EventContext, GameEventType, ReplacementMatcher};
   |                     ^^^^^^^^^^^^

warning: unused import: `crate::effects::EffectExecutor`
   --> crates/ironsmith-engine/src/effects/mana/mana_loss.rs:481:9
    |
481 |     use crate::effects::EffectExecutor;
    |         ^^^^^^^^^^^^^^^^^^^^^^^^^^^^^^

warning: unused import: `std::collections::HashSet`
   --> crates/ironsmith-engine/src/effects/player/grant_play_tagged.rs:636:9
    |
636 |     use std::collections::HashSet;
    |         ^^^^^^^^^^^^^^^^^^^^^^^^^

warning: unused import: `PlayerFilter`
    --> crates/ironsmith-engine/src/effects/tokens/create_token.rs:1975:39
     |
1975 |     use crate::target::{ObjectFilter, PlayerFilter};
     |                                       ^^^^^^^^^^^^

warning: unused import: `crate::filter::ObjectFilterExt as _`
 --> crates/ironsmith-engine/src/effects/zones/movement_prepared_boundary_tests.rs:7:5
  |
7 | use crate::filter::ObjectFilterExt as _;
  |     ^^^^^^^^^^^^^^^^^^^^^^^^^^^^^^^^^^^

warning: unused import: `crate::filter::ObjectFilterExt as _`
   --> crates/ironsmith-engine/src/effects/zones/put_onto_battlefield.rs:581:9
    |
581 |     use crate::filter::ObjectFilterExt as _;
    |         ^^^^^^^^^^^^^^^^^^^^^^^^^^^^^^^^^^^

warning: unused import: `ObjectId`
   --> crates/ironsmith-engine/src/effects/zones/zone_entry_carrier_tests.rs:180:30
    |
180 |     use crate::ids::{CardId, ObjectId, PlayerId};
    |                              ^^^^^^^^

warning: unused import: `super::*`
    --> crates/ironsmith-engine/src/events/processing/application.rs:2309:9
     |
2309 |     use super::*;
     |         ^^^^^^^^

warning: unused import: `std::collections::hash_map::DefaultHasher`
    --> crates/ironsmith-engine/src/mana_payment/planner.rs:4447:9
     |
4447 |     use std::collections::hash_map::DefaultHasher;
     |         ^^^^^^^^^^^^^^^^^^^^^^^^^^^^^^^^^^^^^^^^^

warning: unused imports: `pay_mana_interactively_in_context` and `pay_mana_interactively`
  --> crates/ironsmith-engine/src/mana_payment/mod.rs:48:35
   |
48 |     activate_mana_during_payment, pay_mana_interactively, pay_mana_interactively_in_context,
   |                                   ^^^^^^^^^^^^^^^^^^^^^^  ^^^^^^^^^^^^^^^^^^^^^^^^^^^^^^^^^

warning: unused import: `PreventionEffectManager`
 --> crates/ironsmith-engine/src/turn_runner_combat_prevention_tests.rs:4:5
  |
4 |     PreventionEffectManager, PreventionShield, PreventionShieldId, PreventionTarget,
  |     ^^^^^^^^^^^^^^^^^^^^^^^

warning: unused import: `ObjectFilterExt`
    --> crates/ironsmith-engine/src/condition_eval.rs:6469:54
     |
6469 |     use crate::filter::{FilterContext, ObjectFilter, ObjectFilterExt as _};
     |                                                      ^^^^^^^^^^^^^^^

warning: unreachable pattern
   --> crates/ironsmith-engine/src/source_numbers.rs:130:9
    |
130 |         _ => false,
    |         ^ no value can reach this
    |
note: multiple earlier patterns match some of the same values
   --> crates/ironsmith-engine/src/source_numbers.rs:130:9
    |
122 |         AbilityKind::Static(ability) => ability.canonical_model().as_ref().is_some_and(static_requires),
    |         ---------------------------- matches some of the same values
123 |         AbilityKind::Triggered(ability) => program_chooses_source_number(&ability.effects)
    |         ------------------------------- matches some of the same values
...
129 |         AbilityKind::Activated(ability) => program_chooses_source_number(&ability.effects),
    |         ------------------------------- matches some of the same values
130 |         _ => false,
    |         ^ collectively making this unreachable
    = note: `#[warn(unreachable_patterns)]` on by default
    = note: the full name for the type has been written to '/Users/chiplis/ironsmith-cf8-int/target/debug/deps/ironsmith-0974629897863202.long-type-11934469184429534705.txt'
    = note: consider using `--verbose` to print the full type name to the console

warning: unreachable pattern
   --> crates/ironsmith-engine/src/source_numbers.rs:138:9
    |
138 |         _=>None,
    |         ^ no value can reach this
    |
note: multiple earlier patterns match some of the same values
   --> crates/ironsmith-engine/src/source_numbers.rs:138:9
    |
135 |         AbilityKind::Triggered(ability)=>ability.effects.source_number_pair,
    |         ------------------------------- matches some of the same values
136 |         AbilityKind::Activated(ability)=>ability.effects.source_number_pair,
    |         ------------------------------- matches some of the same values
137 |         AbilityKind::Static(ability)=>static_pair(ability),
    |         ---------------------------- matches some of the same values
138 |         _=>None,
    |         ^ collectively making this unreachable
    = note: the full name for the type has been written to '/Users/chiplis/ironsmith-cf8-int/target/debug/deps/ironsmith-0974629897863202.long-type-11934469184429534705.txt'
    = note: consider using `--verbose` to print the full type name to the console

warning: unused variable: `outcome`
   --> crates/ironsmith-engine/src/effects/composition/unless_action.rs:999:13
    |
999 |         let outcome = effect
    |             ^^^^^^^ help: if this is intentional, prefix it with an underscore: `_outcome`

warning: unused variable: `outcome`
    --> crates/ironsmith-engine/src/effects/composition/unless_action.rs:1162:17
     |
1162 |             let outcome =
     |                 ^^^^^^^ help: if this is intentional, prefix it with an underscore: `_outcome`

warning: taking a mutable reference to a `const` item
    --> crates/ironsmith-engine/src/mana_payment/planner.rs:5766:48
     |
5766 |         let candidates = search.step(&request, &mut usize::MAX).unwrap().unwrap();
     |                                                ^^^^^^^^^^^^^^^
     |
     = note: each usage of a `const` item creates a new temporary
     = note: the mutable reference will refer to this temporary, not the original `const` item
note: `const` item defined here
    --> /Users/chiplis/.rustup/toolchains/stable-aarch64-apple-darwin/lib/rustlib/src/rust/library/core/src/num/mod.rs:1248:5
     |
1248 | /     uint_impl! {
1249 | |         Self = usize,
1250 | |         ActualT = u64,
1251 | |         SignedT = isize,
...    |
1265 | |         bound_condition = " on 64-bit targets",
1266 | |     }
     | |_____^
     = note: `#[warn(const_item_mutation)]` on by default
     = note: this warning originates in the macro `uint_impl` (in Nightly builds, run with -Z macro-backtrace for more info)

warning: taking a mutable reference to a `const` item
    --> crates/ironsmith-engine/src/mana_payment/planner.rs:5829:48
     |
5829 |         let candidates = search.step(&request, &mut usize::MAX).unwrap().unwrap();
     |                                                ^^^^^^^^^^^^^^^
     |
     = note: each usage of a `const` item creates a new temporary
     = note: the mutable reference will refer to this temporary, not the original `const` item
note: `const` item defined here
    --> /Users/chiplis/.rustup/toolchains/stable-aarch64-apple-darwin/lib/rustlib/src/rust/library/core/src/num/mod.rs:1248:5
     |
1248 | /     uint_impl! {
1249 | |         Self = usize,
1250 | |         ActualT = u64,
1251 | |         SignedT = isize,
...    |
1265 | |         bound_condition = " on 64-bit targets",
1266 | |     }
     | |_____^
     = note: this warning originates in the macro `uint_impl` (in Nightly builds, run with -Z macro-backtrace for more info)

warning: unused `Result` that must be used
    --> crates/ironsmith-engine/src/combat_state.rs:2344:9
     |
2344 |         game.refresh_continuous_state();
     |         ^^^^^^^^^^^^^^^^^^^^^^^^^^^^^^^
     |
     = note: this `Result` may be an `Err` variant, which should be handled
     = note: `#[warn(unused_must_use)]` on by default
help: use `let _ = ...` to ignore the resulting value
     |
2344 |         let _ = game.refresh_continuous_state();
     |         +++++++

warning: unused `Result` that must be used
    --> crates/ironsmith-engine/src/combat_state.rs:2408:9
     |
2408 |         game.refresh_continuous_state();
     |         ^^^^^^^^^^^^^^^^^^^^^^^^^^^^^^^
     |
     = note: this `Result` may be an `Err` variant, which should be handled
help: use `let _ = ...` to ignore the resulting value
     |
2408 |         let _ = game.refresh_continuous_state();
     |         +++++++

warning: unused `Result` that must be used
    --> crates/ironsmith-engine/src/combat_state.rs:2451:9
     |
2451 |         game.refresh_continuous_state();
     |         ^^^^^^^^^^^^^^^^^^^^^^^^^^^^^^^
     |
     = note: this `Result` may be an `Err` variant, which should be handled
help: use `let _ = ...` to ignore the resulting value
     |
2451 |         let _ = game.refresh_continuous_state();
     |         +++++++

warning: unused `Result` that must be used
    --> crates/ironsmith-engine/src/combat_state.rs:2913:9
     |
2913 |         game.refresh_continuous_state();
     |         ^^^^^^^^^^^^^^^^^^^^^^^^^^^^^^^
     |
     = note: this `Result` may be an `Err` variant, which should be handled
help: use `let _ = ...` to ignore the resulting value
     |
2913 |         let _ = game.refresh_continuous_state();
     |         +++++++

warning: unused `Result` that must be used
    --> crates/ironsmith-engine/src/decision/mana.rs:1690:13
     |
1690 |             hypothetical.refresh_continuous_state();
     |             ^^^^^^^^^^^^^^^^^^^^^^^^^^^^^^^^^^^^^^^
     |
     = note: this `Result` may be an `Err` variant, which should be handled
help: use `let _ = ...` to ignore the resulting value
     |
1690 |             let _ = hypothetical.refresh_continuous_state();
     |             +++++++

warning: unused `Result` that must be used
   --> crates/ironsmith-engine/src/decision/mana/analysis_probe.rs:210:5
    |
210 |     game.refresh_continuous_state();
    |     ^^^^^^^^^^^^^^^^^^^^^^^^^^^^^^^
    |
    = note: this `Result` may be an `Err` variant, which should be handled
help: use `let _ = ...` to ignore the resulting value
    |
210 |     let _ = game.refresh_continuous_state();
    |     +++++++

warning: unused `Result` that must be used
   --> crates/ironsmith-engine/src/decision/mana/analysis_probe.rs:455:5
    |
455 |     game.refresh_continuous_state();
    |     ^^^^^^^^^^^^^^^^^^^^^^^^^^^^^^^
    |
    = note: this `Result` may be an `Err` variant, which should be handled
help: use `let _ = ...` to ignore the resulting value
    |
455 |     let _ = game.refresh_continuous_state();
    |     +++++++

warning: unused `Result` that must be used
   --> crates/ironsmith-engine/src/decision/mana/analysis_probe.rs:638:5
    |
638 |     game.refresh_continuous_state();
    |     ^^^^^^^^^^^^^^^^^^^^^^^^^^^^^^^
    |
    = note: this `Result` may be an `Err` variant, which should be handled
help: use `let _ = ...` to ignore the resulting value
    |
638 |     let _ = game.refresh_continuous_state();
    |     +++++++

warning: unused `Result` that must be used
   --> crates/ironsmith-engine/src/decision/mana/tests.rs:190:5
    |
190 |     game.refresh_continuous_state();
    |     ^^^^^^^^^^^^^^^^^^^^^^^^^^^^^^^
    |
    = note: this `Result` may be an `Err` variant, which should be handled
help: use `let _ = ...` to ignore the resulting value
    |
190 |     let _ = game.refresh_continuous_state();
    |     +++++++

warning: unused `Result` that must be used
   --> crates/ironsmith-engine/src/decision/mana/tests.rs:246:5
    |
246 |     game.refresh_continuous_state();
    |     ^^^^^^^^^^^^^^^^^^^^^^^^^^^^^^^
    |
    = note: this `Result` may be an `Err` variant, which should be handled
help: use `let _ = ...` to ignore the resulting value
    |
246 |     let _ = game.refresh_continuous_state();
    |     +++++++

warning: unused `Result` that must be used
   --> crates/ironsmith-engine/src/decision/mana/tests.rs:679:9
    |
679 |         game.refresh_continuous_state();
    |         ^^^^^^^^^^^^^^^^^^^^^^^^^^^^^^^
    |
    = note: this `Result` may be an `Err` variant, which should be handled
help: use `let _ = ...` to ignore the resulting value
    |
679 |         let _ = game.refresh_continuous_state();
    |         +++++++

warning: unused `Result` that must be used
   --> crates/ironsmith-engine/src/decision/tests/costs.rs:779:5
    |
779 |     game.refresh_continuous_state();
    |     ^^^^^^^^^^^^^^^^^^^^^^^^^^^^^^^
    |
    = note: this `Result` may be an `Err` variant, which should be handled
help: use `let _ = ...` to ignore the resulting value
    |
779 |     let _ = game.refresh_continuous_state();
    |     +++++++

warning: unused `Result` that must be used
   --> crates/ironsmith-engine/src/decision/tests/costs.rs:818:5
    |
818 |     game.refresh_continuous_state();
    |     ^^^^^^^^^^^^^^^^^^^^^^^^^^^^^^^
    |
    = note: this `Result` may be an `Err` variant, which should be handled
help: use `let _ = ...` to ignore the resulting value
    |
818 |     let _ = game.refresh_continuous_state();
    |     +++++++

warning: unused `Result` that must be used
   --> crates/ironsmith-engine/src/decision/tests/costs.rs:899:5
    |
899 |     game.refresh_continuous_state();
    |     ^^^^^^^^^^^^^^^^^^^^^^^^^^^^^^^
    |
    = note: this `Result` may be an `Err` variant, which should be handled
help: use `let _ = ...` to ignore the resulting value
    |
899 |     let _ = game.refresh_continuous_state();
    |     +++++++

warning: unused `Result` that must be used
   --> crates/ironsmith-engine/src/decision/tests/costs.rs:916:5
    |
916 |     game.refresh_continuous_state();
    |     ^^^^^^^^^^^^^^^^^^^^^^^^^^^^^^^
    |
    = note: this `Result` may be an `Err` variant, which should be handled
help: use `let _ = ...` to ignore the resulting value
    |
916 |     let _ = game.refresh_continuous_state();
    |     +++++++

warning: unused `Result` that must be used
   --> crates/ironsmith-engine/src/decision/tests/costs.rs:947:5
    |
947 |     game.refresh_continuous_state();
    |     ^^^^^^^^^^^^^^^^^^^^^^^^^^^^^^^
    |
    = note: this `Result` may be an `Err` variant, which should be handled
help: use `let _ = ...` to ignore the resulting value
    |
947 |     let _ = game.refresh_continuous_state();
    |     +++++++

warning: unused `Result` that must be used
   --> crates/ironsmith-engine/src/decision/tests/costs.rs:961:5
    |
961 |     game.refresh_continuous_state();
    |     ^^^^^^^^^^^^^^^^^^^^^^^^^^^^^^^
    |
    = note: this `Result` may be an `Err` variant, which should be handled
help: use `let _ = ...` to ignore the resulting value
    |
961 |     let _ = game.refresh_continuous_state();
    |     +++++++

warning: unused `Result` that must be used
   --> crates/ironsmith-engine/src/effects/composition/mana_retained.rs:101:9
    |
101 |         game.empty_mana_pools();
    |         ^^^^^^^^^^^^^^^^^^^^^^^
    |
    = note: this `Result` may be an `Err` variant, which should be handled
help: use `let _ = ...` to ignore the resulting value
    |
101 |         let _ = game.empty_mana_pools();
    |         +++++++

warning: unused `Result` that must be used
   --> crates/ironsmith-engine/src/effects/composition/mana_retained.rs:109:9
    |
109 |         game.empty_mana_pools();
    |         ^^^^^^^^^^^^^^^^^^^^^^^
    |
    = note: this `Result` may be an `Err` variant, which should be handled
help: use `let _ = ...` to ignore the resulting value
    |
109 |         let _ = game.empty_mana_pools();
    |         +++++++

warning: unused `Result` that must be used
   --> crates/ironsmith-engine/src/effects/composition/mana_retained.rs:113:9
    |
113 |         game.empty_mana_pools();
    |         ^^^^^^^^^^^^^^^^^^^^^^^
    |
    = note: this `Result` may be an `Err` variant, which should be handled
help: use `let _ = ...` to ignore the resulting value
    |
113 |         let _ = game.empty_mana_pools();
    |         +++++++

warning: unused `Result` that must be used
   --> crates/ironsmith-engine/src/effects/composition/mana_retained.rs:135:9
    |
135 |         game.empty_mana_pools();
    |         ^^^^^^^^^^^^^^^^^^^^^^^
    |
    = note: this `Result` may be an `Err` variant, which should be handled
help: use `let _ = ...` to ignore the resulting value
    |
135 |         let _ = game.empty_mana_pools();
    |         +++++++

warning: unused `Result` that must be used
   --> crates/ironsmith-engine/src/effects/composition/mana_retained.rs:140:9
    |
140 |         game.empty_mana_pools();
    |         ^^^^^^^^^^^^^^^^^^^^^^^
    |
    = note: this `Result` may be an `Err` variant, which should be handled
help: use `let _ = ...` to ignore the resulting value
    |
140 |         let _ = game.empty_mana_pools();
    |         +++++++

warning: unused `Result` that must be used
   --> crates/ironsmith-engine/src/effects/composition/mana_retained.rs:143:9
    |
143 |         game.empty_mana_pools();
    |         ^^^^^^^^^^^^^^^^^^^^^^^
    |
    = note: this `Result` may be an `Err` variant, which should be handled
help: use `let _ = ...` to ignore the resulting value
    |
143 |         let _ = game.empty_mana_pools();
    |         +++++++

warning: unused `Result` that must be used
    --> crates/ironsmith-engine/src/effects/permanents/meld.rs:1494:13
     |
1494 |             game.refresh_continuous_state();
     |             ^^^^^^^^^^^^^^^^^^^^^^^^^^^^^^^
     |
     = note: this `Result` may be an `Err` variant, which should be handled
help: use `let _ = ...` to ignore the resulting value
     |
1494 |             let _ = game.refresh_continuous_state();
     |             +++++++

warning: unused `Result` that must be used
    --> crates/ironsmith-engine/src/effects/permanents/meld.rs:1503:13
     |
1503 |             game.refresh_continuous_state();
     |             ^^^^^^^^^^^^^^^^^^^^^^^^^^^^^^^
     |
     = note: this `Result` may be an `Err` variant, which should be handled
help: use `let _ = ...` to ignore the resulting value
     |
1503 |             let _ = game.refresh_continuous_state();
     |             +++++++

warning: unused `Result` that must be used
  --> crates/ironsmith-engine/src/effects/player/ascend.rs:81:9
   |
81 |         game.refresh_continuous_state();
   |         ^^^^^^^^^^^^^^^^^^^^^^^^^^^^^^^
   |
   = note: this `Result` may be an `Err` variant, which should be handled
help: use `let _ = ...` to ignore the resulting value
   |
81 |         let _ = game.refresh_continuous_state();
   |         +++++++

warning: unused `Result` that must be used
   --> crates/ironsmith-engine/src/effects/player/cascade.rs:421:9
    |
421 |         game.refresh_continuous_state();
    |         ^^^^^^^^^^^^^^^^^^^^^^^^^^^^^^^
    |
    = note: this `Result` may be an `Err` variant, which should be handled
help: use `let _ = ...` to ignore the resulting value
    |
421 |         let _ = game.refresh_continuous_state();
    |         +++++++

warning: unused `Result` that must be used
   --> crates/ironsmith-engine/src/effects/player/player_counter_choice_tests.rs:118:5
    |
118 |     game.update_replacement_effects();
    |     ^^^^^^^^^^^^^^^^^^^^^^^^^^^^^^^^^
    |
    = note: this `Result` may be an `Err` variant, which should be handled
help: use `let _ = ...` to ignore the resulting value
    |
118 |     let _ = game.update_replacement_effects();
    |     +++++++

warning: unused `Result` that must be used
   --> crates/ironsmith-engine/src/effects/player/ring_tempts_you.rs:153:9
    |
153 |         game.refresh_continuous_state();
    |         ^^^^^^^^^^^^^^^^^^^^^^^^^^^^^^^
    |
    = note: this `Result` may be an `Err` variant, which should be handled
help: use `let _ = ...` to ignore the resulting value
    |
153 |         let _ = game.refresh_continuous_state();
    |         +++++++

warning: unused `Result` that must be used
   --> crates/ironsmith-engine/src/effects/stack/counter.rs:857:9
    |
857 |         game.update_replacement_effects();
    |         ^^^^^^^^^^^^^^^^^^^^^^^^^^^^^^^^^
    |
    = note: this `Result` may be an `Err` variant, which should be handled
help: use `let _ = ...` to ignore the resulting value
    |
857 |         let _ = game.update_replacement_effects();
    |         +++++++

warning: unused `Result` that must be used
    --> crates/ironsmith-engine/src/effects/tokens/create_token.rs:1183:9
     |
1183 |         game.refresh_continuous_state();
     |         ^^^^^^^^^^^^^^^^^^^^^^^^^^^^^^^
     |
     = note: this `Result` may be an `Err` variant, which should be handled
help: use `let _ = ...` to ignore the resulting value
     |
1183 |         let _ = game.refresh_continuous_state();
     |         +++++++

warning: unused `Result` that must be used
    --> crates/ironsmith-engine/src/effects/tokens/create_token.rs:1189:9
     |
1189 |         game.refresh_continuous_state();
     |         ^^^^^^^^^^^^^^^^^^^^^^^^^^^^^^^
     |
     = note: this `Result` may be an `Err` variant, which should be handled
help: use `let _ = ...` to ignore the resulting value
     |
1189 |         let _ = game.refresh_continuous_state();
     |         +++++++

warning: unused `Result` that must be used
    --> crates/ironsmith-engine/src/effects/tokens/create_token.rs:1198:9
     |
1198 |         game.refresh_continuous_state();
     |         ^^^^^^^^^^^^^^^^^^^^^^^^^^^^^^^
     |
     = note: this `Result` may be an `Err` variant, which should be handled
help: use `let _ = ...` to ignore the resulting value
     |
1198 |         let _ = game.refresh_continuous_state();
     |         +++++++

warning: unused `Result` that must be used
    --> crates/ironsmith-engine/src/effects/tokens/create_token.rs:1272:9
     |
1272 |         game.refresh_continuous_state();
     |         ^^^^^^^^^^^^^^^^^^^^^^^^^^^^^^^
     |
     = note: this `Result` may be an `Err` variant, which should be handled
help: use `let _ = ...` to ignore the resulting value
     |
1272 |         let _ = game.refresh_continuous_state();
     |         +++++++

warning: unused `Result` that must be used
    --> crates/ironsmith-engine/src/effects/tokens/create_token.rs:1280:9
     |
1280 |         game.refresh_continuous_state();
     |         ^^^^^^^^^^^^^^^^^^^^^^^^^^^^^^^
     |
     = note: this `Result` may be an `Err` variant, which should be handled
help: use `let _ = ...` to ignore the resulting value
     |
1280 |         let _ = game.refresh_continuous_state();
     |         +++++++

warning: unused `Result` that must be used
    --> crates/ironsmith-engine/src/effects/tokens/create_token.rs:1322:9
     |
1322 |         game.refresh_continuous_state();
     |         ^^^^^^^^^^^^^^^^^^^^^^^^^^^^^^^
     |
     = note: this `Result` may be an `Err` variant, which should be handled
help: use `let _ = ...` to ignore the resulting value
     |
1322 |         let _ = game.refresh_continuous_state();
     |         +++++++

warning: unused `Result` that must be used
    --> crates/ironsmith-engine/src/effects/tokens/create_token.rs:1355:9
     |
1355 |         game.refresh_continuous_state();
     |         ^^^^^^^^^^^^^^^^^^^^^^^^^^^^^^^
     |
     = note: this `Result` may be an `Err` variant, which should be handled
help: use `let _ = ...` to ignore the resulting value
     |
1355 |         let _ = game.refresh_continuous_state();
     |         +++++++

warning: unused `Result` that must be used
    --> crates/ironsmith-engine/src/effects/tokens/create_token.rs:1377:9
     |
1377 |         game.refresh_continuous_state();
     |         ^^^^^^^^^^^^^^^^^^^^^^^^^^^^^^^
     |
     = note: this `Result` may be an `Err` variant, which should be handled
help: use `let _ = ...` to ignore the resulting value
     |
1377 |         let _ = game.refresh_continuous_state();
     |         +++++++

warning: unused `Result` that must be used
    --> crates/ironsmith-engine/src/effects/tokens/create_token.rs:1420:9
     |
1420 |         game.refresh_continuous_state();
     |         ^^^^^^^^^^^^^^^^^^^^^^^^^^^^^^^
     |
     = note: this `Result` may be an `Err` variant, which should be handled
help: use `let _ = ...` to ignore the resulting value
     |
1420 |         let _ = game.refresh_continuous_state();
     |         +++++++

warning: unused `Result` that must be used
    --> crates/ironsmith-engine/src/effects/tokens/create_token.rs:1441:9
     |
1441 |         game.refresh_continuous_state();
     |         ^^^^^^^^^^^^^^^^^^^^^^^^^^^^^^^
     |
     = note: this `Result` may be an `Err` variant, which should be handled
help: use `let _ = ...` to ignore the resulting value
     |
1441 |         let _ = game.refresh_continuous_state();
     |         +++++++

warning: unused `Result` that must be used
    --> crates/ironsmith-engine/src/effects/tokens/create_token_copy.rs:1029:9
     |
1029 |         game.refresh_continuous_state();
     |         ^^^^^^^^^^^^^^^^^^^^^^^^^^^^^^^
     |
     = note: this `Result` may be an `Err` variant, which should be handled
help: use `let _ = ...` to ignore the resulting value
     |
1029 |         let _ = game.refresh_continuous_state();
     |         +++++++

warning: unused `Result` that must be used
    --> crates/ironsmith-engine/src/effects/tokens/create_token_copy.rs:1275:9
     |
1275 |         game.refresh_continuous_state();
     |         ^^^^^^^^^^^^^^^^^^^^^^^^^^^^^^^
     |
     = note: this `Result` may be an `Err` variant, which should be handled
help: use `let _ = ...` to ignore the resulting value
     |
1275 |         let _ = game.refresh_continuous_state();
     |         +++++++

warning: unused `Result` that must be used
    --> crates/ironsmith-engine/src/effects/tokens/create_token_copy.rs:1306:9
     |
1306 |         game.refresh_continuous_state();
     |         ^^^^^^^^^^^^^^^^^^^^^^^^^^^^^^^
     |
     = note: this `Result` may be an `Err` variant, which should be handled
help: use `let _ = ...` to ignore the resulting value
     |
1306 |         let _ = game.refresh_continuous_state();
     |         +++++++

warning: unused `Result` that must be used
    --> crates/ironsmith-engine/src/effects/tokens/create_token_copy.rs:1357:9
     |
1357 |         game.refresh_continuous_state();
     |         ^^^^^^^^^^^^^^^^^^^^^^^^^^^^^^^
     |
     = note: this `Result` may be an `Err` variant, which should be handled
help: use `let _ = ...` to ignore the resulting value
     |
1357 |         let _ = game.refresh_continuous_state();
     |         +++++++

warning: unused `Result` that must be used
    --> crates/ironsmith-engine/src/effects/tokens/create_token_copy.rs:1389:9
     |
1389 |         game.refresh_continuous_state();
     |         ^^^^^^^^^^^^^^^^^^^^^^^^^^^^^^^
     |
     = note: this `Result` may be an `Err` variant, which should be handled
help: use `let _ = ...` to ignore the resulting value
     |
1389 |         let _ = game.refresh_continuous_state();
     |         +++++++

warning: unused `Result` that must be used
   --> crates/ironsmith-engine/src/effects/zones/destroy.rs:615:9
    |
615 |         game.update_replacement_effects();
    |         ^^^^^^^^^^^^^^^^^^^^^^^^^^^^^^^^^
    |
    = note: this `Result` may be an `Err` variant, which should be handled
help: use `let _ = ...` to ignore the resulting value
    |
615 |         let _ = game.update_replacement_effects();
    |         +++++++

warning: unused `Result` that must be used
   --> crates/ironsmith-engine/src/effects/zones/destroy.rs:661:9
    |
661 |         game.update_replacement_effects();
    |         ^^^^^^^^^^^^^^^^^^^^^^^^^^^^^^^^^
    |
    = note: this `Result` may be an `Err` variant, which should be handled
help: use `let _ = ...` to ignore the resulting value
    |
661 |         let _ = game.update_replacement_effects();
    |         +++++++

warning: unused `Result` that must be used
   --> crates/ironsmith-engine/src/effects/zones/destroy.rs:696:9
    |
696 |         game.update_replacement_effects();
    |         ^^^^^^^^^^^^^^^^^^^^^^^^^^^^^^^^^
    |
    = note: this `Result` may be an `Err` variant, which should be handled
help: use `let _ = ...` to ignore the resulting value
    |
696 |         let _ = game.update_replacement_effects();
    |         +++++++

warning: unused `Result` that must be used
     --> crates/ironsmith-engine/src/events/processing/mod.rs:12308:9
      |
12308 |         game.refresh_continuous_state();
      |         ^^^^^^^^^^^^^^^^^^^^^^^^^^^^^^^
      |
      = note: this `Result` may be an `Err` variant, which should be handled
help: use `let _ = ...` to ignore the resulting value
      |
12308 |         let _ = game.refresh_continuous_state();
      |         +++++++

warning: unused `Result` that must be used
     --> crates/ironsmith-engine/src/events/processing/mod.rs:12310:9
      |
12310 |         game.refresh_continuous_state();
      |         ^^^^^^^^^^^^^^^^^^^^^^^^^^^^^^^
      |
      = note: this `Result` may be an `Err` variant, which should be handled
help: use `let _ = ...` to ignore the resulting value
      |
12310 |         let _ = game.refresh_continuous_state();
      |         +++++++

warning: unused `Result` that must be used
     --> crates/ironsmith-engine/src/events/processing/mod.rs:13775:9
      |
13775 |         game.refresh_continuous_state();
      |         ^^^^^^^^^^^^^^^^^^^^^^^^^^^^^^^
      |
      = note: this `Result` may be an `Err` variant, which should be handled
help: use `let _ = ...` to ignore the resulting value
      |
13775 |         let _ = game.refresh_continuous_state();
      |         +++++++

warning: unused `Result` that must be used
    --> crates/ironsmith-engine/src/filter/descriptions.rs:1532:13
     |
1532 |             game.refresh_continuous_state();
     |             ^^^^^^^^^^^^^^^^^^^^^^^^^^^^^^^
     |
     = note: this `Result` may be an `Err` variant, which should be handled
help: use `let _ = ...` to ignore the resulting value
     |
1532 |             let _ = game.refresh_continuous_state();
     |             +++++++

warning: unused `Result` that must be used
    --> crates/ironsmith-engine/src/game_loop/combat_damage.rs:3357:9
     |
3357 |         game.refresh_continuous_state();
     |         ^^^^^^^^^^^^^^^^^^^^^^^^^^^^^^^
     |
     = note: this `Result` may be an `Err` variant, which should be handled
help: use `let _ = ...` to ignore the resulting value
     |
3357 |         let _ = game.refresh_continuous_state();
     |         +++++++

warning: unused `Result` that must be used
    --> crates/ironsmith-engine/src/game_loop/combat_damage.rs:4180:9
     |
4180 |         game.refresh_continuous_state();
     |         ^^^^^^^^^^^^^^^^^^^^^^^^^^^^^^^
     |
     = note: this `Result` may be an `Err` variant, which should be handled
help: use `let _ = ...` to ignore the resulting value
     |
4180 |         let _ = game.refresh_continuous_state();
     |         +++++++

warning: unused `Result` that must be used
    --> crates/ironsmith-engine/src/game_loop/combat_decisions.rs:2489:13
     |
2489 |             game.refresh_continuous_state();
     |             ^^^^^^^^^^^^^^^^^^^^^^^^^^^^^^^
     |
     = note: this `Result` may be an `Err` variant, which should be handled
help: use `let _ = ...` to ignore the resulting value
     |
2489 |             let _ = game.refresh_continuous_state();
     |             +++++++

warning: unused `Result` that must be used
    --> crates/ironsmith-engine/src/game_loop/combat_decisions.rs:2547:9
     |
2547 |         game.refresh_continuous_state();
     |         ^^^^^^^^^^^^^^^^^^^^^^^^^^^^^^^
     |
     = note: this `Result` may be an `Err` variant, which should be handled
help: use `let _ = ...` to ignore the resulting value
     |
2547 |         let _ = game.refresh_continuous_state();
     |         +++++++

warning: unused `Result` that must be used
    --> crates/ironsmith-engine/src/game_loop/combat_decisions.rs:2668:9
     |
2668 |         game.refresh_continuous_state();
     |         ^^^^^^^^^^^^^^^^^^^^^^^^^^^^^^^
     |
     = note: this `Result` may be an `Err` variant, which should be handled
help: use `let _ = ...` to ignore the resulting value
     |
2668 |         let _ = game.refresh_continuous_state();
     |         +++++++

warning: unused `Result` that must be used
    --> crates/ironsmith-engine/src/game_loop/combat_decisions.rs:2798:9
     |
2798 |         game.refresh_continuous_state();
     |         ^^^^^^^^^^^^^^^^^^^^^^^^^^^^^^^
     |
     = note: this `Result` may be an `Err` variant, which should be handled
help: use `let _ = ...` to ignore the resulting value
     |
2798 |         let _ = game.refresh_continuous_state();
     |         +++++++

warning: unused `Result` that must be used
    --> crates/ironsmith-engine/src/game_loop/combat_decisions.rs:2849:9
     |
2849 |         game.refresh_continuous_state();
     |         ^^^^^^^^^^^^^^^^^^^^^^^^^^^^^^^
     |
     = note: this `Result` may be an `Err` variant, which should be handled
help: use `let _ = ...` to ignore the resulting value
     |
2849 |         let _ = game.refresh_continuous_state();
     |         +++++++

warning: unused `Result` that must be used
    --> crates/ironsmith-engine/src/game_loop/combat_decisions.rs:2894:9
     |
2894 |         game.refresh_continuous_state();
     |         ^^^^^^^^^^^^^^^^^^^^^^^^^^^^^^^
     |
     = note: this `Result` may be an `Err` variant, which should be handled
help: use `let _ = ...` to ignore the resulting value
     |
2894 |         let _ = game.refresh_continuous_state();
     |         +++++++

warning: unused `Result` that must be used
    --> crates/ironsmith-engine/src/game_loop/combat_decisions.rs:2943:9
     |
2943 |         game.refresh_continuous_state();
     |         ^^^^^^^^^^^^^^^^^^^^^^^^^^^^^^^
     |
     = note: this `Result` may be an `Err` variant, which should be handled
help: use `let _ = ...` to ignore the resulting value
     |
2943 |         let _ = game.refresh_continuous_state();
     |         +++++++

warning: unused `Result` that must be used
    --> crates/ironsmith-engine/src/game_loop/combat_decisions.rs:2997:9
     |
2997 |         game.refresh_continuous_state();
     |         ^^^^^^^^^^^^^^^^^^^^^^^^^^^^^^^
     |
     = note: this `Result` may be an `Err` variant, which should be handled
help: use `let _ = ...` to ignore the resulting value
     |
2997 |         let _ = game.refresh_continuous_state();
     |         +++++++

warning: unused `Result` that must be used
    --> crates/ironsmith-engine/src/game_loop/combat_decisions.rs:3039:9
     |
3039 |         game.refresh_continuous_state();
     |         ^^^^^^^^^^^^^^^^^^^^^^^^^^^^^^^
     |
     = note: this `Result` may be an `Err` variant, which should be handled
help: use `let _ = ...` to ignore the resulting value
     |
3039 |         let _ = game.refresh_continuous_state();
     |         +++++++

warning: unused `Result` that must be used
    --> crates/ironsmith-engine/src/game_loop/combat_decisions.rs:3109:13
     |
3109 |             game.refresh_continuous_state();
     |             ^^^^^^^^^^^^^^^^^^^^^^^^^^^^^^^
     |
     = note: this `Result` may be an `Err` variant, which should be handled
help: use `let _ = ...` to ignore the resulting value
     |
3109 |             let _ = game.refresh_continuous_state();
     |             +++++++

warning: unused `Result` that must be used
    --> crates/ironsmith-engine/src/game_loop/combat_decisions.rs:3164:9
     |
3164 |         game.refresh_continuous_state();
     |         ^^^^^^^^^^^^^^^^^^^^^^^^^^^^^^^
     |
     = note: this `Result` may be an `Err` variant, which should be handled
help: use `let _ = ...` to ignore the resulting value
     |
3164 |         let _ = game.refresh_continuous_state();
     |         +++++++

warning: unused `Result` that must be used
    --> crates/ironsmith-engine/src/game_loop/combat_decisions.rs:3257:13
     |
3257 |             game.refresh_continuous_state();
     |             ^^^^^^^^^^^^^^^^^^^^^^^^^^^^^^^
     |
     = note: this `Result` may be an `Err` variant, which should be handled
help: use `let _ = ...` to ignore the resulting value
     |
3257 |             let _ = game.refresh_continuous_state();
     |             +++++++

warning: unused `Result` that must be used
    --> crates/ironsmith-engine/src/game_loop/combat_decisions.rs:3301:9
     |
3301 |         game.refresh_continuous_state();
     |         ^^^^^^^^^^^^^^^^^^^^^^^^^^^^^^^
     |
     = note: this `Result` may be an `Err` variant, which should be handled
help: use `let _ = ...` to ignore the resulting value
     |
3301 |         let _ = game.refresh_continuous_state();
     |         +++++++

warning: unused `Result` that must be used
    --> crates/ironsmith-engine/src/game_loop/combat_decisions.rs:3352:9
     |
3352 |         game.refresh_continuous_state();
     |         ^^^^^^^^^^^^^^^^^^^^^^^^^^^^^^^
     |
     = note: this `Result` may be an `Err` variant, which should be handled
help: use `let _ = ...` to ignore the resulting value
     |
3352 |         let _ = game.refresh_continuous_state();
     |         +++++++

warning: unused `Result` that must be used
    --> crates/ironsmith-engine/src/game_loop/combat_decisions.rs:3444:9
     |
3444 |         game.refresh_continuous_state();
     |         ^^^^^^^^^^^^^^^^^^^^^^^^^^^^^^^
     |
     = note: this `Result` may be an `Err` variant, which should be handled
help: use `let _ = ...` to ignore the resulting value
     |
3444 |         let _ = game.refresh_continuous_state();
     |         +++++++

warning: unused `Result` that must be used
    --> crates/ironsmith-engine/src/game_loop/combat_decisions.rs:3497:9
     |
3497 |         game.refresh_continuous_state();
     |         ^^^^^^^^^^^^^^^^^^^^^^^^^^^^^^^
     |
     = note: this `Result` may be an `Err` variant, which should be handled
help: use `let _ = ...` to ignore the resulting value
     |
3497 |         let _ = game.refresh_continuous_state();
     |         +++++++

warning: unused `Result` that must be used
    --> crates/ironsmith-engine/src/game_loop/combat_decisions.rs:3553:9
     |
3553 |         game.refresh_continuous_state();
     |         ^^^^^^^^^^^^^^^^^^^^^^^^^^^^^^^
     |
     = note: this `Result` may be an `Err` variant, which should be handled
help: use `let _ = ...` to ignore the resulting value
     |
3553 |         let _ = game.refresh_continuous_state();
     |         +++++++

warning: unused `Result` that must be used
    --> crates/ironsmith-engine/src/game_loop/combat_decisions.rs:3639:9
     |
3639 |         game.refresh_continuous_state();
     |         ^^^^^^^^^^^^^^^^^^^^^^^^^^^^^^^
     |
     = note: this `Result` may be an `Err` variant, which should be handled
help: use `let _ = ...` to ignore the resulting value
     |
3639 |         let _ = game.refresh_continuous_state();
     |         +++++++

warning: unused `Result` that must be used
    --> crates/ironsmith-engine/src/game_loop/combat_decisions.rs:3712:9
     |
3712 |         game.refresh_continuous_state();
     |         ^^^^^^^^^^^^^^^^^^^^^^^^^^^^^^^
     |
     = note: this `Result` may be an `Err` variant, which should be handled
help: use `let _ = ...` to ignore the resulting value
     |
3712 |         let _ = game.refresh_continuous_state();
     |         +++++++

warning: unused `Result` that must be used
    --> crates/ironsmith-engine/src/game_loop/combat_decisions.rs:3803:9
     |
3803 |         game.refresh_continuous_state();
     |         ^^^^^^^^^^^^^^^^^^^^^^^^^^^^^^^
     |
     = note: this `Result` may be an `Err` variant, which should be handled
help: use `let _ = ...` to ignore the resulting value
     |
3803 |         let _ = game.refresh_continuous_state();
     |         +++++++

warning: unused `Result` that must be used
    --> crates/ironsmith-engine/src/game_loop/combat_decisions.rs:3861:9
     |
3861 |         game.refresh_continuous_state();
     |         ^^^^^^^^^^^^^^^^^^^^^^^^^^^^^^^
     |
     = note: this `Result` may be an `Err` variant, which should be handled
help: use `let _ = ...` to ignore the resulting value
     |
3861 |         let _ = game.refresh_continuous_state();
     |         +++++++

warning: unused `Result` that must be used
    --> crates/ironsmith-engine/src/game_loop/combat_decisions.rs:3953:9
     |
3953 |         game.refresh_continuous_state();
     |         ^^^^^^^^^^^^^^^^^^^^^^^^^^^^^^^
     |
     = note: this `Result` may be an `Err` variant, which should be handled
help: use `let _ = ...` to ignore the resulting value
     |
3953 |         let _ = game.refresh_continuous_state();
     |         +++++++

warning: unused `Result` that must be used
   --> crates/ironsmith-engine/src/game_loop/saga.rs:920:13
    |
920 |             game.refresh_continuous_state();
    |             ^^^^^^^^^^^^^^^^^^^^^^^^^^^^^^^
    |
    = note: this `Result` may be an `Err` variant, which should be handled
help: use `let _ = ...` to ignore the resulting value
    |
920 |             let _ = game.refresh_continuous_state();
    |             +++++++

warning: unused `Result` that must be used
   --> crates/ironsmith-engine/src/game_loop/turn_execution.rs:559:9
    |
559 |         game.refresh_continuous_state();
    |         ^^^^^^^^^^^^^^^^^^^^^^^^^^^^^^^
    |
    = note: this `Result` may be an `Err` variant, which should be handled
help: use `let _ = ...` to ignore the resulting value
    |
559 |         let _ = game.refresh_continuous_state();
    |         +++++++

warning: unused `Result` that must be used
   --> crates/ironsmith-engine/src/game_loop/turn_execution.rs:668:9
    |
668 |         game.refresh_continuous_state();
    |         ^^^^^^^^^^^^^^^^^^^^^^^^^^^^^^^
    |
    = note: this `Result` may be an `Err` variant, which should be handled
help: use `let _ = ...` to ignore the resulting value
    |
668 |         let _ = game.refresh_continuous_state();
    |         +++++++

warning: unused `Result` that must be used
   --> crates/ironsmith-engine/src/game_state/monarch.rs:141:9
    |
141 |         game.set_current_controller(borrowed, C);
    |         ^^^^^^^^^^^^^^^^^^^^^^^^^^^^^^^^^^^^^^^^
    |
    = note: this `Result` may be an `Err` variant, which should be handled
help: use `let _ = ...` to ignore the resulting value
    |
141 |         let _ = game.set_current_controller(borrowed, C);
    |         +++++++

warning: unused `Result` that must be used
    --> crates/ironsmith-engine/src/game_state/turns_and_tracking.rs:4490:9
     |
4490 |         game.refresh_continuous_state();
     |         ^^^^^^^^^^^^^^^^^^^^^^^^^^^^^^^
     |
     = note: this `Result` may be an `Err` variant, which should be handled
help: use `let _ = ...` to ignore the resulting value
     |
4490 |         let _ = game.refresh_continuous_state();
     |         +++++++

warning: unused `Result` that must be used
    --> crates/ironsmith-engine/src/game_state/turns_and_tracking.rs:4503:9
     |
4503 |         game.refresh_continuous_state();
     |         ^^^^^^^^^^^^^^^^^^^^^^^^^^^^^^^
     |
     = note: this `Result` may be an `Err` variant, which should be handled
help: use `let _ = ...` to ignore the resulting value
     |
4503 |         let _ = game.refresh_continuous_state();
     |         +++++++

warning: unused `Result` that must be used
    --> crates/ironsmith-engine/src/game_state/turns_and_tracking.rs:4531:9
     |
4531 |         game.refresh_continuous_state();
     |         ^^^^^^^^^^^^^^^^^^^^^^^^^^^^^^^
     |
     = note: this `Result` may be an `Err` variant, which should be handled
help: use `let _ = ...` to ignore the resulting value
     |
4531 |         let _ = game.refresh_continuous_state();
     |         +++++++

warning: unused `Result` that must be used
    --> crates/ironsmith-engine/src/game_state/turns_and_tracking.rs:4560:9
     |
4560 |         game.refresh_continuous_state();
     |         ^^^^^^^^^^^^^^^^^^^^^^^^^^^^^^^
     |
     = note: this `Result` may be an `Err` variant, which should be handled
help: use `let _ = ...` to ignore the resulting value
     |
4560 |         let _ = game.refresh_continuous_state();
     |         +++++++

warning: unused `Result` that must be used
   --> crates/ironsmith-engine/src/game_state/tests.rs:413:5
    |
413 |     game.refresh_continuous_state();
    |     ^^^^^^^^^^^^^^^^^^^^^^^^^^^^^^^
    |
    = note: this `Result` may be an `Err` variant, which should be handled
help: use `let _ = ...` to ignore the resulting value
    |
413 |     let _ = game.refresh_continuous_state();
    |     +++++++

warning: unused `Result` that must be used
   --> crates/ironsmith-engine/src/game_state/tests.rs:455:5
    |
455 |     game.refresh_continuous_state();
    |     ^^^^^^^^^^^^^^^^^^^^^^^^^^^^^^^
    |
    = note: this `Result` may be an `Err` variant, which should be handled
help: use `let _ = ...` to ignore the resulting value
    |
455 |     let _ = game.refresh_continuous_state();
    |     +++++++

warning: unused `Result` that must be used
   --> crates/ironsmith-engine/src/game_state/tests.rs:517:5
    |
517 |     game.refresh_continuous_state();
    |     ^^^^^^^^^^^^^^^^^^^^^^^^^^^^^^^
    |
    = note: this `Result` may be an `Err` variant, which should be handled
help: use `let _ = ...` to ignore the resulting value
    |
517 |     let _ = game.refresh_continuous_state();
    |     +++++++

warning: unused `Result` that must be used
   --> crates/ironsmith-engine/src/game_state/tests.rs:550:5
    |
550 |     game.refresh_continuous_state();
    |     ^^^^^^^^^^^^^^^^^^^^^^^^^^^^^^^
    |
    = note: this `Result` may be an `Err` variant, which should be handled
help: use `let _ = ...` to ignore the resulting value
    |
550 |     let _ = game.refresh_continuous_state();
    |     +++++++

warning: unused `Result` that must be used
   --> crates/ironsmith-engine/src/game_state/tests.rs:579:5
    |
579 |     game.refresh_continuous_state();
    |     ^^^^^^^^^^^^^^^^^^^^^^^^^^^^^^^
    |
    = note: this `Result` may be an `Err` variant, which should be handled
help: use `let _ = ...` to ignore the resulting value
    |
579 |     let _ = game.refresh_continuous_state();
    |     +++++++

warning: unused `Result` that must be used
   --> crates/ironsmith-engine/src/game_state/tests.rs:615:5
    |
615 |     game.refresh_continuous_state();
    |     ^^^^^^^^^^^^^^^^^^^^^^^^^^^^^^^
    |
    = note: this `Result` may be an `Err` variant, which should be handled
help: use `let _ = ...` to ignore the resulting value
    |
615 |     let _ = game.refresh_continuous_state();
    |     +++++++

warning: unused `Result` that must be used
   --> crates/ironsmith-engine/src/game_state/tests.rs:644:5
    |
644 |     game.refresh_continuous_state();
    |     ^^^^^^^^^^^^^^^^^^^^^^^^^^^^^^^
    |
    = note: this `Result` may be an `Err` variant, which should be handled
help: use `let _ = ...` to ignore the resulting value
    |
644 |     let _ = game.refresh_continuous_state();
    |     +++++++

warning: unused `Result` that must be used
   --> crates/ironsmith-engine/src/game_state/tests.rs:678:5
    |
678 |     game.refresh_continuous_state();
    |     ^^^^^^^^^^^^^^^^^^^^^^^^^^^^^^^
    |
    = note: this `Result` may be an `Err` variant, which should be handled
help: use `let _ = ...` to ignore the resulting value
    |
678 |     let _ = game.refresh_continuous_state();
    |     +++++++

warning: unused `Result` that must be used
   --> crates/ironsmith-engine/src/game_state/tests.rs:719:5
    |
719 |     game.refresh_continuous_state();
    |     ^^^^^^^^^^^^^^^^^^^^^^^^^^^^^^^
    |
    = note: this `Result` may be an `Err` variant, which should be handled
help: use `let _ = ...` to ignore the resulting value
    |
719 |     let _ = game.refresh_continuous_state();
    |     +++++++

warning: unused `Result` that must be used
    --> crates/ironsmith-engine/src/game_state/tests.rs:2286:5
     |
2286 |     game.refresh_continuous_state();
     |     ^^^^^^^^^^^^^^^^^^^^^^^^^^^^^^^
     |
     = note: this `Result` may be an `Err` variant, which should be handled
help: use `let _ = ...` to ignore the resulting value
     |
2286 |     let _ = game.refresh_continuous_state();
     |     +++++++

warning: unused `Result` that must be used
    --> crates/ironsmith-engine/src/game_state/tests.rs:2606:5
     |
2606 |     game.refresh_continuous_state();
     |     ^^^^^^^^^^^^^^^^^^^^^^^^^^^^^^^
     |
     = note: this `Result` may be an `Err` variant, which should be handled
help: use `let _ = ...` to ignore the resulting value
     |
2606 |     let _ = game.refresh_continuous_state();
     |     +++++++

warning: unused `Result` that must be used
    --> crates/ironsmith-engine/src/game_state/tests.rs:2644:5
     |
2644 |     game.refresh_continuous_state();
     |     ^^^^^^^^^^^^^^^^^^^^^^^^^^^^^^^
     |
     = note: this `Result` may be an `Err` variant, which should be handled
help: use `let _ = ...` to ignore the resulting value
     |
2644 |     let _ = game.refresh_continuous_state();
     |     +++++++

warning: unused `Result` that must be used
    --> crates/ironsmith-engine/src/grant_registry.rs:2879:9
     |
2879 |         game.refresh_continuous_state();
     |         ^^^^^^^^^^^^^^^^^^^^^^^^^^^^^^^
     |
     = note: this `Result` may be an `Err` variant, which should be handled
help: use `let _ = ...` to ignore the resulting value
     |
2879 |         let _ = game.refresh_continuous_state();
     |         +++++++

warning: unused `Result` that must be used
    --> crates/ironsmith-engine/src/grant_registry.rs:2884:9
     |
2884 |         game.refresh_continuous_state();
     |         ^^^^^^^^^^^^^^^^^^^^^^^^^^^^^^^
     |
     = note: this `Result` may be an `Err` variant, which should be handled
help: use `let _ = ...` to ignore the resulting value
     |
2884 |         let _ = game.refresh_continuous_state();
     |         +++++++

warning: unused `Result` that must be used
    --> crates/ironsmith-engine/src/mana_payment/planner.rs:6084:33
     |
6084 | ...                   game.refresh_continuous_state();
     |                       ^^^^^^^^^^^^^^^^^^^^^^^^^^^^^^^
     |
     = note: this `Result` may be an `Err` variant, which should be handled
help: use `let _ = ...` to ignore the resulting value
     |
6084 |                                 let _ = game.refresh_continuous_state();
     |                                 +++++++

warning: unused `Result` that must be used
    --> crates/ironsmith-engine/src/mana_payment/planner.rs:6157:13
     |
6157 |             game.refresh_continuous_state();
     |             ^^^^^^^^^^^^^^^^^^^^^^^^^^^^^^^
     |
     = note: this `Result` may be an `Err` variant, which should be handled
help: use `let _ = ...` to ignore the resulting value
     |
6157 |             let _ = game.refresh_continuous_state();
     |             +++++++

warning: unused `Result` that must be used
    --> crates/ironsmith-engine/src/mana_payment/planner.rs:6185:9
     |
6185 |         game.refresh_continuous_state();
     |         ^^^^^^^^^^^^^^^^^^^^^^^^^^^^^^^
     |
     = note: this `Result` may be an `Err` variant, which should be handled
help: use `let _ = ...` to ignore the resulting value
     |
6185 |         let _ = game.refresh_continuous_state();
     |         +++++++

warning: unused `Result` that must be used
    --> crates/ironsmith-engine/src/mana_payment/planner.rs:6221:9
     |
6221 |         game.refresh_continuous_state();
     |         ^^^^^^^^^^^^^^^^^^^^^^^^^^^^^^^
     |
     = note: this `Result` may be an `Err` variant, which should be handled
help: use `let _ = ...` to ignore the resulting value
     |
6221 |         let _ = game.refresh_continuous_state();
     |         +++++++

warning: unused `Result` that must be used
    --> crates/ironsmith-engine/src/mana_payment/planner.rs:6266:17
     |
6266 |                 game.refresh_continuous_state();
     |                 ^^^^^^^^^^^^^^^^^^^^^^^^^^^^^^^
     |
     = note: this `Result` may be an `Err` variant, which should be handled
help: use `let _ = ...` to ignore the resulting value
     |
6266 |                 let _ = game.refresh_continuous_state();
     |                 +++++++

warning: unused `Result` that must be used
    --> crates/ironsmith-engine/src/mana_payment/planner.rs:6518:9
     |
6518 |         game.refresh_continuous_state();
     |         ^^^^^^^^^^^^^^^^^^^^^^^^^^^^^^^
     |
     = note: this `Result` may be an `Err` variant, which should be handled
help: use `let _ = ...` to ignore the resulting value
     |
6518 |         let _ = game.refresh_continuous_state();
     |         +++++++

warning: unused `Result` that must be used
   --> crates/ironsmith-engine/src/replacement_ability_processor.rs:769:17
    |
769 |                 game.refresh_continuous_state();
    |                 ^^^^^^^^^^^^^^^^^^^^^^^^^^^^^^^
    |
    = note: this `Result` may be an `Err` variant, which should be handled
help: use `let _ = ...` to ignore the resulting value
    |
769 |                 let _ = game.refresh_continuous_state();
    |                 +++++++

warning: unused `Result` that must be used
   --> crates/ironsmith-engine/src/replacement_ability_processor.rs:908:17
    |
908 |                 game.refresh_continuous_state();
    |                 ^^^^^^^^^^^^^^^^^^^^^^^^^^^^^^^
    |
    = note: this `Result` may be an `Err` variant, which should be handled
help: use `let _ = ...` to ignore the resulting value
    |
908 |                 let _ = game.refresh_continuous_state();
    |                 +++++++

warning: unused `Result` that must be used
    --> crates/ironsmith-engine/src/replacement_ability_processor.rs:1015:9
     |
1015 |         game.refresh_continuous_state();
     |         ^^^^^^^^^^^^^^^^^^^^^^^^^^^^^^^
     |
     = note: this `Result` may be an `Err` variant, which should be handled
help: use `let _ = ...` to ignore the resulting value
     |
1015 |         let _ = game.refresh_continuous_state();
     |         +++++++

warning: unused `Result` that must be used
    --> crates/ironsmith-engine/src/replacement_ability_processor.rs:1170:21
     |
1170 |                     game.refresh_continuous_state();
     |                     ^^^^^^^^^^^^^^^^^^^^^^^^^^^^^^^
     |
     = note: this `Result` may be an `Err` variant, which should be handled
help: use `let _ = ...` to ignore the resulting value
     |
1170 |                     let _ = game.refresh_continuous_state();
     |                     +++++++

warning: unused `Result` that must be used
    --> crates/ironsmith-engine/src/replacement_ability_processor.rs:1222:17
     |
1222 |                 game.refresh_continuous_state();
     |                 ^^^^^^^^^^^^^^^^^^^^^^^^^^^^^^^
     |
     = note: this `Result` may be an `Err` variant, which should be handled
help: use `let _ = ...` to ignore the resulting value
     |
1222 |                 let _ = game.refresh_continuous_state();
     |                 +++++++

warning: unused `Result` that must be used
    --> crates/ironsmith-engine/src/replacement_ability_processor.rs:1354:17
     |
1354 |                 game.refresh_continuous_state();
     |                 ^^^^^^^^^^^^^^^^^^^^^^^^^^^^^^^
     |
     = note: this `Result` may be an `Err` variant, which should be handled
help: use `let _ = ...` to ignore the resulting value
     |
1354 |                 let _ = game.refresh_continuous_state();
     |                 +++++++

warning: unused `Result` that must be used
    --> crates/ironsmith-engine/src/replacement_ability_processor.rs:1381:13
     |
1381 |             game.refresh_continuous_state();
     |             ^^^^^^^^^^^^^^^^^^^^^^^^^^^^^^^
     |
     = note: this `Result` may be an `Err` variant, which should be handled
help: use `let _ = ...` to ignore the resulting value
     |
1381 |             let _ = game.refresh_continuous_state();
     |             +++++++

warning: unused `Result` that must be used
    --> crates/ironsmith-engine/src/replacement_ability_processor.rs:1401:17
     |
1401 |                 game.refresh_continuous_state();
     |                 ^^^^^^^^^^^^^^^^^^^^^^^^^^^^^^^
     |
     = note: this `Result` may be an `Err` variant, which should be handled
help: use `let _ = ...` to ignore the resulting value
     |
1401 |                 let _ = game.refresh_continuous_state();
     |                 +++++++

warning: unused `Result` that must be used
    --> crates/ironsmith-engine/src/replacement_ability_processor.rs:1423:17
     |
1423 |                 game.refresh_continuous_state();
     |                 ^^^^^^^^^^^^^^^^^^^^^^^^^^^^^^^
     |
     = note: this `Result` may be an `Err` variant, which should be handled
help: use `let _ = ...` to ignore the resulting value
     |
1423 |                 let _ = game.refresh_continuous_state();
     |                 +++++++

warning: unused `Result` that must be used
    --> crates/ironsmith-engine/src/rules/state_based.rs:3314:9
     |
3314 |         game.refresh_continuous_state();
     |         ^^^^^^^^^^^^^^^^^^^^^^^^^^^^^^^
     |
     = note: this `Result` may be an `Err` variant, which should be handled
help: use `let _ = ...` to ignore the resulting value
     |
3314 |         let _ = game.refresh_continuous_state();
     |         +++++++

warning: unused `Result` that must be used
    --> crates/ironsmith-engine/src/rules/state_based.rs:3372:9
     |
3372 |         game.refresh_continuous_state();
     |         ^^^^^^^^^^^^^^^^^^^^^^^^^^^^^^^
     |
     = note: this `Result` may be an `Err` variant, which should be handled
help: use `let _ = ...` to ignore the resulting value
     |
3372 |         let _ = game.refresh_continuous_state();
     |         +++++++

warning: unused `Result` that must be used
    --> crates/ironsmith-engine/src/rules/state_based.rs:3424:9
     |
3424 |         game.refresh_continuous_state();
     |         ^^^^^^^^^^^^^^^^^^^^^^^^^^^^^^^
     |
     = note: this `Result` may be an `Err` variant, which should be handled
help: use `let _ = ...` to ignore the resulting value
     |
3424 |         let _ = game.refresh_continuous_state();
     |         +++++++

warning: unused `Result` that must be used
    --> crates/ironsmith-engine/src/rules/state_based.rs:3633:9
     |
3633 |         game.refresh_continuous_state();
     |         ^^^^^^^^^^^^^^^^^^^^^^^^^^^^^^^
     |
     = note: this `Result` may be an `Err` variant, which should be handled
help: use `let _ = ...` to ignore the resulting value
     |
3633 |         let _ = game.refresh_continuous_state();
     |         +++++++

warning: unused `Result` that must be used
    --> crates/ironsmith-engine/src/rules/state_based.rs:3637:9
     |
3637 |         apply_legend_rule_choice_from_group(&mut game, legends[0], &legends);
     |         ^^^^^^^^^^^^^^^^^^^^^^^^^^^^^^^^^^^^^^^^^^^^^^^^^^^^^^^^^^^^^^^^^^^^
     |
     = note: this `Result` may be an `Err` variant, which should be handled
help: use `let _ = ...` to ignore the resulting value
     |
3637 |         let _ = apply_legend_rule_choice_from_group(&mut game, legends[0], &legends);
     |         +++++++

warning: unused `Result` that must be used
    --> crates/ironsmith-engine/src/rules/state_based.rs:3683:9
     |
3683 |         game.refresh_continuous_state();
     |         ^^^^^^^^^^^^^^^^^^^^^^^^^^^^^^^
     |
     = note: this `Result` may be an `Err` variant, which should be handled
help: use `let _ = ...` to ignore the resulting value
     |
3683 |         let _ = game.refresh_continuous_state();
     |         +++++++

warning: unused `Result` that must be used
    --> crates/ironsmith-engine/src/rules/state_based.rs:3688:9
     |
3688 |         apply_legend_rule_choice_from_group(&mut game, legends[0], &supplied_group);
     |         ^^^^^^^^^^^^^^^^^^^^^^^^^^^^^^^^^^^^^^^^^^^^^^^^^^^^^^^^^^^^^^^^^^^^^^^^^^^
     |
     = note: this `Result` may be an `Err` variant, which should be handled
help: use `let _ = ...` to ignore the resulting value
     |
3688 |         let _ = apply_legend_rule_choice_from_group(&mut game, legends[0], &supplied_group);
     |         +++++++

warning: unused `Result` that must be used
    --> crates/ironsmith-engine/src/rules/state_based.rs:3758:9
     |
3758 |         game.refresh_continuous_state();
     |         ^^^^^^^^^^^^^^^^^^^^^^^^^^^^^^^
     |
     = note: this `Result` may be an `Err` variant, which should be handled
help: use `let _ = ...` to ignore the resulting value
     |
3758 |         let _ = game.refresh_continuous_state();
     |         +++++++

warning: unused `Result` that must be used
    --> crates/ironsmith-engine/src/rules/state_based.rs:3760:9
     |
3760 |         apply_legend_rule_choice_from_group(&mut game, legends[0], &legends);
     |         ^^^^^^^^^^^^^^^^^^^^^^^^^^^^^^^^^^^^^^^^^^^^^^^^^^^^^^^^^^^^^^^^^^^^
     |
     = note: this `Result` may be an `Err` variant, which should be handled
help: use `let _ = ...` to ignore the resulting value
     |
3760 |         let _ = apply_legend_rule_choice_from_group(&mut game, legends[0], &legends);
     |         +++++++

warning: unused `Result` that must be used
    --> crates/ironsmith-engine/src/rules/state_based.rs:5110:17
     |
5110 | /                 apply_legend_rule_choice_from_group_with_decision_maker(
5111 | |                     game, legends[0], &legends, dm,
5112 | |                 );
     | |_________________^
     |
     = note: this `Result` may be an `Err` variant, which should be handled
help: use `let _ = ...` to ignore the resulting value
     |
5110 |                 let _ = apply_legend_rule_choice_from_group_with_decision_maker(
     |                 +++++++

warning: unused `processing::TraitEventResult` that must be used
  --> crates/ironsmith-engine/src/snapshot/checked_capture_tests.rs:93:17
   |
93 | ...   crate::events::processing::process_zone_change_full(game, self.target, Zone::Battlefield, Zone::Graveyard, ctx.cause.clone())?;
   |       ^^^^^^^^^^^^^^^^^^^^^^^^^^^^^^^^^^^^^^^^^^^^^^^^^^^^^^^^^^^^^^^^^^^^^^^^^^^^^^^^^^^^^^^^^^^^^^^^^^^^^^^^^^^^^^^^^^^^^^^^^^^^^^
   |
   = note: retain the resolved event, replacement actions and pending continuation
help: use `let _ = ...` to ignore the resulting value
   |
93 |                 let _ = crate::events::processing::process_zone_change_full(game, self.target, Zone::Battlefield, Zone::Graveyard, ctx.cause.clone())?;
   |                 +++++++

warning: unused `Result` that must be used
    --> crates/ironsmith-engine/src/static_abilities/combat.rs:3116:13
     |
3116 |             game.refresh_continuous_state();
     |             ^^^^^^^^^^^^^^^^^^^^^^^^^^^^^^^
     |
     = note: this `Result` may be an `Err` variant, which should be handled
help: use `let _ = ...` to ignore the resulting value
     |
3116 |             let _ = game.refresh_continuous_state();
     |             +++++++

warning: unused `Result` that must be used
    --> crates/ironsmith-engine/src/static_ability_processor.rs:1099:13
     |
1099 |             game.refresh_continuous_state();
     |             ^^^^^^^^^^^^^^^^^^^^^^^^^^^^^^^
     |
     = note: this `Result` may be an `Err` variant, which should be handled
help: use `let _ = ...` to ignore the resulting value
     |
1099 |             let _ = game.refresh_continuous_state();
     |             +++++++

warning: unused `Result` that must be used
    --> crates/ironsmith-engine/src/static_ability_processor.rs:1111:13
     |
1111 |             game.refresh_continuous_state();
     |             ^^^^^^^^^^^^^^^^^^^^^^^^^^^^^^^
     |
     = note: this `Result` may be an `Err` variant, which should be handled
help: use `let _ = ...` to ignore the resulting value
     |
1111 |             let _ = game.refresh_continuous_state();
     |             +++++++

warning: unused `Result` that must be used
    --> crates/ironsmith-engine/src/static_ability_processor.rs:1268:36
     |
1268 |                     if refreshed { game.refresh_continuous_state(); }
     |                                    ^^^^^^^^^^^^^^^^^^^^^^^^^^^^^^^
     |
     = note: this `Result` may be an `Err` variant, which should be handled
help: use `let _ = ...` to ignore the resulting value
     |
1268 |                     if refreshed { let _ = game.refresh_continuous_state(); }
     |                                    +++++++

warning: unused `Result` that must be used
    --> crates/ironsmith-engine/src/static_ability_processor.rs:1295:9
     |
1295 |         game.refresh_continuous_state();
     |         ^^^^^^^^^^^^^^^^^^^^^^^^^^^^^^^
     |
     = note: this `Result` may be an `Err` variant, which should be handled
help: use `let _ = ...` to ignore the resulting value
     |
1295 |         let _ = game.refresh_continuous_state();
     |         +++++++

warning: unused `Result` that must be used
    --> crates/ironsmith-engine/src/static_ability_processor.rs:1320:32
     |
1320 |                 if refreshed { game.refresh_continuous_state(); }
     |                                ^^^^^^^^^^^^^^^^^^^^^^^^^^^^^^^
     |
     = note: this `Result` may be an `Err` variant, which should be handled
help: use `let _ = ...` to ignore the resulting value
     |
1320 |                 if refreshed { let _ = game.refresh_continuous_state(); }
     |                                +++++++

warning: unused `Result` that must be used
    --> crates/ironsmith-engine/src/static_ability_processor.rs:1355:9
     |
1355 |         game.refresh_continuous_state();
     |         ^^^^^^^^^^^^^^^^^^^^^^^^^^^^^^^
     |
     = note: this `Result` may be an `Err` variant, which should be handled
help: use `let _ = ...` to ignore the resulting value
     |
1355 |         let _ = game.refresh_continuous_state();
     |         +++++++

warning: unused `Result` that must be used
    --> crates/ironsmith-engine/src/targeting/computation.rs:2057:9
     |
2057 |         game.refresh_continuous_state();
     |         ^^^^^^^^^^^^^^^^^^^^^^^^^^^^^^^
     |
     = note: this `Result` may be an `Err` variant, which should be handled
help: use `let _ = ...` to ignore the resulting value
     |
2057 |         let _ = game.refresh_continuous_state();
     |         +++++++

warning: unused `Result` that must be used
    --> crates/ironsmith-engine/src/triggers/check.rs:5080:9
     |
5080 |         game.refresh_continuous_state();
     |         ^^^^^^^^^^^^^^^^^^^^^^^^^^^^^^^
     |
     = note: this `Result` may be an `Err` variant, which should be handled
help: use `let _ = ...` to ignore the resulting value
     |
5080 |         let _ = game.refresh_continuous_state();
     |         +++++++

warning: unused `Result` that must be used
    --> crates/ironsmith-engine/src/triggers/check.rs:5121:9
     |
5121 |         game.refresh_continuous_state();
     |         ^^^^^^^^^^^^^^^^^^^^^^^^^^^^^^^
     |
     = note: this `Result` may be an `Err` variant, which should be handled
help: use `let _ = ...` to ignore the resulting value
     |
5121 |         let _ = game.refresh_continuous_state();
     |         +++++++

warning: unused `Result` that must be used
    --> crates/ironsmith-engine/src/triggers/check.rs:5130:9
     |
5130 |         game.refresh_continuous_state();
     |         ^^^^^^^^^^^^^^^^^^^^^^^^^^^^^^^
     |
     = note: this `Result` may be an `Err` variant, which should be handled
help: use `let _ = ...` to ignore the resulting value
     |
5130 |         let _ = game.refresh_continuous_state();
     |         +++++++

warning: unused `Result` that must be used
    --> crates/ironsmith-engine/src/triggers/check.rs:5150:9
     |
5150 |         game.refresh_continuous_state();
     |         ^^^^^^^^^^^^^^^^^^^^^^^^^^^^^^^
     |
     = note: this `Result` may be an `Err` variant, which should be handled
help: use `let _ = ...` to ignore the resulting value
     |
5150 |         let _ = game.refresh_continuous_state();
     |         +++++++

warning: unused `Result` that must be used
    --> crates/ironsmith-engine/src/triggers/check.rs:5173:9
     |
5173 |         game.refresh_continuous_state();
     |         ^^^^^^^^^^^^^^^^^^^^^^^^^^^^^^^
     |
     = note: this `Result` may be an `Err` variant, which should be handled
help: use `let _ = ...` to ignore the resulting value
     |
5173 |         let _ = game.refresh_continuous_state();
     |         +++++++

warning: unused `Result` that must be used
    --> crates/ironsmith-engine/src/triggers/check.rs:5261:9
     |
5261 |         game.refresh_continuous_state();
     |         ^^^^^^^^^^^^^^^^^^^^^^^^^^^^^^^
     |
     = note: this `Result` may be an `Err` variant, which should be handled
help: use `let _ = ...` to ignore the resulting value
     |
5261 |         let _ = game.refresh_continuous_state();
     |         +++++++

warning: unused `Result` that must be used
    --> crates/ironsmith-engine/src/triggers/check.rs:5785:9
     |
5785 |         game.refresh_continuous_state();
     |         ^^^^^^^^^^^^^^^^^^^^^^^^^^^^^^^
     |
     = note: this `Result` may be an `Err` variant, which should be handled
help: use `let _ = ...` to ignore the resulting value
     |
5785 |         let _ = game.refresh_continuous_state();
     |         +++++++

warning: unused `Result` that must be used
    --> crates/ironsmith-engine/src/triggers/check.rs:6123:9
     |
6123 |         game.refresh_continuous_state();
     |         ^^^^^^^^^^^^^^^^^^^^^^^^^^^^^^^
     |
     = note: this `Result` may be an `Err` variant, which should be handled
help: use `let _ = ...` to ignore the resulting value
     |
6123 |         let _ = game.refresh_continuous_state();
     |         +++++++

warning: unused `Result` that must be used
    --> crates/ironsmith-engine/src/triggers/check.rs:6546:9
     |
6546 |         game.refresh_continuous_state();
     |         ^^^^^^^^^^^^^^^^^^^^^^^^^^^^^^^
     |
     = note: this `Result` may be an `Err` variant, which should be handled
help: use `let _ = ...` to ignore the resulting value
     |
6546 |         let _ = game.refresh_continuous_state();
     |         +++++++

warning: unused `Result` that must be used
    --> crates/ironsmith-engine/src/triggers/check.rs:6694:9
     |
6694 |         game.refresh_continuous_state();
     |         ^^^^^^^^^^^^^^^^^^^^^^^^^^^^^^^
     |
     = note: this `Result` may be an `Err` variant, which should be handled
help: use `let _ = ...` to ignore the resulting value
     |
6694 |         let _ = game.refresh_continuous_state();
     |         +++++++

warning: unused `Result` that must be used
    --> crates/ironsmith-engine/src/triggers/check.rs:6729:9
     |
6729 |         game.refresh_continuous_state();
     |         ^^^^^^^^^^^^^^^^^^^^^^^^^^^^^^^
     |
     = note: this `Result` may be an `Err` variant, which should be handled
help: use `let _ = ...` to ignore the resulting value
     |
6729 |         let _ = game.refresh_continuous_state();
     |         +++++++

warning: unused `Result` that must be used
    --> crates/ironsmith-engine/src/triggers/check.rs:6755:9
     |
6755 |         game.refresh_continuous_state();
     |         ^^^^^^^^^^^^^^^^^^^^^^^^^^^^^^^
     |
     = note: this `Result` may be an `Err` variant, which should be handled
help: use `let _ = ...` to ignore the resulting value
     |
6755 |         let _ = game.refresh_continuous_state();
     |         +++++++

warning: unused `Result` that must be used
    --> crates/ironsmith-engine/src/triggers/check.rs:6775:9
     |
6775 |         game.refresh_continuous_state();
     |         ^^^^^^^^^^^^^^^^^^^^^^^^^^^^^^^
     |
     = note: this `Result` may be an `Err` variant, which should be handled
help: use `let _ = ...` to ignore the resulting value
     |
6775 |         let _ = game.refresh_continuous_state();
     |         +++++++

warning: unused `Result` that must be used
   --> crates/ironsmith-engine/src/triggers/combat/becomes_blocked.rs:116:9
    |
116 |         game.set_current_controller(attacker, b);
    |         ^^^^^^^^^^^^^^^^^^^^^^^^^^^^^^^^^^^^^^^^
    |
    = note: this `Result` may be an `Err` variant, which should be handled
help: use `let _ = ...` to ignore the resulting value
    |
116 |         let _ = game.set_current_controller(attacker, b);
    |         +++++++

warning: unused `Result` that must be used
   --> crates/ironsmith-engine/src/triggers/spell_ability/tap_for_mana.rs:238:9
    |
238 |         game.refresh_continuous_state();
    |         ^^^^^^^^^^^^^^^^^^^^^^^^^^^^^^^
    |
    = note: this `Result` may be an `Err` variant, which should be handled
help: use `let _ = ...` to ignore the resulting value
    |
238 |         let _ = game.refresh_continuous_state();
    |         +++++++

warning: unused `Result` that must be used
    --> crates/ironsmith-engine/src/turn.rs:1651:9
     |
1651 |         game.refresh_continuous_state();
     |         ^^^^^^^^^^^^^^^^^^^^^^^^^^^^^^^
     |
     = note: this `Result` may be an `Err` variant, which should be handled
help: use `let _ = ...` to ignore the resulting value
     |
1651 |         let _ = game.refresh_continuous_state();
     |         +++++++

warning: unused `Result` that must be used
    --> crates/ironsmith-engine/src/turn.rs:1946:9
     |
1946 |         game.refresh_continuous_state();
     |         ^^^^^^^^^^^^^^^^^^^^^^^^^^^^^^^
     |
     = note: this `Result` may be an `Err` variant, which should be handled
help: use `let _ = ...` to ignore the resulting value
     |
1946 |         let _ = game.refresh_continuous_state();
     |         +++++++

warning: unused `Result` that must be used
    --> crates/ironsmith-engine/src/turn.rs:1949:9
     |
1949 |         game.refresh_continuous_state();
     |         ^^^^^^^^^^^^^^^^^^^^^^^^^^^^^^^
     |
     = note: this `Result` may be an `Err` variant, which should be handled
help: use `let _ = ...` to ignore the resulting value
     |
1949 |         let _ = game.refresh_continuous_state();
     |         +++++++

warning: unused `Result` that must be used
    --> crates/ironsmith-engine/src/turn_runner.rs:4829:9
     |
4829 |         game.refresh_continuous_state();
     |         ^^^^^^^^^^^^^^^^^^^^^^^^^^^^^^^
     |
     = note: this `Result` may be an `Err` variant, which should be handled
help: use `let _ = ...` to ignore the resulting value
     |
4829 |         let _ = game.refresh_continuous_state();
     |         +++++++

warning: unused `Result` that must be used
    --> crates/ironsmith-engine/src/turn_runner.rs:5056:13
     |
5056 |             game.refresh_continuous_state();
     |             ^^^^^^^^^^^^^^^^^^^^^^^^^^^^^^^
     |
     = note: this `Result` may be an `Err` variant, which should be handled
help: use `let _ = ...` to ignore the resulting value
     |
5056 |             let _ = game.refresh_continuous_state();
     |             +++++++

warning: unused `Result` that must be used
    --> crates/ironsmith-engine/src/turn_runner.rs:5159:13
     |
5159 |             game.refresh_continuous_state();
     |             ^^^^^^^^^^^^^^^^^^^^^^^^^^^^^^^
     |
     = note: this `Result` may be an `Err` variant, which should be handled
help: use `let _ = ...` to ignore the resulting value
     |
5159 |             let _ = game.refresh_continuous_state();
     |             +++++++

warning: unused `Result` that must be used
    --> crates/ironsmith-engine/src/turn_runner.rs:5258:9
     |
5258 |         game.refresh_continuous_state();
     |         ^^^^^^^^^^^^^^^^^^^^^^^^^^^^^^^
     |
     = note: this `Result` may be an `Err` variant, which should be handled
help: use `let _ = ...` to ignore the resulting value
     |
5258 |         let _ = game.refresh_continuous_state();
     |         +++++++

warning: unused `Result` that must be used
    --> crates/ironsmith-engine/src/turn_runner.rs:5327:9
     |
5327 |         game.refresh_continuous_state();
     |         ^^^^^^^^^^^^^^^^^^^^^^^^^^^^^^^
     |
     = note: this `Result` may be an `Err` variant, which should be handled
help: use `let _ = ...` to ignore the resulting value
     |
5327 |         let _ = game.refresh_continuous_state();
     |         +++++++

warning: unused `Result` that must be used
    --> crates/ironsmith-engine/src/turn_runner.rs:5393:9
     |
5393 |         game.refresh_continuous_state();
     |         ^^^^^^^^^^^^^^^^^^^^^^^^^^^^^^^
     |
     = note: this `Result` may be an `Err` variant, which should be handled
help: use `let _ = ...` to ignore the resulting value
     |
5393 |         let _ = game.refresh_continuous_state();
     |         +++++++

warning: unused `Result` that must be used
    --> crates/ironsmith-engine/src/turn_runner.rs:5838:9
     |
5838 |         game.refresh_continuous_state();
     |         ^^^^^^^^^^^^^^^^^^^^^^^^^^^^^^^
     |
     = note: this `Result` may be an `Err` variant, which should be handled
help: use `let _ = ...` to ignore the resulting value
     |
5838 |         let _ = game.refresh_continuous_state();
     |         +++++++

warning: unused `Result` that must be used
   --> crates/ironsmith-engine/src/turn_runner_draw_choice_tests.rs:140:5
    |
140 |     game.refresh_continuous_state();
    |     ^^^^^^^^^^^^^^^^^^^^^^^^^^^^^^^
    |
    = note: this `Result` may be an `Err` variant, which should be handled
help: use `let _ = ...` to ignore the resulting value
    |
140 |     let _ = game.refresh_continuous_state();
    |     +++++++

warning: unused `Result` that must be used
  --> crates/ironsmith-engine/src/tests/integration_tests.rs:94:5
   |
94 |     game.empty_mana_pools();
   |     ^^^^^^^^^^^^^^^^^^^^^^^
   |
   = note: this `Result` may be an `Err` variant, which should be handled
help: use `let _ = ...` to ignore the resulting value
   |
94 |     let _ = game.empty_mana_pools();
   |     +++++++

warning: unused `Result` that must be used
  --> crates/ironsmith-engine/src/tests/integration_tests.rs:99:5
   |
99 |     game.empty_mana_pools();
   |     ^^^^^^^^^^^^^^^^^^^^^^^
   |
   = note: this `Result` may be an `Err` variant, which should be handled
help: use `let _ = ...` to ignore the resulting value
   |
99 |     let _ = game.empty_mana_pools();
   |     +++++++

warning: unused `Result` that must be used
   --> crates/ironsmith-engine/src/tests/integration_tests.rs:105:5
    |
105 |     game.empty_mana_pools();
    |     ^^^^^^^^^^^^^^^^^^^^^^^
    |
    = note: this `Result` may be an `Err` variant, which should be handled
help: use `let _ = ...` to ignore the resulting value
    |
105 |     let _ = game.empty_mana_pools();
    |     +++++++

warning: unused `Result` that must be used
   --> crates/ironsmith-engine/src/tests/integration_tests.rs:112:5
    |
112 |     game.empty_mana_pools();
    |     ^^^^^^^^^^^^^^^^^^^^^^^
    |
    = note: this `Result` may be an `Err` variant, which should be handled
help: use `let _ = ...` to ignore the resulting value
    |
112 |     let _ = game.empty_mana_pools();
    |     +++++++

warning: unused `Result` that must be used
   --> crates/ironsmith-engine/src/tests/integration_tests.rs:119:5
    |
119 |     game.empty_mana_pools();
    |     ^^^^^^^^^^^^^^^^^^^^^^^
    |
    = note: this `Result` may be an `Err` variant, which should be handled
help: use `let _ = ...` to ignore the resulting value
    |
119 |     let _ = game.empty_mana_pools();
    |     +++++++

warning: unused `Result` that must be used
   --> crates/ironsmith-engine/src/tests/integration_tests.rs:145:5
    |
145 |     game.empty_mana_pools();
    |     ^^^^^^^^^^^^^^^^^^^^^^^
    |
    = note: this `Result` may be an `Err` variant, which should be handled
help: use `let _ = ...` to ignore the resulting value
    |
145 |     let _ = game.empty_mana_pools();
    |     +++++++

warning: unused `Result` that must be used
   --> crates/ironsmith-engine/src/tests/integration_tests.rs:188:9
    |
188 |         game.empty_mana_pools();
    |         ^^^^^^^^^^^^^^^^^^^^^^^
    |
    = note: this `Result` may be an `Err` variant, which should be handled
help: use `let _ = ...` to ignore the resulting value
    |
188 |         let _ = game.empty_mana_pools();
    |         +++++++

warning: unused `Result` that must be used
   --> crates/ironsmith-engine/src/tests/integration_tests.rs:195:9
    |
195 |         game.empty_mana_pools();
    |         ^^^^^^^^^^^^^^^^^^^^^^^
    |
    = note: this `Result` may be an `Err` variant, which should be handled
help: use `let _ = ...` to ignore the resulting value
    |
195 |         let _ = game.empty_mana_pools();
    |         +++++++

warning: unused `Result` that must be used
   --> crates/ironsmith-engine/src/tests/integration_tests.rs:203:5
    |
203 |     game.empty_mana_pools();
    |     ^^^^^^^^^^^^^^^^^^^^^^^
    |
    = note: this `Result` may be an `Err` variant, which should be handled
help: use `let _ = ...` to ignore the resulting value
    |
203 |     let _ = game.empty_mana_pools();
    |     +++++++

warning: unused `Result` that must be used
   --> crates/ironsmith-engine/src/tests/integration_tests.rs:210:5
    |
210 |     game.empty_mana_pools();
    |     ^^^^^^^^^^^^^^^^^^^^^^^
    |
    = note: this `Result` may be an `Err` variant, which should be handled
help: use `let _ = ...` to ignore the resulting value
    |
210 |     let _ = game.empty_mana_pools();
    |     +++++++

warning: unused `Result` that must be used
   --> crates/ironsmith-engine/src/tests/integration_tests.rs:217:5
    |
217 |     game.empty_mana_pools();
    |     ^^^^^^^^^^^^^^^^^^^^^^^
    |
    = note: this `Result` may be an `Err` variant, which should be handled
help: use `let _ = ...` to ignore the resulting value
    |
217 |     let _ = game.empty_mana_pools();
    |     +++++++

warning: `ironsmith-engine` (lib test) generated 307 warnings (112 duplicates) (run `cargo fix --lib -p ironsmith-engine --tests` to apply 19 suggestions)
warning: unused `Result` that must be used
   --> crates/ironsmith-engine/tests/u075_two_headed_giant.rs:228:5
    |
228 |     game.refresh_continuous_state();
    |     ^^^^^^^^^^^^^^^^^^^^^^^^^^^^^^^
    |
    = note: this `Result` may be an `Err` variant, which should be handled
    = note: `#[warn(unused_must_use)]` on by default
help: use `let _ = ...` to ignore the resulting value
    |
228 |     let _ = game.refresh_continuous_state();
    |     +++++++

warning: unused `Result` that must be used
   --> crates/ironsmith-engine/tests/u075_two_headed_giant.rs:320:5
    |
320 |     game.refresh_continuous_state();
    |     ^^^^^^^^^^^^^^^^^^^^^^^^^^^^^^^
    |
    = note: this `Result` may be an `Err` variant, which should be handled
help: use `let _ = ...` to ignore the resulting value
    |
320 |     let _ = game.refresh_continuous_state();
    |     +++++++

warning: `ironsmith-engine` (test "u075_two_headed_giant") generated 2 warnings
warning: unused import: `TagKey`
    --> crates/ironsmith-compiler-resolve/src/effect_ast_normalization.rs:3253:67
     |
3253 |         EffectAst, PlayerAst, PredicateAst, SubjectVerbActionAst, TagKey, TargetAst,
     |                                                                   ^^^^^^
     |
     = note: `#[warn(unused_imports)]` on by default

warning: `ironsmith-compiler-resolve` (lib test) generated 1 warning (run `cargo fix --lib -p ironsmith-compiler-resolve --tests` to apply 1 suggestion)
warning: `ironsmith-compiler-semantic` (lib test) generated 2 warnings (2 duplicates)
warning: `ironsmith-artifact-effect-decoder` (lib test) generated 2 warnings (2 duplicates)
warning: `ironsmith-compiler-ast` (lib test) generated 1 warning (1 duplicate)
warning: `ironsmith-compiler-grammar` (lib test) generated 9 warnings (9 duplicates)
    Finished `dev` profile [unoptimized + debuginfo] target(s) in 1m 49s
